{
  "RECORDS": [
    {
      "level": 1,
      "dec": "感谢玩家爸爸送出的一次广告！就俩房间，门对门连起来！"
    },
    {
      "level": 2,
      "dec": "水壶可以浇灭危险的火堆。"
    },
    {
      "level": 3,
      "dec": "有危险！先把这条恶狗关到紫色的房间里！"
    },
    {
      "level": 4,
      "dec": "带个项链吸引王子过来！"
    },
    {
      "level": 5,
      "dec": "妹妹太坏了，要获得加速道具比她走得快才行。"
    },
    {
      "level": 6,
      "dec": "吃饱了鸡腿就不再吃后妈的苹果啦！"
    },
    {
      "level": 7,
      "dec": "拿起武器打跑恶狗吧！"
    },
    {
      "level": 8,
      "dec": "让狗狗去狗屋里休息就可以躲开它了~"
    },
    {
      "level": 9,
      "dec": "还是把恶狗都关进紫色的房间~"
    },
    {
      "level": 10,
      "dec": "赶在猴子吃完香蕉前解救小王子！当然还要甩开妹妹！"
    },
    {
      "level": 11,
      "dec": "使用带梯子的房间可以从地板直通房顶。"
    },
    {
      "level": 12,
      "dec": "把狗骗去吃狗粮就好啦！"
    },
    {
      "level": 13,
      "dec": "王子并不怕恶狗！"
    },
    {
      "level": 14,
      "dec": "要在公主走近恶狗前让她走进王子的房间。"
    },
    {
      "level": 15,
      "dec": "引开上面的恶狗，拿到武器打跑下面的恶狗。"
    },
    {
      "level": 16,
      "dec": "想办法避开狗吃到鸡腿和找到王子"
    },
    {
      "level": 17,
      "dec": "3个妹妹！挨个甩开她们！"
    },
    {
      "level": 18,
      "dec": "要让公主先吃到鸡腿，不要让狗先吃到狗粮。"
    },
    {
      "level": 19,
      "dec": "选择正确方向比操作更重要"
    },
    {
      "level": 20,
      "dec": "再次验证方向的重要性"
    },
    {
      "level": 21,
      "dec": "大胆的去拿鸡腿，不会动的狗不咬人"
    },
    {
      "level": 22,
      "dec": "继续大胆吃鸡腿，不要怕"
    },
    {
      "level": 23,
      "dec": "大胆的去拿鸡腿，不会动的狗不咬人"
    },
    {
      "level": 24,
      "dec": "有时候也需要别人来主动"
    },
    {
      "level": 25,
      "dec": "抓紧行动，不能先让狗吃饱"
    },
    {
      "level": 26,
      "dec": "让狗狗自己去寻找自己的归宿吧"
    },
    {
      "level": 27,
      "dec": "趁狗狗不注意，悄摸溜的跑过去"
    },
    {
      "level": 28,
      "dec": "本来就合在一起的房间不要把他们分开就好啦"
    },
    {
      "level": 29,
      "dec": "感谢玩家爸爸又送了一次广告！这一关要借助黄色的房间~"
    },
    {
      "level": 30,
      "dec": "睡着的狗狗才是好狗狗，吃饱了可不一定"
    }
  ]
}