{"skeleton":{"hash":"CnIPy64mrhaJyW1CVD6wGSqekuc","spine":"3.6.52","width":46,"height":79,"images":"./images/"},"bones":[{"name":"root"},{"name":"zong","parent":"root"},{"name":"shenti","parent":"zong","length":37.46,"rotation":90,"x":-0.05,"y":0.52},{"name":"gun","parent":"shenti","length":70,"rotation":-72.45,"x":24.75,"y":7.98,"transform":"noScaleOrReflection"},{"name":"tou","parent":"shenti","length":33.4,"rotation":-1.08,"x":38.04,"y":0.33},{"name":"youxiu","parent":"shenti","length":9.79,"rotation":-146.82,"x":38.88,"y":-5.97},{"name":"zuoxiu","parent":"shenti","length":10,"rotation":150.85,"x":39.31,"y":9.74}],"slots":[{"name":"youxiu","bone":"youxiu","attachment":"youxiu"},{"name":"shenti","bone":"shenti","attachment":"shenti"},{"name":"zuoxiu","bone":"zuoxiu","attachment":"zuoxiu"},{"name":"tou","bone":"tou","attachment":"tou"},{"name":"gun","bone":"gun"}],"skins":{"default":{"gun":{"gun":{"x":33.65,"y":0.03,"rotation":-90.63,"width":21,"height":78}},"shenti":{"shenti":{"x":22.59,"y":0.6,"rotation":-90,"width":37,"height":48}},"tou":{"tou":{"x":18.53,"y":1.12,"rotation":-88.92,"width":46,"height":42}},"youxiu":{"youxiu":{"x":5.2,"y":0.1,"rotation":56.82,"width":14,"height":14}},"zuoxiu":{"zuoxiu":{"x":5.51,"y":-0.2,"rotation":119.15,"width":13,"height":14}}}},"events":{"attack":{}},"animations":{"attack_gun":{"slots":{"gun":{"attachment":[{"time":0,"name":"gun"},{"time":0.4333,"name":"gun"}]}},"bones":{"gun":{"rotate":[{"time":0,"angle":0},{"time":0.1,"angle":99.31},{"time":0.2667,"angle":-22.2},{"time":0.4333,"angle":0}],"translate":[{"time":0,"x":0,"y":0},{"time":0.1,"x":7.69,"y":-0.99},{"time":0.2667,"x":-4.67,"y":-15.4},{"time":0.4333,"x":0,"y":0}]},"shenti":{"rotate":[{"time":0,"angle":0},{"time":0.1,"angle":2.64},{"time":0.2667,"angle":-5.99},{"time":0.4333,"angle":0}],"translate":[{"time":0,"x":0,"y":0,"curve":"stepped"},{"time":0.4333,"x":0,"y":0}],"scale":[{"time":0,"x":1,"y":1,"curve":"stepped"},{"time":0.4333,"x":1,"y":1}]},"youxiu":{"rotate":[{"time":0,"angle":0},{"time":0.1,"angle":-14.92},{"time":0.2667,"angle":19.99},{"time":0.4333,"angle":0}],"translate":[{"time":0,"x":0,"y":0,"curve":"stepped"},{"time":0.4333,"x":0,"y":0}],"scale":[{"time":0,"x":1,"y":1,"curve":"stepped"},{"time":0.4333,"x":1,"y":1}]},"zuoxiu":{"rotate":[{"time":0,"angle":0},{"time":0.1,"angle":47.71},{"time":0.2667,"angle":-13.5},{"time":0.4333,"angle":0}],"translate":[{"time":0,"x":0,"y":0,"curve":"stepped"},{"time":0.4333,"x":0,"y":0}],"scale":[{"time":0,"x":1,"y":1,"curve":"stepped"},{"time":0.4333,"x":1,"y":1}]},"tou":{"rotate":[{"time":0,"angle":0},{"time":0.1,"angle":3.74},{"time":0.2667,"angle":-7.82},{"time":0.4333,"angle":0}],"translate":[{"time":0,"x":0,"y":0},{"time":0.1,"x":0.01,"y":0.24},{"time":0.2667,"x":-1.65,"y":-0.3},{"time":0.4333,"x":0,"y":0}],"scale":[{"time":0,"x":1,"y":1,"curve":"stepped"},{"time":0.4333,"x":1,"y":1}]}},"events":[{"time":0.4333,"name":"attack"}]},"die":{"bones":{"zong":{"rotate":[{"time":0,"angle":0}],"translate":[{"time":0,"x":0,"y":0}],"scale":[{"time":0,"x":1,"y":1}]},"shenti":{"rotate":[{"time":0,"angle":0},{"time":0.1333,"angle":2.83},{"time":0.3,"angle":-6.17},{"time":0.5333,"angle":-98.93},{"time":0.6667,"angle":-96.33},{"time":0.8667,"angle":-96.19}],"translate":[{"time":0,"x":0,"y":0,"curve":"stepped"},{"time":0.1333,"x":0,"y":0,"curve":"stepped"},{"time":0.3,"x":0,"y":0},{"time":0.5333,"x":5.28,"y":16.48},{"time":0.6667,"x":5.28,"y":18.72},{"time":0.8667,"x":5.28,"y":16.32}],"scale":[{"time":0,"x":1,"y":1},{"time":0.1333,"x":0.959,"y":1.043},{"time":0.3,"x":1.041,"y":0.982},{"time":0.5333,"x":1,"y":0.901},{"time":0.6667,"x":0.982,"y":0.952},{"time":0.8667,"x":1,"y":0.92}]},"zuoxiu":{"rotate":[{"time":0,"angle":0},{"time":0.1333,"angle":-5.93},{"time":0.3,"angle":9.48},{"time":0.5333,"angle":-5.5},{"time":0.6667,"angle":13.33},{"time":0.8667,"angle":0}],"translate":[{"time":0,"x":0,"y":0,"curve":"stepped"},{"time":0.1333,"x":0,"y":0,"curve":"stepped"},{"time":0.8667,"x":0,"y":0}],"scale":[{"time":0,"x":1,"y":1,"curve":"stepped"},{"time":0.1333,"x":1,"y":1,"curve":"stepped"},{"time":0.8667,"x":1,"y":1}]},"youxiu":{"rotate":[{"time":0,"angle":0},{"time":0.1333,"angle":4.41},{"time":0.3,"angle":-4.35},{"time":0.5333,"angle":-19.34},{"time":0.6667,"angle":-0.51},{"time":0.8667,"angle":0}],"translate":[{"time":0,"x":0,"y":0,"curve":"stepped"},{"time":0.1333,"x":0,"y":0,"curve":"stepped"},{"time":0.8667,"x":0,"y":0}],"scale":[{"time":0,"x":1,"y":1,"curve":"stepped"},{"time":0.1333,"x":1,"y":1,"curve":"stepped"},{"time":0.8667,"x":1,"y":1}]},"tou":{"rotate":[{"time":0,"angle":0},{"time":0.1333,"angle":-5.85},{"time":0.3,"angle":12.1},{"time":0.5333,"angle":45.89},{"time":0.6667,"angle":29.08},{"time":0.8667,"angle":36.07}],"translate":[{"time":0,"x":0,"y":0},{"time":0.1333,"x":-2.48,"y":0.1},{"time":0.3,"x":0.43,"y":-0.14},{"time":0.5333,"x":-1.93,"y":-4.21},{"time":0.6667,"x":-2.12,"y":-2.62}],"scale":[{"time":0,"x":1,"y":1,"curve":"stepped"},{"time":0.1333,"x":1,"y":1},{"time":0.3,"x":1.021,"y":1}]}}},"walk":{"bones":{"shenti":{"rotate":[{"time":0,"angle":0,"curve":"stepped"},{"time":0.1,"angle":0,"curve":"stepped"},{"time":0.2333,"angle":0,"curve":"stepped"},{"time":0.3,"angle":0,"curve":"stepped"},{"time":0.4333,"angle":0,"curve":"stepped"},{"time":0.5333,"angle":0,"curve":"stepped"},{"time":0.6667,"angle":0}],"translate":[{"time":0,"x":0,"y":0,"curve":"stepped"},{"time":0.1,"x":0,"y":0},{"time":0.2333,"x":0,"y":11.88},{"time":0.3,"x":0,"y":12.54},{"time":0.4333,"x":0,"y":-0.5},{"time":0.5333,"x":0,"y":0,"curve":"stepped"},{"time":0.6667,"x":0,"y":0}],"scale":[{"time":0,"x":1,"y":1},{"time":0.1,"x":0.903,"y":1.06},{"time":0.2333,"x":1.103,"y":0.918},{"time":0.3,"x":1.121,"y":0.899},{"time":0.4333,"x":0.852,"y":1.077},{"time":0.5333,"x":1.065,"y":0.958},{"time":0.6667,"x":1,"y":1}]},"zuoxiu":{"rotate":[{"time":0,"angle":0},{"time":0.1,"angle":-14.13},{"time":0.2333,"angle":14.18},{"time":0.3,"angle":16.66},{"time":0.4333,"angle":-16.66},{"time":0.5333,"angle":4.41},{"time":0.6667,"angle":0}],"translate":[{"time":0,"x":0,"y":0,"curve":"stepped"},{"time":0.1,"x":0,"y":0,"curve":"stepped"},{"time":0.2333,"x":0,"y":0,"curve":"stepped"},{"time":0.3,"x":0,"y":0,"curve":"stepped"},{"time":0.4333,"x":0,"y":0,"curve":"stepped"},{"time":0.5333,"x":0,"y":0,"curve":"stepped"},{"time":0.6667,"x":0,"y":0}],"scale":[{"time":0,"x":1,"y":1,"curve":"stepped"},{"time":0.1,"x":1,"y":1,"curve":"stepped"},{"time":0.2333,"x":1,"y":1,"curve":"stepped"},{"time":0.3,"x":1,"y":1,"curve":"stepped"},{"time":0.4333,"x":1,"y":1,"curve":"stepped"},{"time":0.5333,"x":1,"y":1,"curve":"stepped"},{"time":0.6667,"x":1,"y":1}]},"youxiu":{"rotate":[{"time":0,"angle":0},{"time":0.1,"angle":7.98},{"time":0.2333,"angle":-5.65},{"time":0.3,"angle":-8.45},{"time":0.4333,"angle":16.46},{"time":0.5333,"angle":-5.44},{"time":0.6667,"angle":0}],"translate":[{"time":0,"x":0,"y":0,"curve":"stepped"},{"time":0.1,"x":0,"y":0,"curve":"stepped"},{"time":0.2333,"x":0,"y":0,"curve":"stepped"},{"time":0.3,"x":0,"y":0,"curve":"stepped"},{"time":0.4333,"x":0,"y":0,"curve":"stepped"},{"time":0.5333,"x":0,"y":0,"curve":"stepped"},{"time":0.6667,"x":0,"y":0}],"scale":[{"time":0,"x":1,"y":1,"curve":"stepped"},{"time":0.1,"x":1,"y":1,"curve":"stepped"},{"time":0.2333,"x":1,"y":1,"curve":"stepped"},{"time":0.3,"x":1,"y":1,"curve":"stepped"},{"time":0.4333,"x":1,"y":1,"curve":"stepped"},{"time":0.5333,"x":1,"y":1,"curve":"stepped"},{"time":0.6667,"x":1,"y":1}]},"tou":{"rotate":[{"time":0,"angle":0,"curve":"stepped"},{"time":0.1,"angle":0,"curve":"stepped"},{"time":0.2333,"angle":0,"curve":"stepped"},{"time":0.3,"angle":0,"curve":"stepped"},{"time":0.4333,"angle":0,"curve":"stepped"},{"time":0.5333,"angle":0,"curve":"stepped"},{"time":0.6667,"angle":0}],"translate":[{"time":0,"x":0,"y":0},{"time":0.1,"x":-1.27,"y":1.3},{"time":0.2333,"x":1.66,"y":-1},{"time":0.3,"x":2.68,"y":-1.76},{"time":0.4333,"x":-2.42,"y":0.64},{"time":0.5333,"x":0.86,"y":-0.24},{"time":0.6667,"x":0,"y":0}],"scale":[{"time":0,"x":1,"y":1,"curve":"stepped"},{"time":0.1,"x":1,"y":1,"curve":"stepped"},{"time":0.2333,"x":1,"y":1,"curve":"stepped"},{"time":0.3,"x":1,"y":1,"curve":"stepped"},{"time":0.4333,"x":1,"y":1,"curve":"stepped"},{"time":0.5333,"x":1,"y":1,"curve":"stepped"},{"time":0.6667,"x":1,"y":1}]}}},"walk_gun":{"slots":{"gun":{"attachment":[{"time":0,"name":"gun"},{"time":0.6667,"name":"gun"}]}},"bones":{"gun":{"rotate":[{"time":0,"angle":0},{"time":0.1,"angle":8.44},{"time":0.2333,"angle":-14.82},{"time":0.3,"angle":-18.81},{"time":0.4333,"angle":14.09},{"time":0.5333,"angle":-3.94},{"time":0.6667,"angle":0}],"translate":[{"time":0,"x":0,"y":0},{"time":0.1,"x":-0.81,"y":0.87},{"time":0.2333,"x":1.08,"y":-1.91},{"time":0.3,"x":1.59,"y":-2.27},{"time":0.4333,"x":-1.59,"y":2.56},{"time":0.5333,"x":0,"y":0,"curve":"stepped"},{"time":0.6667,"x":0,"y":0}]},"zuoxiu":{"rotate":[{"time":0,"angle":0},{"time":0.1,"angle":-14.13},{"time":0.2333,"angle":14.18},{"time":0.3,"angle":16.66},{"time":0.4333,"angle":-16.66},{"time":0.5333,"angle":4.41},{"time":0.6667,"angle":0}],"translate":[{"time":0,"x":0,"y":0,"curve":"stepped"},{"time":0.1,"x":0,"y":0,"curve":"stepped"},{"time":0.2333,"x":0,"y":0,"curve":"stepped"},{"time":0.3,"x":0,"y":0,"curve":"stepped"},{"time":0.4333,"x":0,"y":0,"curve":"stepped"},{"time":0.5333,"x":0,"y":0,"curve":"stepped"},{"time":0.6667,"x":0,"y":0}],"scale":[{"time":0,"x":1,"y":1,"curve":"stepped"},{"time":0.1,"x":1,"y":1,"curve":"stepped"},{"time":0.2333,"x":1,"y":1,"curve":"stepped"},{"time":0.3,"x":1,"y":1,"curve":"stepped"},{"time":0.4333,"x":1,"y":1,"curve":"stepped"},{"time":0.5333,"x":1,"y":1,"curve":"stepped"},{"time":0.6667,"x":1,"y":1}]},"youxiu":{"rotate":[{"time":0,"angle":0},{"time":0.1,"angle":7.98},{"time":0.2333,"angle":-5.65},{"time":0.3,"angle":-8.45},{"time":0.4333,"angle":16.46},{"time":0.5333,"angle":-5.44},{"time":0.6667,"angle":0}],"translate":[{"time":0,"x":0,"y":0,"curve":"stepped"},{"time":0.1,"x":0,"y":0,"curve":"stepped"},{"time":0.2333,"x":0,"y":0,"curve":"stepped"},{"time":0.3,"x":0,"y":0,"curve":"stepped"},{"time":0.4333,"x":0,"y":0,"curve":"stepped"},{"time":0.5333,"x":0,"y":0,"curve":"stepped"},{"time":0.6667,"x":0,"y":0}],"scale":[{"time":0,"x":1,"y":1,"curve":"stepped"},{"time":0.1,"x":1,"y":1,"curve":"stepped"},{"time":0.2333,"x":1,"y":1,"curve":"stepped"},{"time":0.3,"x":1,"y":1,"curve":"stepped"},{"time":0.4333,"x":1,"y":1,"curve":"stepped"},{"time":0.5333,"x":1,"y":1,"curve":"stepped"},{"time":0.6667,"x":1,"y":1}]},"shenti":{"rotate":[{"time":0,"angle":0,"curve":"stepped"},{"time":0.1,"angle":0,"curve":"stepped"},{"time":0.2333,"angle":0,"curve":"stepped"},{"time":0.3,"angle":0,"curve":"stepped"},{"time":0.4333,"angle":0,"curve":"stepped"},{"time":0.5333,"angle":0,"curve":"stepped"},{"time":0.6667,"angle":0}],"translate":[{"time":0,"x":0,"y":0,"curve":"stepped"},{"time":0.1,"x":0,"y":0},{"time":0.2333,"x":0,"y":11.88},{"time":0.3,"x":0,"y":12.54},{"time":0.4333,"x":0,"y":-0.5},{"time":0.5333,"x":0,"y":0,"curve":"stepped"},{"time":0.6667,"x":0,"y":0}],"scale":[{"time":0,"x":1,"y":1},{"time":0.1,"x":0.903,"y":1.06},{"time":0.2333,"x":1.103,"y":0.965},{"time":0.3,"x":1.121,"y":0.94},{"time":0.4333,"x":0.852,"y":1.077},{"time":0.5333,"x":1.065,"y":0.958},{"time":0.6667,"x":1,"y":1}]},"tou":{"rotate":[{"time":0,"angle":0,"curve":"stepped"},{"time":0.1,"angle":0,"curve":"stepped"},{"time":0.2333,"angle":0,"curve":"stepped"},{"time":0.3,"angle":0,"curve":"stepped"},{"time":0.4333,"angle":0,"curve":"stepped"},{"time":0.5333,"angle":0,"curve":"stepped"},{"time":0.6667,"angle":0}],"translate":[{"time":0,"x":0,"y":0},{"time":0.1,"x":-1.27,"y":1.3},{"time":0.2333,"x":1.66,"y":-1},{"time":0.3,"x":2.68,"y":-1.76},{"time":0.4333,"x":-2.42,"y":0.64},{"time":0.5333,"x":0.86,"y":-0.24},{"time":0.6667,"x":0,"y":0}],"scale":[{"time":0,"x":1,"y":1,"curve":"stepped"},{"time":0.1,"x":1,"y":1,"curve":"stepped"},{"time":0.2333,"x":1,"y":1,"curve":"stepped"},{"time":0.3,"x":1,"y":1,"curve":"stepped"},{"time":0.4333,"x":1,"y":1,"curve":"stepped"},{"time":0.5333,"x":1,"y":1,"curve":"stepped"},{"time":0.6667,"x":1,"y":1}]}}},"win":{"bones":{"shenti":{"rotate":[{"time":0,"angle":0,"curve":"stepped"},{"time":0.5667,"angle":0}],"translate":[{"time":0,"x":0,"y":0},{"time":0.1333,"x":0,"y":-0.8},{"time":0.2667,"x":0,"y":0,"curve":[0.25,0,1,0.79]},{"time":0.4333,"x":0,"y":10.08},{"time":0.5667,"x":0,"y":0}],"scale":[{"time":0,"x":1,"y":1},{"time":0.1333,"x":0.8,"y":1},{"time":0.2667,"x":1.003,"y":1,"curve":[0.25,0,1,0.79]},{"time":0.4333,"x":0.75,"y":1},{"time":0.5667,"x":1,"y":1}]},"zuoxiu":{"rotate":[{"time":0,"angle":0},{"time":0.1333,"angle":-12.9},{"time":0.2667,"angle":6.36},{"time":0.4333,"angle":-13.8},{"time":0.5667,"angle":0}],"translate":[{"time":0,"x":0,"y":0,"curve":"stepped"},{"time":0.5667,"x":0,"y":0}],"scale":[{"time":0,"x":1,"y":1,"curve":"stepped"},{"time":0.5667,"x":1,"y":1}]},"youxiu":{"rotate":[{"time":0,"angle":0},{"time":0.1333,"angle":18.48},{"time":0.2667,"angle":-3.35},{"time":0.4333,"angle":14.07},{"time":0.5667,"angle":0}],"translate":[{"time":0,"x":0,"y":0,"curve":"stepped"},{"time":0.5667,"x":0,"y":0}],"scale":[{"time":0,"x":1,"y":1,"curve":"stepped"},{"time":0.5667,"x":1,"y":1}]},"tou":{"rotate":[{"time":0,"angle":0},{"time":0.1333,"angle":4.57},{"time":0.2667,"angle":-2.85},{"time":0.4333,"angle":1.11},{"time":0.5667,"angle":0}],"translate":[{"time":0,"x":0,"y":0},{"time":0.1333,"x":-0.6,"y":0},{"time":0.2667,"x":1.47,"y":-0.64},{"time":0.4333,"x":-2.15,"y":-0.32},{"time":0.5667,"x":0,"y":0}],"scale":[{"time":0,"x":1,"y":1},{"time":0.1333,"x":1.25,"y":1},{"time":0.2667,"x":1,"y":1},{"time":0.4333,"x":1.25,"y":1},{"time":0.5667,"x":1,"y":1}]},"zong":{"rotate":[{"time":0,"angle":0,"curve":"stepped"},{"time":0.5667,"angle":0}],"translate":[{"time":0,"x":0,"y":0,"curve":"stepped"},{"time":0.5667,"x":0,"y":0}],"scale":[{"time":0,"x":1,"y":1,"curve":"stepped"},{"time":0.5667,"x":1,"y":1}]}}}}}