{"skeleton":{"hash":"e+0TmWwalYS6e2HAw9DKR4XBmFE","spine":"3.6.52","width":61.01,"height":55.99,"images":"./images/"},"bones":[{"name":"root"},{"name":"zong","parent":"root"},{"name":"shenzi","parent":"zong","length":26.66,"rotation":89.47,"x":0.15,"y":1.28},{"name":"dalianpanzi","parent":"shenzi","length":42.57,"rotation":-14.84,"x":6.43,"y":15.19},{"name":"bizi","parent":"dalianpanzi","x":24.97,"y":2.17},{"name":"shangya","parent":"dalianpanzi","length":15.77,"rotation":-1.07,"x":3.96,"y":2.89,"scaleX":0.891},{"name":"shenzi3","parent":"shenzi","length":27.73,"rotation":-0.2,"x":-0.89,"y":-2.05},{"name":"weiba","parent":"shenzi3","length":10.99,"rotation":-78.21,"x":10,"y":-12.59},{"name":"xiaba","parent":"dalianpanzi","x":4.91,"y":2.27},{"name":"xiaolian","parent":"dalianpanzi","length":25.57,"rotation":0.06,"x":-1.09,"y":-2.64},{"name":"youer","parent":"dalianpanzi","length":11.15,"rotation":-26.47,"x":33.43,"y":-15.89},{"name":"youyan","parent":"dalianpanzi","x":27.71,"y":-9.1},{"name":"zuoer","parent":"dalianpanzi","length":11.07,"rotation":30.97,"x":31.68,"y":13.85},{"name":"zuoyan","parent":"dalianpanzi","x":27.42,"y":11.14}],"slots":[{"name":"zuoer","bone":"zuoer","attachment":"zuoer"},{"name":"youer","bone":"youer","attachment":"youer"},{"name":"weiba","bone":"weiba","attachment":"weiba"},{"name":"shenzi","bone":"shenzi3","attachment":"shenzi"},{"name":"dalianpanzi","bone":"dalianpanzi","attachment":"dalianpanzi"},{"name":"zuoyan","bone":"zuoyan","attachment":"zuoyan"},{"name":"youyan","bone":"youyan","attachment":"youyan"},{"name":"xiaolian","bone":"xiaolian","attachment":"xiaolian"},{"name":"shangya","bone":"shangya","attachment":"shangya"},{"name":"xiaba","bone":"xiaba","attachment":"xiaba"},{"name":"bizi","bone":"bizi","attachment":"bizi"}],"skins":{"default":{"bizi":{"bizi":{"x":-0.61,"y":-0.08,"rotation":-74.63,"width":9,"height":8}},"dalianpanzi":{"dalianpanzi":{"x":20.95,"y":-2.48,"rotation":-74.63,"width":52,"height":47}},"shangya":{"shangya":{"x":7.15,"y":0.35,"rotation":-73.56,"width":24,"height":21}},"shenzi":{"shenzi":{"x":14,"y":2.4,"rotation":-89.27,"width":40,"height":31}},"weiba":{"weiba":{"x":5.69,"y":0.1,"rotation":-11.06,"width":15,"height":9}},"xiaba":{"xiaba":{"x":1.6,"y":0.51,"rotation":-74.63,"width":30,"height":20}},"xiaolian":{"xiaolian":{"x":13.01,"y":2.84,"rotation":-74.69,"width":40,"height":31}},"youer":{"youer":{"x":4.06,"y":-0.75,"rotation":-48.15,"width":17,"height":19}},"youyan":{"youyan":{"x":0.05,"y":0.71,"rotation":-74.63,"width":15,"height":13}},"zuoer":{"zuoer":{"x":4.45,"y":-0.11,"rotation":-105.59,"width":20,"height":17}},"zuoyan":{"zuoyan":{"x":0.74,"y":-0.23,"rotation":-74.63,"width":12,"height":12}}}},"events":{"attack":{}},"animations":{"die":{"slots":{"bizi":{"color":[{"time":0.4,"color":"ffffffff"},{"time":1,"color":"ffffff00"}]},"dalianpanzi":{"color":[{"time":0.4,"color":"ffffffff"},{"time":1,"color":"ffffff00"}]},"shangya":{"color":[{"time":0.4,"color":"ffffffff"},{"time":1,"color":"ffffff00"}]},"shenzi":{"color":[{"time":0.4,"color":"ffffffff"},{"time":1,"color":"ffffff00"}]},"weiba":{"color":[{"time":0.4,"color":"ffffffff"},{"time":1,"color":"ffffff00"}]},"xiaba":{"color":[{"time":0.4,"color":"ffffffff"},{"time":1,"color":"ffffff00"}]},"xiaolian":{"color":[{"time":0.4,"color":"ffffffff"},{"time":1,"color":"ffffff00"}]},"youer":{"color":[{"time":0.4,"color":"ffffffff"},{"time":1,"color":"ffffff00"}]},"youyan":{"color":[{"time":0.4,"color":"ffffffff"},{"time":1,"color":"ffffff00"}]},"zuoer":{"color":[{"time":0.4,"color":"ffffffff"},{"time":1,"color":"ffffff00"}]},"zuoyan":{"color":[{"time":0.4,"color":"ffffffff"},{"time":1,"color":"ffffff00"}]}},"bones":{"bizi":{"rotate":[{"time":0,"angle":0,"curve":"stepped"},{"time":0.1667,"angle":0}],"translate":[{"time":0,"x":0,"y":0},{"time":0.1667,"x":0.81,"y":-0.47},{"time":0.3333,"x":1.41,"y":-0.52},{"time":0.5333,"x":-2.42,"y":0.29},{"time":0.7,"x":-1,"y":0},{"time":0.9,"x":-2.42,"y":0.29}],"scale":[{"time":0,"x":1,"y":1,"curve":"stepped"},{"time":0.1667,"x":1,"y":1}]},"dalianpanzi":{"rotate":[{"time":0,"angle":0},{"time":0.1667,"angle":18.01},{"time":0.3333,"angle":-13.38},{"time":0.5333,"angle":1.75},{"time":0.7,"angle":-0.32},{"time":0.9,"angle":1.75}],"translate":[{"time":0,"x":0,"y":0},{"time":0.1667,"x":2.98,"y":-6.69},{"time":0.3333,"x":7.16,"y":-3.65},{"time":0.5333,"x":3.12,"y":8.2},{"time":0.7,"x":4.79,"y":7.31},{"time":0.9,"x":3.12,"y":8.2}],"scale":[{"time":0,"x":1,"y":1,"curve":"stepped"},{"time":0.1667,"x":1,"y":1},{"time":0.3333,"x":1.02,"y":1},{"time":0.5333,"x":0.899,"y":1,"curve":"stepped"},{"time":0.9,"x":0.899,"y":1}]},"shangya":{"rotate":[{"time":0,"angle":0},{"time":0.1667,"angle":4.37},{"time":0.3333,"angle":-8.64}],"translate":[{"time":0,"x":0,"y":0},{"time":0.1667,"x":0.88,"y":-0.04},{"time":0.3333,"x":1.72,"y":1.13},{"time":0.5333,"x":-0.13,"y":1.55,"curve":"stepped"},{"time":0.9,"x":-0.13,"y":1.55}],"scale":[{"time":0,"x":1,"y":1},{"time":0.1667,"x":1.042,"y":1},{"time":0.3333,"x":1.07,"y":1},{"time":0.5333,"x":0.775,"y":1},{"time":0.7,"x":0.871,"y":1},{"time":0.9,"x":0.775,"y":1}]},"shenzi3":{"rotate":[{"time":0,"angle":0,"curve":"stepped"},{"time":0.1667,"angle":0}],"translate":[{"time":0,"x":0,"y":0,"curve":"stepped"},{"time":0.1667,"x":0,"y":0}],"scale":[{"time":0,"x":0.922,"y":1.022},{"time":0.1667,"x":1.076,"y":1.022},{"time":0.3333,"x":1.17,"y":0.997},{"time":0.5333,"x":0.902,"y":0.997},{"time":0.7,"x":0.923,"y":0.997},{"time":0.9,"x":0.902,"y":0.997}]},"weiba":{"rotate":[{"time":0,"angle":0},{"time":0.1667,"angle":54.44},{"time":0.3333,"angle":29.14},{"time":0.5333,"angle":-49.52},{"time":0.7,"angle":-34.27},{"time":0.9,"angle":-49.52}],"translate":[{"time":0,"x":0,"y":0,"curve":"stepped"},{"time":0.1667,"x":0,"y":0}],"scale":[{"time":0,"x":1,"y":1,"curve":"stepped"},{"time":0.1667,"x":1,"y":1}]},"xiaba":{"rotate":[{"time":0,"angle":0},{"time":0.1667,"angle":2.95},{"time":0.3333,"angle":-7.47},{"time":0.5333,"angle":-12.36,"curve":"stepped"},{"time":0.9,"angle":-12.36}],"translate":[{"time":0,"x":0,"y":0},{"time":0.1667,"x":-0.02,"y":-0.44},{"time":0.3333,"x":-4.12,"y":2.37},{"time":0.5333,"x":0.01,"y":1.43},{"time":0.7,"x":-2.36,"y":1.92},{"time":0.9,"x":0.01,"y":1.43}],"scale":[{"time":0,"x":1,"y":1,"curve":"stepped"},{"time":0.1667,"x":1,"y":1}]},"xiaolian":{"rotate":[{"time":0,"angle":0,"curve":"stepped"},{"time":0.1667,"angle":0}],"translate":[{"time":0,"x":0,"y":0,"curve":"stepped"},{"time":0.1667,"x":0,"y":0}],"scale":[{"time":0,"x":1,"y":1,"curve":"stepped"},{"time":0.1667,"x":1,"y":1},{"time":0.5333,"x":0.924,"y":1,"curve":"stepped"},{"time":0.9,"x":0.924,"y":1}]},"youer":{"rotate":[{"time":0,"angle":0},{"time":0.1667,"angle":11},{"time":0.3333,"angle":-0.64}],"translate":[{"time":0,"x":0,"y":0},{"time":0.1667,"x":2.57,"y":3.04},{"time":0.3333,"x":1.09,"y":0.29},{"time":0.5333,"x":-0.65,"y":0.65},{"time":0.7,"x":0.93,"y":0.32},{"time":0.9,"x":-0.65,"y":0.65}],"scale":[{"time":0,"x":1,"y":1,"curve":"stepped"},{"time":0.1667,"x":1,"y":1}]},"youyan":{"rotate":[{"time":0,"angle":0,"curve":"stepped"},{"time":0.1667,"angle":0},{"time":0.3333,"angle":-2.27}],"translate":[{"time":0,"x":0,"y":0},{"time":0.1667,"x":1.68,"y":-0.28},{"time":0.3333,"x":0.71,"y":-1.62},{"time":0.5333,"x":-4.54,"y":-0.49},{"time":0.7,"x":-3.12,"y":-0.78},{"time":0.9,"x":-4.54,"y":-0.49}],"scale":[{"time":0,"x":1,"y":1},{"time":0.1667,"x":1.075,"y":1.075}]},"zuoer":{"rotate":[{"time":0,"angle":4.91,"curve":[0.25,0,0.75,1]},{"time":0.1667,"angle":-4.17},{"time":0.3333,"angle":-15.82},{"time":0.5333,"angle":1.18},{"time":0.7,"angle":-2.69},{"time":0.9,"angle":1.18}],"translate":[{"time":0,"x":-1.68,"y":0.6,"curve":[0.25,0,0.75,1]},{"time":0.1667,"x":2.11,"y":-3.41},{"time":0.3333,"x":3.01,"y":-5.33},{"time":0.5333,"x":-1.51,"y":-0.82},{"time":0.7,"x":1.03,"y":-1.33},{"time":0.9,"x":-1.51,"y":-0.82}],"scale":[{"time":0,"x":1,"y":1,"curve":"stepped"},{"time":0.1667,"x":1,"y":1}]},"zuoyan":{"rotate":[{"time":0,"angle":0,"curve":"stepped"},{"time":0.1667,"angle":0},{"time":0.3333,"angle":-5.73}],"translate":[{"time":0,"x":0,"y":0},{"time":0.1667,"x":1.68,"y":-0.28},{"time":0.3333,"x":2.57,"y":-0.29},{"time":0.5333,"x":-2.69,"y":0.84},{"time":0.7,"x":-1.26,"y":0.55},{"time":0.9,"x":-2.69,"y":0.84}],"scale":[{"time":0,"x":1,"y":1},{"time":0.1667,"x":1.075,"y":1.075}]},"root":{"rotate":[{"time":0,"angle":0,"curve":"stepped"},{"time":0.1667,"angle":0}],"translate":[{"time":0,"x":0,"y":0,"curve":"stepped"},{"time":0.1667,"x":0,"y":0}],"scale":[{"time":0,"x":1,"y":1,"curve":"stepped"},{"time":0.1667,"x":1,"y":1}]},"zong":{"rotate":[{"time":0,"angle":0,"curve":"stepped"},{"time":0.1667,"angle":0}],"translate":[{"time":0,"x":0,"y":0,"curve":"stepped"},{"time":0.1667,"x":0,"y":0}],"scale":[{"time":0,"x":1,"y":1,"curve":"stepped"},{"time":0.1667,"x":1,"y":1}]},"shenzi":{"rotate":[{"time":0,"angle":0,"curve":"stepped"},{"time":0.1667,"angle":0},{"time":0.3333,"angle":4.12},{"time":0.5333,"angle":28.63,"curve":"stepped"},{"time":0.9,"angle":28.63}],"translate":[{"time":0,"x":0,"y":0,"curve":"stepped"},{"time":0.1667,"x":0,"y":0,"curve":"stepped"},{"time":0.5333,"x":0,"y":0},{"time":0.7,"x":0,"y":0.72},{"time":0.9,"x":0,"y":0}],"scale":[{"time":0,"x":1,"y":1,"curve":"stepped"},{"time":0.1667,"x":1,"y":1}]}}},"standby":{"bones":{"zong":{"rotate":[{"time":0,"angle":0,"curve":"stepped"},{"time":0.5,"angle":0,"curve":"stepped"},{"time":1,"angle":0}],"translate":[{"time":0,"x":0,"y":0,"curve":"stepped"},{"time":0.5,"x":0,"y":0,"curve":"stepped"},{"time":1,"x":0,"y":0}],"scale":[{"time":0,"x":1,"y":1,"curve":"stepped"},{"time":0.5,"x":1,"y":1,"curve":"stepped"},{"time":1,"x":1,"y":1}]},"shenzi":{"rotate":[{"time":0,"angle":0,"curve":"stepped"},{"time":0.5,"angle":0,"curve":"stepped"},{"time":1,"angle":0}],"translate":[{"time":0,"x":0,"y":0,"curve":"stepped"},{"time":0.5,"x":0,"y":0,"curve":"stepped"},{"time":1,"x":0,"y":0}],"scale":[{"time":0,"x":1,"y":1,"curve":"stepped"},{"time":0.5,"x":1,"y":1,"curve":"stepped"},{"time":1,"x":1,"y":1}]},"weiba":{"rotate":[{"time":0,"angle":0,"curve":[0.25,0,0.75,1]},{"time":0.5,"angle":46.31,"curve":[0.25,0,0.75,1]},{"time":1,"angle":0}],"translate":[{"time":0,"x":0,"y":0,"curve":"stepped"},{"time":1,"x":0,"y":0}],"scale":[{"time":0,"x":1,"y":1,"curve":"stepped"},{"time":1,"x":1,"y":1}]},"shenzi3":{"rotate":[{"time":0,"angle":0,"curve":"stepped"},{"time":0.2333,"angle":0,"curve":"stepped"},{"time":0.5,"angle":0,"curve":"stepped"},{"time":0.7667,"angle":0,"curve":"stepped"},{"time":1,"angle":0}],"translate":[{"time":0,"x":0,"y":0,"curve":"stepped"},{"time":0.2333,"x":0,"y":0,"curve":"stepped"},{"time":0.5,"x":0,"y":0,"curve":"stepped"},{"time":0.7667,"x":0,"y":0,"curve":"stepped"},{"time":1,"x":0,"y":0}],"scale":[{"time":0,"x":0.922,"y":1.022,"curve":[0.25,0,0.75,1]},{"time":0.2333,"x":1.062,"y":1,"curve":[0.25,0,0.75,1]},{"time":0.5,"x":0.922,"y":1.022,"curve":[0.25,0,0.75,1]},{"time":0.7667,"x":1.062,"y":1,"curve":[0.25,0,0.75,1]},{"time":1,"x":0.922,"y":1.022}]},"xiaba":{"rotate":[{"time":0,"angle":0,"curve":[0.25,0,0.75,1]},{"time":0.2333,"angle":-3.52,"curve":[0.25,0,0.75,1]},{"time":0.5,"angle":-5.71,"curve":[0.25,0,0.75,1]},{"time":0.7667,"angle":-3.52,"curve":[0.25,0,0.75,1]},{"time":1,"angle":0}],"translate":[{"time":0,"x":0,"y":0,"curve":[0.25,0,0.75,1]},{"time":0.2333,"x":1.13,"y":0,"curve":[0.25,0,0.75,1]},{"time":0.5,"x":-0.57,"y":0.7,"curve":[0.25,0,0.75,1]},{"time":0.7667,"x":1.13,"y":0,"curve":[0.25,0,0.75,1]},{"time":1,"x":0,"y":0}],"scale":[{"time":0,"x":1,"y":1,"curve":[0.25,0,0.75,1]},{"time":0.2333,"x":0.959,"y":0.959,"curve":[0.25,0,0.75,1]},{"time":0.5,"x":1,"y":1,"curve":[0.25,0,0.75,1]},{"time":0.7667,"x":0.959,"y":0.959,"curve":[0.25,0,0.75,1]},{"time":1,"x":1,"y":1}]},"shangya":{"rotate":[{"time":0,"angle":0,"curve":[0.252,0,0.622,0.48]},{"time":0.2333,"angle":-1.84,"curve":[0.372,0.48,0.752,1]},{"time":0.5,"angle":-5.14,"curve":[0.248,0,0.628,0.52]},{"time":0.7667,"angle":-0.57,"curve":[0.378,0.52,0.748,1]},{"time":1,"angle":0}],"translate":[{"time":0,"x":0,"y":0,"curve":[0.252,0,0.622,0.48]},{"time":0.2333,"x":0.37,"y":0.1,"curve":[0.372,0.48,0.752,1]},{"time":0.5,"x":-0.83,"y":0.88,"curve":[0.248,0,0.628,0.52]},{"time":0.7667,"x":0.26,"y":0.11,"curve":[0.378,0.52,0.748,1]},{"time":1,"x":0,"y":0}],"scale":[{"time":0,"x":1,"y":1,"curve":[0.252,0,0.622,0.48]},{"time":0.2333,"x":0.837,"y":1,"curve":[0.372,0.48,0.752,1]},{"time":0.5,"x":1.1,"y":1,"curve":[0.248,0,0.628,0.52]},{"time":0.7667,"x":0.9,"y":1,"curve":[0.378,0.52,0.748,1]},{"time":1,"x":1,"y":1}]},"dalianpanzi":{"rotate":[{"time":0,"angle":0,"curve":[0.25,0,0.625,0.5]},{"time":0.5,"angle":7.21,"curve":[0.375,0.5,0.75,1]},{"time":1,"angle":0}],"translate":[{"time":0,"x":0,"y":0,"curve":[0.252,0,0.622,0.48]},{"time":0.2333,"x":2.66,"y":3.27,"curve":[0.372,0.48,0.752,1]},{"time":0.5,"x":-2.15,"y":6.51,"curve":[0.248,0,0.628,0.52]},{"time":0.7667,"x":3.35,"y":2.65,"curve":[0.378,0.52,0.748,1]},{"time":1,"x":0,"y":0}],"scale":[{"time":0,"x":1,"y":1,"curve":[0.278,0,0.622,0.39]},{"time":0.2333,"x":0.984,"y":1,"curve":[0.312,0.26,0.656,0.63]},{"time":0.5,"x":1.015,"y":1,"curve":[0.344,0.37,0.688,0.74]},{"time":0.7667,"x":0.979,"y":1,"curve":[0.378,0.61,0.722,1]},{"time":1,"x":1,"y":1}]},"bizi":{"rotate":[{"time":0,"angle":0,"curve":"stepped"},{"time":0.5,"angle":0,"curve":"stepped"},{"time":1,"angle":0}],"translate":[{"time":0,"x":0,"y":0,"curve":[0.252,0,0.622,0.48]},{"time":0.2333,"x":0.35,"y":-0.12,"curve":[0.372,0.48,0.752,1]},{"time":0.5,"x":-0.62,"y":1.15,"curve":[0.25,0,0.75,1]},{"time":0.7667,"x":0.35,"y":-0.12,"curve":[0.372,0.48,0.752,1]},{"time":1,"x":0,"y":0}],"scale":[{"time":0,"x":1,"y":1,"curve":"stepped"},{"time":0.5,"x":1,"y":1,"curve":"stepped"},{"time":1,"x":1,"y":1}]},"youyan":{"rotate":[{"time":0,"angle":0,"curve":"stepped"},{"time":0.5,"angle":0,"curve":"stepped"},{"time":1,"angle":0}],"translate":[{"time":0,"x":0,"y":0,"curve":[0.252,0,0.622,0.48]},{"time":0.2333,"x":0.16,"y":0,"curve":[0.372,0.48,0.752,1]},{"time":0.5,"x":-1.24,"y":0,"curve":[0.25,0,0.75,1]},{"time":0.7667,"x":0.16,"y":0,"curve":[0.372,0.48,0.752,1]},{"time":1,"x":0,"y":0}],"scale":[{"time":0,"x":1,"y":1,"curve":"stepped"},{"time":1,"x":1,"y":1}]},"zuoyan":{"rotate":[{"time":0,"angle":0,"curve":"stepped"},{"time":0.5,"angle":0,"curve":"stepped"},{"time":1,"angle":0}],"translate":[{"time":0,"x":0,"y":0,"curve":[0.252,0,0.622,0.48]},{"time":0.2333,"x":0.16,"y":0,"curve":[0.372,0.48,0.752,1]},{"time":0.5,"x":-1.24,"y":0,"curve":[0.25,0,0.75,1]},{"time":0.7667,"x":0.16,"y":0,"curve":[0.372,0.48,0.752,1]},{"time":1,"x":0,"y":0}],"scale":[{"time":0,"x":1,"y":1,"curve":"stepped"},{"time":1,"x":1,"y":1}]},"xiaolian":{"rotate":[{"time":0,"angle":0,"curve":"stepped"},{"time":0.5,"angle":0,"curve":"stepped"},{"time":1,"angle":0}],"translate":[{"time":0,"x":0,"y":0,"curve":"stepped"},{"time":0.5,"x":0,"y":0,"curve":"stepped"},{"time":1,"x":0,"y":0}],"scale":[{"time":0,"x":1,"y":1,"curve":"stepped"},{"time":0.5,"x":1,"y":1,"curve":"stepped"},{"time":1,"x":1,"y":1}]},"youer":{"rotate":[{"time":0,"angle":0,"curve":[0.25,0,0.75,1]},{"time":0.5,"angle":6.06,"curve":[0.25,0,0.75,1]},{"time":1,"angle":0}],"translate":[{"time":0,"x":0,"y":0,"curve":[0.25,0,0.75,1]},{"time":0.5,"x":0.97,"y":3.11,"curve":[0.25,0,0.75,1]},{"time":1,"x":0,"y":0}],"scale":[{"time":0,"x":1,"y":1,"curve":[0.25,0,0.75,1]},{"time":0.5,"x":0.977,"y":0.927,"curve":[0.25,0,0.75,1]},{"time":1,"x":1,"y":1}]},"zuoer":{"rotate":[{"time":0,"angle":4.91,"curve":[0.25,0,0.75,1]},{"time":0.5,"angle":-16.55,"curve":[0.25,0,0.75,1]},{"time":1,"angle":4.91}],"translate":[{"time":0,"x":-1.68,"y":0.6,"curve":[0.25,0,0.75,1]},{"time":0.5,"x":2.27,"y":-2.73,"curve":[0.25,0,0.75,1]},{"time":1,"x":-1.68,"y":0.6}],"scale":[{"time":0,"x":1,"y":1,"curve":[0.25,0,0.75,1]},{"time":0.5,"x":0.932,"y":0.892,"curve":[0.25,0,0.75,1]},{"time":1,"x":1,"y":1}]}}},"walk":{"bones":{"root":{"rotate":[{"time":0,"angle":0,"curve":"stepped"},{"time":0.5333,"angle":0,"curve":"stepped"},{"time":0.6667,"angle":0}],"translate":[{"time":0,"x":0,"y":0,"curve":"stepped"},{"time":0.5333,"x":0,"y":0,"curve":"stepped"},{"time":0.6667,"x":0,"y":0}],"scale":[{"time":0,"x":1,"y":1,"curve":"stepped"},{"time":0.5333,"x":1,"y":1,"curve":"stepped"},{"time":0.6667,"x":1,"y":1}]},"shenzi":{"rotate":[{"time":0,"angle":0,"curve":"stepped"},{"time":0.5333,"angle":0,"curve":"stepped"},{"time":0.6667,"angle":0}],"translate":[{"time":0,"x":0,"y":0,"curve":"stepped"},{"time":0.1,"x":0,"y":0},{"time":0.2,"x":0.06,"y":8.72},{"time":0.2667,"x":0.06,"y":9.72},{"time":0.4,"x":0,"y":-0.39},{"time":0.5333,"x":0.01,"y":0.73},{"time":0.6667,"x":0,"y":0}],"scale":[{"time":0,"x":1,"y":1,"curve":"stepped"},{"time":0.5333,"x":1,"y":1,"curve":"stepped"},{"time":0.6667,"x":1,"y":1}]},"dalianpanzi":{"rotate":[{"time":0,"angle":0},{"time":0.1,"angle":-1.54},{"time":0.2,"angle":9.66},{"time":0.2667,"angle":10.06},{"time":0.4,"angle":20.76},{"time":0.5333,"angle":5.48},{"time":0.6667,"angle":0}],"translate":[{"time":0,"x":0,"y":0},{"time":0.1,"x":-1.58,"y":-0.01},{"time":0.2,"x":-0.13,"y":-0.15},{"time":0.2667,"x":0.13,"y":-0.17},{"time":0.4,"x":-1.98,"y":-0.06},{"time":0.5333,"x":0.84,"y":0.01},{"time":0.6667,"x":0,"y":0}],"scale":[{"time":0,"x":1,"y":1},{"time":0.1,"x":0.943,"y":1},{"time":0.2,"x":1.024,"y":1,"curve":"stepped"},{"time":0.2667,"x":1.024,"y":1},{"time":0.4,"x":0.902,"y":1},{"time":0.5333,"x":1.05,"y":1},{"time":0.6667,"x":1,"y":1}]},"youyan":{"rotate":[{"time":0,"angle":0,"curve":"stepped"},{"time":0.5333,"angle":0,"curve":"stepped"},{"time":0.6667,"angle":0}],"translate":[{"time":0,"x":0,"y":0},{"time":0.1,"x":-1.09,"y":0},{"time":0.2,"x":2.04,"y":-0.85},{"time":0.2667,"x":2.18,"y":-1.12},{"time":0.4,"x":-2.08,"y":0},{"time":0.5333,"x":0.74,"y":0},{"time":0.6667,"x":0,"y":0}],"scale":[{"time":0,"x":1,"y":1},{"time":0.1,"x":0.941,"y":1},{"time":0.2,"x":1.031,"y":1.084},{"time":0.2667,"x":1.044,"y":1.072},{"time":0.4,"x":0.946,"y":0.962},{"time":0.5333,"x":1.028,"y":1.028},{"time":0.6667,"x":1,"y":1}]},"zuoyan":{"rotate":[{"time":0,"angle":0,"curve":"stepped"},{"time":0.5333,"angle":0,"curve":"stepped"},{"time":0.6667,"angle":0}],"translate":[{"time":0,"x":0,"y":0},{"time":0.1,"x":-1.09,"y":0},{"time":0.2,"x":1.75,"y":0.71},{"time":0.2667,"x":1.9,"y":0.97},{"time":0.4,"x":-2.08,"y":0},{"time":0.5333,"x":0.74,"y":0},{"time":0.6667,"x":0,"y":0}],"scale":[{"time":0,"x":1,"y":1},{"time":0.1,"x":0.941,"y":1},{"time":0.2,"x":1.031,"y":1.084},{"time":0.2667,"x":1.044,"y":1.072},{"time":0.4,"x":0.946,"y":0.962},{"time":0.5333,"x":1.028,"y":1.028},{"time":0.6667,"x":1,"y":1}]},"youer":{"rotate":[{"time":0,"angle":0},{"time":0.1,"angle":6.85},{"time":0.2,"angle":-6.65},{"time":0.2667,"angle":-6.73},{"time":0.4,"angle":12.12},{"time":0.5333,"angle":-5.75},{"time":0.6667,"angle":0}],"translate":[{"time":0,"x":0,"y":0},{"time":0.1,"x":0.33,"y":0.92},{"time":0.2,"x":0.57,"y":-0.26},{"time":0.2667,"x":0.33,"y":-0.47},{"time":0.4,"x":1.23,"y":3.49},{"time":0.5333,"x":0.23,"y":-0.33},{"time":0.6667,"x":0,"y":0}],"scale":[{"time":0,"x":1,"y":1,"curve":"stepped"},{"time":0.5333,"x":1,"y":1,"curve":"stepped"},{"time":0.6667,"x":1,"y":1}]},"zuoer":{"rotate":[{"time":0,"angle":4.91,"curve":[0.25,0,0.75,1]},{"time":0.1,"angle":-12.98},{"time":0.2,"angle":4.81},{"time":0.2667,"angle":6.02},{"time":0.4,"angle":-12.26},{"time":0.5333,"angle":7.12},{"time":0.6667,"angle":4.91}],"translate":[{"time":0,"x":-1.68,"y":0.6,"curve":[0.25,0,0.75,1]},{"time":0.1,"x":0.57,"y":-1.75},{"time":0.2,"x":-0.33,"y":0.17},{"time":0.2667,"x":-0.42,"y":0.33},{"time":0.4,"x":2.04,"y":-3.75},{"time":0.5333,"x":-1.2,"y":0.89},{"time":0.6667,"x":-1.68,"y":0.6}],"scale":[{"time":0,"x":1,"y":1,"curve":"stepped"},{"time":0.5333,"x":1,"y":1,"curve":"stepped"},{"time":0.6667,"x":1,"y":1}]},"shenzi3":{"rotate":[{"time":0,"angle":0,"curve":"stepped"},{"time":0.5333,"angle":0,"curve":"stepped"},{"time":0.6667,"angle":0}],"translate":[{"time":0,"x":0,"y":0,"curve":"stepped"},{"time":0.5333,"x":0,"y":0,"curve":"stepped"},{"time":0.6667,"x":0,"y":0}],"scale":[{"time":0,"x":0.922,"y":1.022},{"time":0.1,"x":0.8,"y":1},{"time":0.2,"x":1,"y":0.821},{"time":0.2667,"x":1,"y":0.8},{"time":0.4,"x":0.896,"y":1},{"time":0.5333,"x":1.057,"y":1},{"time":0.6667,"x":0.922,"y":1.022}]},"weiba":{"rotate":[{"time":0,"angle":0},{"time":0.1,"angle":29.94},{"time":0.2,"angle":-38.84},{"time":0.2667,"angle":-43.89},{"time":0.4,"angle":53.22},{"time":0.5333,"angle":-24.9},{"time":0.6667,"angle":0}],"translate":[{"time":0,"x":0,"y":0,"curve":"stepped"},{"time":0.1,"x":0,"y":0,"curve":"stepped"},{"time":0.2,"x":0,"y":0,"curve":"stepped"},{"time":0.2667,"x":0,"y":0},{"time":0.4,"x":2.65,"y":-0.52},{"time":0.5333,"x":0,"y":0,"curve":"stepped"},{"time":0.6667,"x":0,"y":0}],"scale":[{"time":0,"x":1,"y":1,"curve":"stepped"},{"time":0.5333,"x":1,"y":1,"curve":"stepped"},{"time":0.6667,"x":1,"y":1}]},"xiaba":{"rotate":[{"time":0,"angle":0,"curve":"stepped"},{"time":0.5333,"angle":0,"curve":"stepped"},{"time":0.6667,"angle":0}],"translate":[{"time":0,"x":0,"y":0},{"time":0.1,"x":1.83,"y":0},{"time":0.2,"x":-2.13,"y":-0.5},{"time":0.2667,"x":-1.78,"y":-0.5},{"time":0.4,"x":1.25,"y":-0.18},{"time":0.5333,"x":-1.2,"y":0.07},{"time":0.6667,"x":0,"y":0}],"scale":[{"time":0,"x":1,"y":1,"curve":"stepped"},{"time":0.5333,"x":1,"y":1,"curve":"stepped"},{"time":0.6667,"x":1,"y":1}]},"shangya":{"rotate":[{"time":0,"angle":0,"curve":"stepped"},{"time":0.5333,"angle":0,"curve":"stepped"},{"time":0.6667,"angle":0}],"translate":[{"time":0,"x":0,"y":0},{"time":0.1,"x":-0.77,"y":0.01},{"time":0.2,"x":0.25,"y":0},{"time":0.2667,"x":0.7,"y":0.04},{"time":0.4,"x":-1.55,"y":0.03},{"time":0.5333,"x":1.26,"y":-0.02},{"time":0.6667,"x":0,"y":0}],"scale":[{"time":0,"x":1,"y":1},{"time":0.1,"x":0.786,"y":1},{"time":0.2,"x":1.206,"y":1},{"time":0.2667,"x":1.23,"y":1},{"time":0.4,"x":0.888,"y":1},{"time":0.5333,"x":1.015,"y":1},{"time":0.6667,"x":1,"y":1}]},"xiaolian":{"rotate":[{"time":0,"angle":0,"curve":"stepped"},{"time":0.5333,"angle":0,"curve":"stepped"},{"time":0.6667,"angle":0}],"translate":[{"time":0,"x":0,"y":0,"curve":"stepped"},{"time":0.5333,"x":0,"y":0,"curve":"stepped"},{"time":0.6667,"x":0,"y":0}],"scale":[{"time":0,"x":1,"y":1,"curve":"stepped"},{"time":0.5333,"x":1,"y":1,"curve":"stepped"},{"time":0.6667,"x":1,"y":1}]},"bizi":{"rotate":[{"time":0,"angle":0,"curve":"stepped"},{"time":0.5333,"angle":0,"curve":"stepped"},{"time":0.6667,"angle":0}],"translate":[{"time":0,"x":0,"y":0},{"time":0.1,"x":-0.59,"y":0},{"time":0.2,"x":0.2,"y":0},{"time":0.2667,"x":0.68,"y":0},{"time":0.4,"x":-1.89,"y":0.1},{"time":0.5333,"x":0.54,"y":0},{"time":0.6667,"x":0,"y":0}],"scale":[{"time":0,"x":1,"y":1,"curve":"stepped"},{"time":0.5333,"x":1,"y":1,"curve":"stepped"},{"time":0.6667,"x":1,"y":1}]}},"events":[{"time":0.6667,"name":"attack"}]}}}