{"skeleton":{"hash":"lvrfp2v3kkG5vFA1fAWo7oiizFk","spine":"3.6.52","width":43,"height":88,"images":"./images/"},"bones":[{"name":"root"},{"name":"zong","parent":"root"},{"name":"shenti","parent":"zong","length":36.15,"rotation":89.51,"x":-0.13,"y":0.6},{"name":"lian","parent":"shenti","length":20.91,"rotation":0.49,"x":36.26,"transform":"noScale"},{"name":"erduo","parent":"lian","x":11.74,"y":11.84},{"name":"tou","parent":"lian","length":14.11,"rotation":13.93,"x":20.91,"y":0.31},{"name":"touguan","parent":"tou","length":12.57,"rotation":-6.4,"x":14.64,"y":-0.02},{"name":"yanjing","parent":"lian","x":14.57,"y":-2.73}],"slots":[{"name":"shenti","bone":"shenti","attachment":"shenti"},{"name":"lian","bone":"lian","attachment":"lian"},{"name":"erduo","bone":"erduo","attachment":"erduo"},{"name":"touguan","bone":"touguan","attachment":"touguan"},{"name":"tou","bone":"tou","attachment":"tou"},{"name":"yanjing","bone":"yanjing","attachment":"yanjing"}],"skins":{"default":{"erduo":{"erduo":{"x":0.17,"y":-0.08,"rotation":-90,"width":11,"height":12}},"lian":{"lian":{"type":"mesh","uvs":[1,1,0.50405,1,0,1,0,0,0.48592,0,1,0],"triangles":[2,3,4,1,4,5,2,4,1,1,5,0],"vertices":[-1.09,-15.73,-1.09,0.14,-1.09,16.27,30.91,16.27,30.91,0.72,30.91,-15.73],"hull":6,"edges":[4,6,0,10,6,8,8,10,0,2,2,4,8,2],"width":32,"height":32}},"shenti":{"shenti":{"x":22.16,"y":0.65,"rotation":-89.51,"width":37,"height":48}},"tou":{"tou":{"type":"mesh","uvs":[1,1,0.53706,1,0,1,0,0,0.51638,0,1,0],"triangles":[2,3,4,1,4,5,2,4,1,1,5,0],"vertices":[-16.47,-16.56,-11.68,2.76,-6.12,25.17,23.97,17.71,18.62,-3.84,13.62,-24.03],"hull":6,"edges":[4,6,0,10,6,8,8,10,0,2,2,4,8,2],"width":43,"height":31}},"touguan":{"touguan":{"x":4.67,"y":-1.16,"rotation":-97.53,"width":28,"height":20}},"yanjing":{"yanjing":{"type":"mesh","uvs":[1,1,0.53931,1,0,1,0,0,0.53931,0,1,0],"triangles":[2,3,4,1,4,5,2,4,1,1,5,0],"vertices":[-3.66,-9,-3.66,-0.71,-3.66,9,6.34,9,6.34,-0.71,6.34,-9],"hull":6,"edges":[4,6,0,10,6,8,8,10,0,2,2,4,8,2],"width":18,"height":10}}}},"animations":{"standby":{"bones":{"shenti":{"rotate":[{"time":0,"angle":0,"curve":"stepped"},{"time":0.5,"angle":0,"curve":"stepped"},{"time":1,"angle":0}],"translate":[{"time":0,"x":0,"y":0,"curve":"stepped"},{"time":0.5,"x":0,"y":0,"curve":"stepped"},{"time":1,"x":0,"y":0}],"scale":[{"time":0,"x":1,"y":1,"curve":[0.252,0,0.622,0.48]},{"time":0.2333,"x":0.94,"y":1.04,"curve":[0.372,0.48,0.752,1]},{"time":0.5,"x":1,"y":1,"curve":[0.25,0,0.75,1]},{"time":0.7667,"x":0.94,"y":1.04,"curve":[0.372,0.48,0.752,1]},{"time":1,"x":1,"y":1}]},"lian":{"rotate":[{"time":0,"angle":0,"curve":"stepped"},{"time":0.5,"angle":0,"curve":"stepped"},{"time":1,"angle":0}],"translate":[{"time":0,"x":0,"y":0,"curve":"stepped"},{"time":0.5,"x":0,"y":0,"curve":"stepped"},{"time":1,"x":0,"y":0}],"scale":[{"time":0,"x":1,"y":1,"curve":"stepped"},{"time":0.5,"x":1,"y":1,"curve":"stepped"},{"time":1,"x":1,"y":1}]},"tou":{"rotate":[{"time":0,"angle":0,"curve":"stepped"},{"time":0.5,"angle":0,"curve":"stepped"},{"time":1,"angle":0}],"translate":[{"time":0,"x":0,"y":0,"curve":"stepped"},{"time":1,"x":0,"y":0}],"scale":[{"time":0,"x":1,"y":1,"curve":"stepped"},{"time":1,"x":1,"y":1}]},"touguan":{"rotate":[{"time":0,"angle":0,"curve":[0.252,0,0.622,0.48]},{"time":0.2333,"angle":1.87,"curve":[0.372,0.48,0.752,1]},{"time":0.5,"angle":0,"curve":[0.25,0,0.75,1]},{"time":0.7667,"angle":1.87,"curve":[0.372,0.48,0.752,1]},{"time":1,"angle":0}],"translate":[{"time":0,"x":0,"y":0,"curve":"stepped"},{"time":0.5,"x":0,"y":0,"curve":"stepped"},{"time":1,"x":0,"y":0}],"scale":[{"time":0,"x":1,"y":1,"curve":"stepped"},{"time":0.5,"x":1,"y":1,"curve":"stepped"},{"time":1,"x":1,"y":1}]},"erduo":{"rotate":[{"time":0,"angle":0,"curve":"stepped"},{"time":0.5,"angle":0,"curve":"stepped"},{"time":1,"angle":0}],"translate":[{"time":0,"x":0,"y":0.38,"curve":[0.25,0,0.75,1]},{"time":0.5,"x":0,"y":-1.46,"curve":[0.25,0,0.75,1]},{"time":1,"x":0,"y":0.38}],"scale":[{"time":0,"x":1,"y":1,"curve":"stepped"},{"time":0.5,"x":1,"y":1,"curve":"stepped"},{"time":1,"x":1,"y":1}]},"yanjing":{"rotate":[{"time":0,"angle":0,"curve":"stepped"},{"time":0.5,"angle":0,"curve":"stepped"},{"time":1,"angle":0}],"translate":[{"time":0,"x":0,"y":0.38,"curve":[0.25,0,0.75,1]},{"time":0.5,"x":0,"y":-1.22,"curve":[0.25,0,0.75,1]},{"time":1,"x":0,"y":0.38}],"scale":[{"time":0,"x":1,"y":1,"curve":[0.25,0,0.75,1]},{"time":0.5,"x":1,"y":0.94,"curve":[0.25,0,0.75,1]},{"time":1,"x":1,"y":1}]}},"deform":{"default":{"lian":{"lian":[{"time":0,"curve":[0.25,0,0.75,1]},{"time":0.5,"offset":1,"vertices":[0.744,0,0,0,-0.74399,0,-0.74399,0,0,0,0.744],"curve":[0.25,0,0.75,1]},{"time":1}]},"tou":{"tou":[{"time":0,"curve":[0.25,0,0.75,1]},{"time":0.5,"vertices":[0.19936,0.80364,-0.22881,-0.92203,-0.60966,-2.45646,-0.60966,-2.45646,-0.2288,-0.92203,0.19936,0.80364],"curve":[0.25,0,0.75,1]},{"time":1}]},"yanjing":{"yanjing":[{"time":0,"curve":[0.25,0,0.75,1]},{"time":0.5,"offset":1,"vertices":[1.2763,0,0,0,0,0,0,0,0,0,1.2763],"curve":[0.25,0,0.75,1]},{"time":1}]}}}},"win":{"bones":{"shenti":{"rotate":[{"time":0,"angle":0,"curve":"stepped"},{"time":0.4333,"angle":0,"curve":"stepped"},{"time":0.8667,"angle":0}],"translate":[{"time":0,"x":0,"y":0,"curve":"stepped"},{"time":0.4333,"x":0,"y":0,"curve":"stepped"},{"time":0.8667,"x":0,"y":0}],"scale":[{"time":0,"x":1,"y":1,"curve":[0.252,0,1,0.8]},{"time":0.2667,"x":0.702,"y":1.103,"curve":[0,0.29,0.75,1]},{"time":0.4333,"x":1.016,"y":0.979,"curve":[0.25,0,1,0.7]},{"time":0.7,"x":0.702,"y":1.103,"curve":[0,0.29,0.75,1]},{"time":0.8667,"x":1,"y":1}]},"lian":{"rotate":[{"time":0,"angle":0,"curve":"stepped"},{"time":0.4333,"angle":0,"curve":"stepped"},{"time":0.8667,"angle":0}],"translate":[{"time":0,"x":0,"y":0,"curve":[0.25,0,1,0.8]},{"time":0.2667,"x":-3.55,"y":-0.02,"curve":[0,0.2,0.75,1]},{"time":0.4333,"x":0.45,"y":0,"curve":[0.25,0,1,0.7]},{"time":0.7,"x":-3.83,"y":-0.02,"curve":[0,0.2,0.75,1]},{"time":0.8667,"x":0,"y":0}],"scale":[{"time":0,"x":1,"y":1,"curve":[0.25,0,1,0.8]},{"time":0.2667,"x":0.971,"y":1,"curve":[0,0.2,0.75,1]},{"time":0.4333,"x":1,"y":1,"curve":[0.25,0,1,0.7]},{"time":0.7,"x":0.971,"y":1,"curve":[0,0.2,0.75,1]},{"time":0.8667,"x":1,"y":1}]},"touguan":{"rotate":[{"time":0,"angle":0,"curve":[0.25,0,1,0.8]},{"time":0.2667,"angle":3.94,"curve":[0,0.2,0.75,1]},{"time":0.4333,"angle":0,"curve":[0.25,0,1,0.7]},{"time":0.7,"angle":-5.92,"curve":[0,0.2,0.75,1]},{"time":0.8667,"angle":0}],"translate":[{"time":0,"x":0,"y":0,"curve":[0.25,0,1,0.8]},{"time":0.2667,"x":-2.11,"y":-0.54,"curve":[0,0.2,0.75,1]},{"time":0.4333,"x":0,"y":0,"curve":[0.25,0,1,0.7]},{"time":0.7,"x":-2.11,"y":-0.54,"curve":[0,0.2,0.75,1]},{"time":0.8667,"x":0,"y":0}],"scale":[{"time":0,"x":1,"y":1,"curve":"stepped"},{"time":0.4333,"x":1,"y":1,"curve":"stepped"},{"time":0.8667,"x":1,"y":1}]},"tou":{"rotate":[{"time":0,"angle":0,"curve":"stepped"},{"time":0.4333,"angle":0,"curve":"stepped"},{"time":0.8667,"angle":0}],"translate":[{"time":0,"x":0,"y":0,"curve":"stepped"},{"time":0.4333,"x":0,"y":0,"curve":[0.25,0,1,0.7]},{"time":0.7,"x":0,"y":0.83,"curve":[0,0.2,0.75,1]},{"time":0.8667,"x":0,"y":0}],"scale":[{"time":0,"x":1,"y":1,"curve":"stepped"},{"time":0.4333,"x":1,"y":1,"curve":"stepped"},{"time":0.8667,"x":1,"y":1}]},"erduo":{"rotate":[{"time":0,"angle":0,"curve":"stepped"},{"time":0.4333,"angle":0,"curve":"stepped"},{"time":0.8667,"angle":0}],"translate":[{"time":0,"x":0,"y":0.38,"curve":[0.25,0,1,0.8]},{"time":0.2667,"x":0,"y":-1.79,"curve":[0,0.2,0.75,1]},{"time":0.4333,"x":0.76,"y":-1.32,"curve":[0.25,0,1,0.7]},{"time":0.7,"x":0,"y":1.55,"curve":[0,0.2,0.75,1]},{"time":0.8667,"x":0,"y":0.38}],"scale":[{"time":0,"x":1,"y":1,"curve":"stepped"},{"time":0.4333,"x":1,"y":1,"curve":"stepped"},{"time":0.8667,"x":1,"y":1}]},"yanjing":{"rotate":[{"time":0,"angle":0,"curve":"stepped"},{"time":0.4333,"angle":0,"curve":"stepped"},{"time":0.8667,"angle":0}],"translate":[{"time":0,"x":0,"y":0.38,"curve":[0.25,0,1,0.7]},{"time":0.2667,"x":-1.74,"y":-0.88,"curve":[0,0.2,0.75,1]},{"time":0.4333,"x":1.02,"y":-1.97,"curve":[0.25,0,1,0.7]},{"time":0.7,"x":-2.64,"y":0.39,"curve":[0.25,0,1,0.7]},{"time":0.8667,"x":0,"y":0.38}],"scale":[{"time":0,"x":1,"y":1,"curve":"stepped"},{"time":0.4333,"x":1,"y":1,"curve":"stepped"},{"time":0.8667,"x":1,"y":1}]}},"deform":{"default":{"lian":{"lian":[{"time":0,"curve":[0.25,0,1,0.8]},{"time":0.2667,"offset":5,"vertices":[-1.50299,-0.00331,-1.50299],"curve":[0,0.2,0.75,1]},{"time":0.4333,"curve":[0.25,0,1,0.7]},{"time":0.7,"offset":1,"vertices":[1.67,0,0,0,0,0,0,0,0,0.00367,1.67],"curve":[0,0.2,0.75,1]},{"time":0.8667}]},"tou":{"tou":[{"time":0,"curve":[0.25,0,1,0.8]},{"time":0.2667,"vertices":[0.50288,2.00794,-0.4024,-1.60641,-0.80477,-3.21279,-0.80477,-3.21279,-0.40239,-1.60641,0.50288,2.00794],"curve":[0,0.2,0.75,1]},{"time":0.4333,"curve":[0.25,0,1,0.7]},{"time":0.7,"vertices":[0.52737,2.10594,0,0,-0.44635,-1.78198,-0.44635,-1.78198,1.0E-5,0,0.52737,2.10594],"curve":[0,0.2,0.75,1]},{"time":0.8667}]},"yanjing":{"yanjing":[{"time":0,"curve":"stepped"},{"time":0.2667,"curve":[0.25,0,1,0.7]},{"time":0.4333,"offset":1,"vertices":[1.75999,0,0,0,0,0,0,0,0,0.00389,1.75999],"curve":[0,0.2,0.75,1]},{"time":0.7,"curve":"stepped"},{"time":0.8667}]}}}}}}