{"type":"View","props":{"width":720,"top":0,"right":0,"left":0,"height":1280,"bottom":0},"compId":2,"child":[{"type":"Box","props":{"width":90,"name":"P103_open","height":90,"centerY":400,"centerX":-230,"anchorY":0.5,"anchorX":0.5},"compId":230,"child":[{"type":"Image","props":{"width":87,"skin":"TJ/Promo/image/yjjx14.png","height":95,"centerY":4.8},"compId":231},{"type":"Image","props":{"width":61,"skin":"TJ/Promo/image/tc23.png","height":67,"centerY":-9,"centerX":4},"compId":234},{"type":"Image","props":{"width":60,"skin":"TJ/Promo/image/gdyx2.png","height":15,"centerY":24,"centerX":0},"compId":235},{"type":"Script","props":{"target":"@node:143","runtime":"TJ/Promo/script/PromoOpen.ts"},"compId":302},{"type":"Script","props":{"runtime":"TJ/Promo/script/ButtonScale.ts"},"compId":303}]},{"type":"Box","props":{"width":90,"name":"P106_open","height":90,"centerY":400,"centerX":230,"anchorY":0.5,"anchorX":0.5},"compId":240,"child":[{"type":"Image","props":{"width":87,"skin":"TJ/Promo/image/yjjx14.png","height":95,"centerY":4.8},"compId":241},{"type":"Image","props":{"width":61,"skin":"TJ/Promo/image/tc23.png","height":67,"centerY":-9,"centerX":4},"compId":242},{"type":"Image","props":{"width":69,"skin":"TJ/Promo/image/sw.png","scaleY":0.6,"scaleX":0.6,"height":31,"centerY":24,"centerX":0},"compId":243},{"type":"Script","props":{"target":"@node:207","runtime":"TJ/Promo/script/PromoOpen.ts"},"compId":304},{"type":"Script","props":{"runtime":"TJ/Promo/script/ButtonScale.ts"},"compId":305}]},{"type":"Box","props":{"y":0,"x":0,"width":112,"name":"P201","height":138,"centerY":-400,"centerX":-200,"anchorY":0.5,"anchorX":0.5},"compId":67,"child":[{"type":"Image","props":{"width":102,"skin":"TJ/Promo/image/jx8.png","name":"icon","height":102,"centerY":-13,"centerX":0,"anchorY":0.5,"anchorX":0.5},"compId":24,"child":[{"type":"Image","props":{"width":112,"skin":"TJ/Promo/image/kk2.png","name":"kk","height":138,"centerY":13,"centerX":0},"compId":348},{"type":"Image","props":{"width":23,"visible":false,"skin":"TJ/Promo/image/y1.png","name":"flag1","height":23,"centerY":-45,"centerX":45,"anchorY":0.5,"anchorX":0.5},"compId":103},{"type":"Image","props":{"width":45,"visible":false,"skin":"TJ/Promo/image/hb2.png","name":"flag2","height":23,"centerY":-44,"centerX":40,"anchorY":0.5,"anchorX":0.5},"compId":104},{"type":"Image","props":{"width":45,"visible":false,"skin":"TJ/Promo/image/rm3.png","name":"flag3","height":23,"centerY":-44,"centerX":40,"anchorY":0.5,"anchorX":0.5},"compId":105}]},{"type":"Label","props":{"wordWrap":false,"width":105,"valign":"middle","text":"这里是游戏名称","name":"name","multiline":false,"mouseEnabled":false,"height":18,"fontSize":15,"editable":false,"centerY":54,"centerX":0,"anchorY":0.5,"anchorX":0.5,"align":"center"},"compId":349},{"type":"Script","props":{"runtime":"TJ/Promo/script/PromoItem.ts"},"compId":307},{"type":"Script","props":{"runtime":"TJ/Promo/script/ButtonScale.ts"},"compId":309},{"type":"Script","props":{"shake":true,"runtime":"TJ/Promo/script/P201.ts"},"compId":390}]},{"type":"Box","props":{"width":112,"name":"P201","height":138,"centerY":-400,"centerX":0,"anchorY":0.5,"anchorX":0.5},"compId":360,"child":[{"type":"Image","props":{"width":102,"skin":"TJ/Promo/image/jx8.png","name":"icon","height":102,"centerY":-13,"centerX":0,"anchorY":0.5,"anchorX":0.5},"compId":361,"child":[{"type":"Image","props":{"width":112,"skin":"TJ/Promo/image/kk2.png","name":"kk","height":138,"centerY":13,"centerX":0},"compId":362},{"type":"Image","props":{"width":23,"visible":false,"skin":"TJ/Promo/image/y1.png","name":"flag1","height":23,"centerY":-45,"centerX":45,"anchorY":0.5,"anchorX":0.5},"compId":363},{"type":"Image","props":{"width":45,"visible":false,"skin":"TJ/Promo/image/hb2.png","name":"flag2","height":23,"centerY":-44,"centerX":40,"anchorY":0.5,"anchorX":0.5},"compId":364},{"type":"Image","props":{"width":45,"visible":false,"skin":"TJ/Promo/image/rm3.png","name":"flag3","height":23,"centerY":-44,"centerX":40,"anchorY":0.5,"anchorX":0.5},"compId":365}]},{"type":"Label","props":{"wordWrap":false,"width":105,"valign":"middle","text":"这里是游戏名称","name":"name","multiline":false,"mouseEnabled":false,"height":18,"fontSize":15,"editable":false,"centerY":54,"centerX":0,"anchorY":0.5,"anchorX":0.5,"align":"center"},"compId":366},{"type":"Script","props":{"runtime":"TJ/Promo/script/PromoItem.ts"},"compId":367},{"type":"Script","props":{"runtime":"TJ/Promo/script/ButtonScale.ts"},"compId":369},{"type":"Script","props":{"shake":true,"runtime":"TJ/Promo/script/P201.ts"},"compId":391}]},{"type":"Box","props":{"width":112,"name":"P201","height":138,"centerY":-400,"centerX":200,"anchorY":0.5,"anchorX":0.5},"compId":380,"child":[{"type":"Image","props":{"width":102,"skin":"TJ/Promo/image/jx8.png","name":"icon","height":102,"centerY":-13,"centerX":0,"anchorY":0.5,"anchorX":0.5},"compId":381,"child":[{"type":"Image","props":{"width":112,"skin":"TJ/Promo/image/kk2.png","name":"kk","height":138,"centerY":13,"centerX":0},"compId":382},{"type":"Image","props":{"width":23,"visible":false,"skin":"TJ/Promo/image/y1.png","name":"flag1","height":23,"centerY":-45,"centerX":45,"anchorY":0.5,"anchorX":0.5},"compId":383},{"type":"Image","props":{"width":45,"visible":false,"skin":"TJ/Promo/image/hb2.png","name":"flag2","height":23,"centerY":-44,"centerX":40,"anchorY":0.5,"anchorX":0.5},"compId":384},{"type":"Image","props":{"width":45,"visible":false,"skin":"TJ/Promo/image/rm3.png","name":"flag3","height":23,"centerY":-44,"centerX":40,"anchorY":0.5,"anchorX":0.5},"compId":385}]},{"type":"Label","props":{"wordWrap":false,"width":105,"valign":"middle","text":"这里是游戏名称","name":"name","multiline":false,"mouseEnabled":false,"height":18,"fontSize":15,"editable":false,"centerY":54,"centerX":0,"anchorY":0.5,"anchorX":0.5,"align":"center"},"compId":386},{"type":"Script","props":{"runtime":"TJ/Promo/script/PromoItem.ts"},"compId":387},{"type":"Script","props":{"runtime":"TJ/Promo/script/ButtonScale.ts"},"compId":389},{"type":"Script","props":{"shake":true,"runtime":"TJ/Promo/script/P201.ts"},"compId":392}]},{"type":"Box","props":{"width":552,"name":"P202","height":456,"centerY":0,"centerX":0,"anchorY":0.5,"anchorX":0.5},"compId":84,"child":[{"type":"Panel","props":{"top":0,"right":0,"name":"scroll","left":0,"elasticEnabled":false,"bottom":0,"anchorY":0.5,"anchorX":0.5},"compId":393,"child":[{"type":"List","props":{"y":0,"spaceY":20,"spaceX":20,"space":10,"right":0,"name":"layout","left":0,"height":470,"anchorY":0,"anchorX":0.5,"align":"middle"},"compId":87,"child":[{"type":"Box","props":{"y":114,"x":92,"width":164,"renderType":"render","name":"item","height":208,"anchorY":0.5,"anchorX":0.5},"compId":102,"child":[{"type":"Image","props":{"width":140,"skin":"TJ/Promo/image/jx8.png","name":"icon","height":140,"centerY":-22,"centerX":0,"anchorY":0.5,"anchorX":0.5},"compId":131,"child":[{"type":"Image","props":{"width":164,"skin":"TJ/Promo/image/kk3.png","name":"kk","height":208,"centerY":22,"centerX":0},"compId":408},{"type":"Image","props":{"width":83,"visible":false,"skin":"TJ/Promo/image/new2.png","name":"flag1","height":83,"centerY":-39,"centerX":39,"anchorY":0.5,"anchorX":0.5},"compId":132},{"type":"Image","props":{"width":83,"visible":false,"skin":"TJ/Promo/image/remen1.png","name":"flag2","height":83,"centerY":-39,"centerX":39,"anchorY":0.5,"anchorX":0.5},"compId":133},{"type":"Image","props":{"width":83,"visible":false,"skin":"TJ/Promo/image/tuijian2.png","name":"flag3","height":83,"centerY":-39,"centerX":39,"anchorY":0.5,"anchorX":0.5},"compId":134}]},{"type":"Label","props":{"wordWrap":false,"width":164,"valign":"middle","text":"这里是游戏名称","name":"name","multiline":false,"mouseEnabled":false,"height":19,"fontSize":16,"editable":false,"color":"#ffffff","centerY":65,"centerX":0,"anchorY":0.5,"anchorX":0.5,"align":"center"},"compId":138},{"type":"Label","props":{"wordWrap":false,"width":164,"valign":"middle","text":"1, 254, 546人在玩","name":"info","multiline":false,"mouseEnabled":false,"height":18,"fontSize":15,"editable":false,"color":"#ffffff","centerY":88,"centerX":0,"anchorY":0.5,"anchorX":0.5,"align":"center"},"compId":140},{"type":"Script","props":{"runtime":"TJ/Promo/script/PromoItem.ts"},"compId":326},{"type":"Script","props":{"runtime":"TJ/Promo/script/ButtonScale.ts"},"compId":327}]}]}]},{"type":"Script","props":{"runtime":"TJ/Promo/script/P202.ts"},"compId":409}]},{"type":"Box","props":{"width":1,"visible":false,"name":"P103","height":1,"centerY":1,"centerX":0,"anchorY":0.5,"anchorX":0.5},"compId":143,"child":[{"type":"Image","props":{"width":570,"skin":"TJ/Promo/image/jx1.png","name":"bg","height":710,"centerY":0,"centerX":0,"anchorY":0.5,"anchorX":0.5},"compId":144},{"type":"Image","props":{"width":194,"skin":"TJ/Promo/image/gdyx.png","name":"title","height":47,"centerY":-276,"centerX":0,"anchorY":0.5,"anchorX":0.5},"compId":146},{"type":"Button","props":{"width":42,"stateNum":1,"skin":"TJ/Promo/image/tc3.png","name":"close","height":42,"centerY":-304,"centerX":235,"anchorY":0.5,"anchorX":0.5},"compId":147,"child":[{"type":"Script","props":{"runtime":"TJ/Promo/script/ButtonScale.ts"},"compId":341}]},{"type":"List","props":{"width":564,"spaceY":58,"spaceX":28,"space":10,"repeatY":3,"repeatX":4,"name":"layout","height":506,"centerY":45,"centerX":0,"anchorY":0.5,"anchorX":0.5,"align":"middle"},"compId":148,"child":[{"type":"Box","props":{"y":75,"x":75,"width":110,"renderType":"render","name":"item","height":110,"anchorY":0.5,"anchorX":0.5},"compId":149,"child":[{"type":"Image","props":{"width":110,"skin":"TJ/Promo/image/jx8.png","name":"icon","height":110,"centerY":0,"centerX":0,"anchorY":0.5,"anchorX":0.5},"compId":151,"child":[{"type":"Image","props":{"width":23,"visible":true,"skin":"TJ/Promo/image/y1.png","name":"flag1","height":23,"centerY":-50,"centerX":50,"anchorY":0.5,"anchorX":0.5},"compId":152},{"type":"Image","props":{"width":45,"visible":true,"skin":"TJ/Promo/image/hb2.png","name":"flag2","height":23,"centerY":-50,"centerX":45,"anchorY":0.5,"anchorX":0.5},"compId":153},{"type":"Image","props":{"width":45,"visible":true,"skin":"TJ/Promo/image/rm3.png","name":"flag3","height":23,"centerY":-50,"centerX":45,"anchorY":0.5,"anchorX":0.5},"compId":154}]},{"type":"Label","props":{"wordWrap":false,"width":168,"valign":"middle","text":"游戏名字","name":"name","multiline":false,"mouseEnabled":false,"height":20,"fontSize":19,"editable":false,"centerY":74,"centerX":0,"anchorY":0.5,"anchorX":0.5,"align":"center"},"compId":156},{"type":"Script","props":{"runtime":"TJ/Promo/script/PromoItem.ts"},"compId":329},{"type":"Script","props":{"runtime":"TJ/Promo/script/ButtonScale.ts"},"compId":330}]}]},{"type":"Script","props":{"runtime":"TJ/Promo/script/P103.ts"},"compId":331}]},{"type":"Box","props":{"width":700,"name":"P204","height":150,"centerY":550,"centerX":0,"anchorY":0.5,"anchorX":0.5},"compId":159,"child":[{"type":"Image","props":{"visible":false,"top":0,"skin":"TJ/Promo/image/jx6.png","right":0,"name":"bg","left":0,"bottom":0,"anchorY":0.5,"anchorX":0.5},"compId":160},{"type":"Panel","props":{"top":0,"right":0,"name":"scroll","left":0,"elasticEnabled":false,"bottom":0,"anchorY":0.5,"anchorX":0.5},"compId":172,"child":[{"type":"List","props":{"y":0,"x":0,"width":700,"spaceX":20,"repeatY":1,"name":"layout","height":150,"anchorY":0,"anchorX":0},"compId":163,"child":[{"type":"Box","props":{"y":75,"x":75,"width":110,"renderType":"render","name":"item","height":150,"anchorY":0.5,"anchorX":0.5},"compId":164,"child":[{"type":"Image","props":{"width":110,"skin":"TJ/Promo/image/jx8.png","name":"icon","height":110,"centerY":-10,"centerX":0,"anchorY":0.5,"anchorX":0.5},"compId":165,"child":[{"type":"Image","props":{"width":23,"visible":false,"skin":"TJ/Promo/image/y1.png","name":"flag1","height":23,"centerY":-50,"centerX":50,"anchorY":0.5,"anchorX":0.5},"compId":166},{"type":"Image","props":{"width":45,"visible":false,"skin":"TJ/Promo/image/hb2.png","name":"flag2","height":23,"centerY":-50,"centerX":45,"anchorY":0.5,"anchorX":0.5},"compId":167},{"type":"Image","props":{"width":45,"visible":false,"skin":"TJ/Promo/image/rm3.png","name":"flag3","height":23,"centerY":-50,"centerX":45,"anchorY":0.5,"anchorX":0.5},"compId":168}]},{"type":"Script","props":{"runtime":"TJ/Promo/script/PromoItem.ts"},"compId":332},{"type":"Script","props":{"runtime":"TJ/Promo/script/ButtonScale.ts"},"compId":333},{"type":"Label","props":{"x":0,"wordWrap":false,"width":126,"valign":"middle","text":"游戏名字","name":"name","multiline":false,"mouseEnabled":false,"height":21,"fontSize":18,"editable":false,"color":"#ffffff","centerY":60,"centerX":0,"anchorY":0.5,"anchorX":0.5,"align":"center"},"compId":346}]}]}]},{"type":"Script","props":{"runtime":"TJ/Promo/script/P204.ts"},"compId":347}]},{"type":"Box","props":{"width":1,"name":"P205","left":2,"height":1,"centerY":-298,"anchorY":0.5,"anchorX":0.5},"compId":176,"child":[{"type":"Box","props":{"width":1,"name":"move","height":1,"centerY":0,"centerX":0,"anchorY":0.5,"anchorX":0.5},"compId":177,"child":[{"type":"Box","props":{"width":1,"name":"button","height":1,"centerY":-200,"centerX":-4,"anchorY":0.5,"anchorX":0.5},"compId":178,"child":[{"type":"Button","props":{"y":50,"x":45,"width":90,"name":"show","height":100,"centerY":0,"centerX":44,"anchorY":0.5,"anchorX":0.5},"compId":181,"child":[{"type":"Image","props":{"width":89,"skin":"TJ/Promo/image/gdyx3.png","height":100,"centerY":0,"centerX":0,"anchorY":0.5,"anchorX":0.5},"compId":182,"child":[{"type":"Image","props":{"width":29,"skin":"TJ/Promo/image/tishi.png","height":32,"centerY":-46,"centerX":46,"anchorY":0.5,"anchorX":0.5},"compId":184}]},{"type":"Script","props":{"runtime":"TJ/Promo/script/ButtonScale.ts"},"compId":424}]},{"type":"Button","props":{"y":50,"x":45,"width":90,"visible":false,"name":"hide","height":100,"centerY":0,"centerX":44,"anchorY":0.5,"anchorX":0.5},"compId":185,"child":[{"type":"Image","props":{"width":89,"skin":"TJ/Promo/image/gdyx3.png","height":100,"centerY":0,"centerX":0,"anchorY":0.5,"anchorX":0.5},"compId":186},{"type":"Script","props":{"runtime":"TJ/Promo/script/ButtonScale.ts"},"compId":425}]}]},{"type":"Box","props":{"width":640,"name":"board","height":680,"centerY":0,"centerX":-324,"anchorY":0.5,"anchorX":0.5},"compId":179,"child":[{"type":"Image","props":{"top":0,"skin":"TJ/Promo/image/di2.png","sizeGrid":"30,26,34,0","right":0,"name":"bg","left":0,"bottom":0,"anchorY":0.5,"anchorX":0.5},"compId":180},{"type":"Panel","props":{"width":570,"name":"scroll","height":620,"elasticEnabled":false,"centerY":0,"centerX":10,"anchorY":0.5,"anchorX":0.5},"compId":410,"child":[{"type":"List","props":{"y":0,"x":0,"width":570,"spaceY":0,"spaceX":20,"space":10,"name":"layout","height":620,"anchorY":0,"anchorX":0,"align":"middle"},"compId":189,"child":[{"type":"Box","props":{"y":107.5,"x":95,"width":170,"renderType":"render","name":"item","height":195,"anchorY":0.5,"anchorX":0.5},"compId":197,"child":[{"type":"Image","props":{"width":150,"skin":"TJ/Promo/image/jx8.png","name":"icon","height":150,"centerY":-11,"centerX":0,"anchorY":0.5,"anchorX":0.5},"compId":199,"child":[{"type":"Image","props":{"width":157,"skin":"TJ/Promo/image/kk1.png","name":"kk","height":157,"centerY":0,"centerX":0},"compId":422},{"type":"Image","props":{"width":83,"visible":false,"skin":"TJ/Promo/image/new2.png","name":"flag1","height":83,"centerY":-37,"centerX":37,"anchorY":0.5,"anchorX":0.5},"compId":200},{"type":"Image","props":{"width":83,"visible":false,"skin":"TJ/Promo/image/remen1.png","name":"flag2","height":83,"centerY":-37,"centerX":37,"anchorY":0.5,"anchorX":0.5},"compId":201},{"type":"Image","props":{"width":83,"visible":false,"skin":"TJ/Promo/image/tuijian2.png","name":"flag3","height":83,"centerY":-37,"centerX":37,"anchorY":0.5,"anchorX":0.5},"compId":202}]},{"type":"Label","props":{"wordWrap":false,"width":170,"valign":"middle","text":"这里是游戏名称","name":"name","multiline":false,"mouseEnabled":false,"height":21,"fontSize":18,"editable":false,"centerY":85,"centerX":0,"anchorY":0.5,"anchorX":0.5,"align":"center"},"compId":204},{"type":"Script","props":{"runtime":"TJ/Promo/script/PromoItem.ts"},"compId":335},{"type":"Script","props":{"runtime":"TJ/Promo/script/ButtonScale.ts"},"compId":336}]}]}]}]}]},{"type":"Script","props":{"runtime":"TJ/Promo/script/P205.ts"},"compId":423}]},{"type":"Box","props":{"width":1,"visible":false,"name":"P106","height":1,"centerY":3,"centerX":0,"anchorY":0.5,"anchorX":0.5},"compId":207,"child":[{"type":"Image","props":{"width":570,"skin":"TJ/Promo/image/jx11.png","name":"bg","height":710,"centerY":0,"centerX":0,"anchorY":0.5,"anchorX":0.5},"compId":208},{"type":"Image","props":{"width":278,"skin":"TJ/Promo/image/swdjl.png","name":"title","height":47,"centerY":-300,"centerX":0,"anchorY":0.5,"anchorX":0.5},"compId":209},{"type":"Button","props":{"y":0,"width":42,"stateNum":1,"skin":"TJ/Promo/image/tc3.png","name":"close","height":42,"centerY":-304,"centerX":232,"anchorY":0.5,"anchorX":0.5},"compId":210,"child":[{"type":"Script","props":{"runtime":"TJ/Promo/script/ButtonScale.ts"},"compId":342}]},{"type":"Panel","props":{"width":560,"name":"scroll","height":565,"elasticEnabled":false,"centerY":40,"centerX":0,"anchorY":0.5,"anchorX":0.5},"compId":211,"child":[{"type":"List","props":{"y":0,"x":0,"width":560,"spaceY":15,"repeatY":12,"repeatX":1,"name":"layout","height":1000},"compId":212,"child":[{"type":"Box","props":{"y":65,"x":280,"width":540,"renderType":"render","name":"item","height":130,"anchorY":0.5,"anchorX":0.5},"compId":213,"child":[{"type":"Image","props":{"width":540,"skin":"TJ/Promo/image/white.jpg","name":"bg","height":130,"centerY":0,"centerX":0,"anchorY":0.5,"anchorX":0.5},"compId":220},{"type":"Image","props":{"width":90,"skin":"TJ/Promo/image/jx8.png","name":"icon","height":90,"centerY":0,"centerX":-210,"anchorY":0.5,"anchorX":0.5},"compId":214,"child":[{"type":"Image","props":{"width":23,"visible":true,"skin":"TJ/Promo/image/y1.png","name":"flag1","height":23,"centerY":-40,"centerX":40,"anchorY":0.5,"anchorX":0.5},"compId":215},{"type":"Image","props":{"width":45,"visible":true,"skin":"TJ/Promo/image/hb2.png","name":"flag2","height":23,"centerY":-40,"centerX":35,"anchorY":0.5,"anchorX":0.5},"compId":216},{"type":"Image","props":{"width":45,"visible":true,"skin":"TJ/Promo/image/rm3.png","name":"flag3","height":23,"centerY":-40,"centerX":35,"anchorY":0.5,"anchorX":0.5},"compId":217}]},{"type":"Label","props":{"x":130,"width":112,"valign":"middle","text":"游戏名字","overflow":"visible","name":"name","height":29,"fontSize":28,"centerY":-27,"align":"left"},"compId":227},{"type":"Label","props":{"x":130,"width":165,"valign":"middle","text":"奖励20个体力","overflow":"visible","name":"info","height":28,"fontSize":28,"color":"#ff4b4b","centerY":21,"align":"left"},"compId":229},{"type":"Box","props":{"width":137,"name":"play","height":63,"centerY":0,"centerX":177,"anchorY":0.5,"anchorX":0.5},"compId":223,"child":[{"type":"Image","props":{"width":137,"skin":"TJ/Promo/image/jx14.png","height":63,"centerY":0,"centerX":0,"anchorY":0.5,"anchorX":0.5},"compId":224},{"type":"Image","props":{"width":69,"skin":"TJ/Promo/image/sw.png","height":31,"centerY":0,"centerX":0,"anchorY":0.5,"anchorX":0.5},"compId":225}]},{"type":"Script","props":{"runtime":"TJ/Promo/script/PromoItem.ts"},"compId":338},{"type":"Script","props":{"runtime":"TJ/Promo/script/ButtonScale.ts"},"compId":339}]}]}]},{"type":"Script","props":{"runtime":"TJ/Promo/script/P106.ts"},"compId":340}]},{"type":"Image","props":{"width":720,"visible":false,"skin":"TJ/Promo/image/di2.png","sizeGrid":"30,26,34,0","name":"组合","height":1280,"centerY":0,"centerX":0,"anchorY":0.5,"anchorX":0.5},"compId":426,"child":[{"type":"Box","props":{"width":552,"scaleY":1.2,"scaleX":1.2,"name":"P202","height":788,"centerY":150,"centerX":0,"anchorY":0.5,"anchorX":0.5},"compId":440,"child":[{"type":"Panel","props":{"top":0,"right":0,"name":"scroll","left":0,"elasticEnabled":false,"bottom":0,"anchorY":0.5,"anchorX":0.5},"compId":441,"child":[{"type":"List","props":{"y":0,"spaceY":20,"spaceX":20,"space":10,"right":0,"name":"layout","left":0,"height":470,"anchorY":0,"anchorX":0.5,"align":"middle"},"compId":442,"child":[{"type":"Box","props":{"y":114,"x":92,"width":164,"renderType":"render","name":"item","height":208,"anchorY":0.5,"anchorX":0.5},"compId":443,"child":[{"type":"Image","props":{"width":140,"skin":"TJ/Promo/image/jx8.png","name":"icon","height":140,"centerY":-22,"centerX":0,"anchorY":0.5,"anchorX":0.5},"compId":444,"child":[{"type":"Image","props":{"width":164,"skin":"TJ/Promo/image/kk3.png","name":"kk","height":208,"centerY":22,"centerX":0},"compId":445},{"type":"Image","props":{"width":83,"visible":false,"skin":"TJ/Promo/image/new2.png","name":"flag1","height":83,"centerY":-39,"centerX":39,"anchorY":0.5,"anchorX":0.5},"compId":446},{"type":"Image","props":{"width":83,"visible":false,"skin":"TJ/Promo/image/remen1.png","name":"flag2","height":83,"centerY":-39,"centerX":39,"anchorY":0.5,"anchorX":0.5},"compId":447},{"type":"Image","props":{"width":83,"visible":false,"skin":"TJ/Promo/image/tuijian2.png","name":"flag3","height":83,"centerY":-39,"centerX":39,"anchorY":0.5,"anchorX":0.5},"compId":448}]},{"type":"Label","props":{"wordWrap":false,"width":164,"valign":"middle","text":"这里是游戏名称","name":"name","multiline":false,"mouseEnabled":false,"height":19,"fontSize":16,"editable":false,"color":"#ffffff","centerY":65,"centerX":0,"anchorY":0.5,"anchorX":0.5,"align":"center"},"compId":449},{"type":"Label","props":{"wordWrap":false,"width":164,"valign":"middle","text":"1, 254, 546人在玩","name":"info","multiline":false,"mouseEnabled":false,"height":18,"fontSize":15,"editable":false,"color":"#ffffff","centerY":88,"centerX":0,"anchorY":0.5,"anchorX":0.5,"align":"center"},"compId":450},{"type":"Script","props":{"runtime":"TJ/Promo/script/PromoItem.ts"},"compId":451},{"type":"Script","props":{"runtime":"TJ/Promo/script/ButtonScale.ts"},"compId":452}]}]}]},{"type":"Script","props":{"runtime":"TJ/Promo/script/P202.ts"},"compId":453}]},{"type":"Label","props":{"y":34,"x":51,"width":160,"valign":"middle","text":"好友在玩","overflow":"visible","height":43,"fontSize":40,"color":"#ffffff","centerY":-585,"centerX":-229,"align":"center"},"compId":457},{"type":"Box","props":{"y":160,"x":360,"width":630,"name":"P204","height":150,"centerY":-480,"centerX":0,"anchorY":0.5,"anchorX":0.5},"compId":427,"child":[{"type":"Image","props":{"visible":true,"top":0,"skin":"TJ/Promo/image/jx6.png","right":0,"name":"bg","left":0,"bottom":0,"anchorY":0.5,"anchorX":0.5},"compId":428},{"type":"Panel","props":{"top":0,"right":0,"name":"scroll","left":0,"elasticEnabled":false,"bottom":0,"anchorY":0.5,"anchorX":0.5},"compId":429,"child":[{"type":"List","props":{"y":0,"x":0,"width":700,"spaceX":20,"repeatY":1,"name":"layout","height":150,"anchorY":0,"anchorX":0},"compId":430,"child":[{"type":"Box","props":{"y":75,"x":75,"width":110,"renderType":"render","name":"item","height":150,"anchorY":0.5,"anchorX":0.5},"compId":431,"child":[{"type":"Image","props":{"width":110,"skin":"TJ/Promo/image/jx8.png","name":"icon","height":110,"centerY":-10,"centerX":0,"anchorY":0.5,"anchorX":0.5},"compId":432,"child":[{"type":"Image","props":{"width":23,"visible":false,"skin":"TJ/Promo/image/y1.png","name":"flag1","height":23,"centerY":-50,"centerX":50,"anchorY":0.5,"anchorX":0.5},"compId":433},{"type":"Image","props":{"width":45,"visible":false,"skin":"TJ/Promo/image/hb2.png","name":"flag2","height":23,"centerY":-50,"centerX":45,"anchorY":0.5,"anchorX":0.5},"compId":434},{"type":"Image","props":{"width":45,"visible":false,"skin":"TJ/Promo/image/rm3.png","name":"flag3","height":23,"centerY":-50,"centerX":45,"anchorY":0.5,"anchorX":0.5},"compId":435}]},{"type":"Script","props":{"runtime":"TJ/Promo/script/PromoItem.ts"},"compId":436},{"type":"Script","props":{"runtime":"TJ/Promo/script/ButtonScale.ts"},"compId":437},{"type":"Label","props":{"x":0,"wordWrap":false,"width":126,"valign":"middle","text":"游戏名字","name":"name","multiline":false,"mouseEnabled":false,"height":21,"fontSize":18,"editable":false,"color":"#000000","centerY":60,"centerX":0,"anchorY":0.5,"anchorX":0.5,"align":"center"},"compId":438}]}]}]},{"type":"Script","props":{"runtime":"TJ/Promo/script/P204.ts"},"compId":439}]},{"type":"Label","props":{"x":51,"width":160,"valign":"middle","text":"热门推荐","overflow":"visible","height":43,"fontSize":40,"color":"#ffffff","centerY":-350,"centerX":-229,"align":"center"},"compId":455}]}],"loadList":["TJ/Promo/image/yjjx14.png","TJ/Promo/image/tc23.png","TJ/Promo/image/gdyx2.png","TJ/Promo/image/sw.png","TJ/Promo/image/jx8.png","TJ/Promo/image/kk2.png","TJ/Promo/image/y1.png","TJ/Promo/image/hb2.png","TJ/Promo/image/rm3.png","TJ/Promo/image/kk3.png","TJ/Promo/image/new2.png","TJ/Promo/image/remen1.png","TJ/Promo/image/tuijian2.png","TJ/Promo/image/jx1.png","TJ/Promo/image/gdyx.png","TJ/Promo/image/tc3.png","TJ/Promo/image/jx6.png","TJ/Promo/image/gdyx3.png","TJ/Promo/image/tishi.png","TJ/Promo/image/di2.png","TJ/Promo/image/kk1.png","TJ/Promo/image/jx11.png","TJ/Promo/image/swdjl.png","TJ/Promo/image/white.jpg","TJ/Promo/image/jx14.png"],"loadList3D":[]}