{"type":"Scene","props":{"width":720,"height":1280},"compId":2,"child":[{"type":"Image","props":{"y":-36,"x":-15,"var":"background","skin":"UI/7e3df512-1a06-470b-8cce-8108aea318b2.png","name":"background"},"compId":5},{"type":"Image","props":{"y":242,"x":545,"width":264,"var":"House1","skin":"UI/1b133db7-3f2e-4f0f-a244-74ada87cafbc.png","sizeGrid":"23,22,24,20","pivotY":114,"pivotX":132,"name":"House1","height":228},"compId":7,"child":[{"type":"Script","props":{"runtime":"script/Game/UIMain_House.ts"},"compId":22},{"type":"Script","props":{"width":264,"isSensor":false,"height":228,"friction":0.2,"density":-1,"runtime":"laya.physics.BoxCollider"},"compId":28},{"type":"Script","props":{"type":"dynamic","gravityScale":0,"runtime":"laya.physics.RigidBody"},"compId":38},{"type":"Image","props":{"y":174,"x":8,"width":81,"skin":"UI/4a042348-242b-44fa-b60e-f70b950633ee.png","sizeGrid":"4,16,5,11","rotation":90,"pivotY":8,"pivotX":41,"name":"Aisle_left","height":16},"compId":10,"child":[{"type":"Script","props":{"y":0,"x":0,"width":81,"isSensor":true,"height":34,"runtime":"laya.physics.BoxCollider"},"compId":31},{"type":"Script","props":{"type":"dynamic","gravityScale":0,"allowSleep":false,"runtime":"laya.physics.RigidBody"},"compId":32},{"type":"Script","props":{"runtime":"script/Game/UIMain_Aisle.ts"},"compId":49}]}]},{"type":"Image","props":{"y":406,"x":165,"width":360,"var":"House2","skin":"UI/924fc533-38cf-4a88-85ab-c4377aa5f50c.png","sizeGrid":"23,22,24,20","pivotY":106,"pivotX":180,"name":"House2","height":211},"compId":8,"child":[{"type":"Script","props":{"y":0,"x":0,"runtime":"script/Game/UIMain_House.ts"},"compId":23},{"type":"Script","props":{"width":360,"isSensor":false,"height":211,"friction":0.2,"density":-1,"runtime":"laya.physics.BoxCollider"},"compId":26},{"type":"Script","props":{"type":"dynamic","group":1,"gravityScale":0,"bullet":true,"allowSleep":false,"runtime":"laya.physics.RigidBody"},"compId":27},{"type":"Image","props":{"y":157,"x":352,"width":81,"skin":"UI/4cb9b9b5-3960-4590-a074-cb1918afdf66.png","sizeGrid":"5,13,5,15","rotation":90,"pivotY":8,"pivotX":41,"name":"Aisle_right","height":16},"compId":14,"child":[{"type":"Script","props":{"y":-12,"x":0,"width":81,"isSensor":true,"height":28,"runtime":"laya.physics.BoxCollider"},"compId":33},{"type":"Script","props":{"type":"dynamic","gravityScale":0,"runtime":"laya.physics.RigidBody"},"compId":34},{"type":"Script","props":{"runtime":"script/Game/UIMain_Aisle.ts"},"compId":50}]}]},{"type":"Sprite","props":{"y":470,"x":148,"width":70,"var":"Person","texture":"UI/f5e340fb-b394-4396-9edb-bdfac869b770.png","pivotY":25,"pivotX":35,"name":"Person","height":50},"compId":16,"child":[{"type":"Script","props":{"runtime":"script/Game/UIMain_Person.ts"},"compId":30},{"type":"Script","props":{"width":70,"isSensor":true,"height":50,"runtime":"laya.physics.BoxCollider"},"compId":39},{"type":"Script","props":{"type":"dynamic","gravityScale":0,"runtime":"laya.physics.RigidBody"},"compId":40}]}],"loadList":["UI/7e3df512-1a06-470b-8cce-8108aea318b2.png","UI/1b133db7-3f2e-4f0f-a244-74ada87cafbc.png","UI/4a042348-242b-44fa-b60e-f70b950633ee.png","UI/924fc533-38cf-4a88-85ab-c4377aa5f50c.png","UI/4cb9b9b5-3960-4590-a074-cb1918afdf66.png","UI/f5e340fb-b394-4396-9edb-bdfac869b770.png"],"loadList3D":[]}