{"type":"Sprite","props":{"y":0,"x":0,"width":53,"presetID":1,"pivotY":24,"pivotX":26,"name":"banana","isPresetRoot":true,"height":48},"compId":313,"child":[{"type":"Image","props":{"y":38,"x":25,"width":111,"skin":"Room/icon_banana.png","scaleY":0.5,"scaleX":0.5,"presetID":2,"pivotY":26,"pivotX":56,"height":52},"compId":317},{"type":"Script","props":{"y":1,"x":20,"width":12,"presetID":3,"label":"banana","isSensor":true,"height":48,"runtime":"laya.physics.BoxCollider"},"compId":315},{"type":"Script","props":{"y":1,"x":0,"presetID":4,"gravityScale":0,"allowSleep":false,"allowRotation":false,"runtime":"laya.physics.RigidBody"},"compId":316}],"loadList":["Room/icon_banana.png"],"loadList3D":[]}