{"type":"Box","props":{"y":0,"x":0,"width":245,"renderType":"render","presetID":1,"pivotX":123,"name":"house","isPresetRoot":true,"height":257},"compId":28,"child":[{"type":"Image","props":{"y":134,"x":123,"skin":"UI_new/GameStart/icon_box01.png","presetID":2,"pivotY":131,"pivotX":122,"name":"pic"},"compId":33,"child":[{"type":"FontClip","props":{"zOrder":10,"y":182,"x":220,"width":228,"var":"LvNum","value":"22","spaceX":-25,"skin":"UI_new/wrod/word_customs_02.png","skewY":-28,"skewX":0,"sheet":"0123456789","scaleY":0.6,"scaleX":0.6,"presetID":3,"pivotY":27,"pivotX":114,"name":"LvNum","height":53,"align":"center"},"compId":34,"child":[{"type":"Sprite","props":{"y":0,"x":31,"texture":"UI_new/wrod/di.png","presetID":4,"alpha":0},"compId":35},{"type":"Sprite","props":{"y":0,"x":154,"texture":"UI_new/wrod/guan.png","presetID":5,"alpha":0},"compId":36}]}]},{"type":"Script","props":{"presetID":6,"runtime":"script/Game/UIStart_House.ts"},"compId":37}],"loadList":["UI_new/GameStart/icon_box01.png","UI_new/wrod/word_customs_02.png","UI_new/wrod/di.png","UI_new/wrod/guan.png"],"loadList3D":[]}