{"type":"Sprite","props":{"y":0,"x":0,"width":106,"presetID":1,"pivotY":54,"pivotX":53,"name":"BtnAgain","isPresetRoot":true,"height":106},"compId":206,"child":[{"type":"Sprite","props":{"y":2,"x":1,"texture":"UI_new/GameMain/board_02_btn.png","presetID":2,"name":""},"compId":204},{"type":"Sprite","props":{"y":19.5,"x":22.5,"width":61,"texture":"UI_new/GameMain/icon_again.png","presetID":4,"height":65},"compId":208}],"loadList":["UI_new/GameMain/board_02_btn.png","UI_new/GameMain/icon_again.png"],"loadList3D":[]}