{"type":"Sprite","props":{"y":0,"x":0,"width":106,"presetID":1,"pivotY":54,"pivotX":53,"name":"BtnHint","isPresetRoot":true,"height":106},"compId":208,"child":[{"type":"Sprite","props":{"texture":"UI_new/GameMain/board_01_btn.png","presetID":2},"compId":211},{"type":"Sprite","props":{"y":15.5,"x":23,"texture":"UI_new/GameMain/icon_hint.png","presetID":3},"compId":213},{"type":"FontClip","props":{"y":86,"x":85,"width":31,"value":"0","spaceX":-7,"skin":"UI_new/wrod/word_hint.png","sheet":"1234567890","presetID":4,"pivotY":10,"pivotX":16,"name":"Num","height":19,"align":"center"},"compId":215}],"loadList":["UI_new/GameMain/board_01_btn.png","UI_new/GameMain/icon_hint.png","UI_new/wrod/word_hint.png"],"loadList3D":[]}