{"type":"Sprite","props":{"y":0,"x":0,"width":106,"var":"BtnPause","presetID":1,"pivotY":54,"pivotX":53,"name":"BtnPause","isPresetRoot":true,"height":106},"compId":206,"child":[{"type":"Sprite","props":{"y":2,"x":1,"texture":"UI_new/GameMain/board_02_btn.png","presetID":2,"name":""},"compId":204},{"type":"Sprite","props":{"y":26,"x":32,"width":44,"texture":"UI_new/GameMain/icon_pause.png","presetID":3,"name":"","height":54},"compId":205}],"loadList":["UI_new/GameMain/board_02_btn.png","UI_new/GameMain/icon_pause.png"],"loadList3D":[]}