{"type":"Sprite","props":{"x":0,"y":0,"width":166,"height":63,"pivotX":83,"pivotY":32,"var":"ExecutionNum","name":"ExecutionNum","presetID":1,"isPresetRoot":true},"compId":206,"child":[{"type":"Sprite","props":{"y":0,"x":-1,"texture":"UI_new/GameStart/ui_board_02.png","name":"","alpha":1,"presetID":2},"compId":207},{"type":"Sprite","props":{"y":13,"x":17,"texture":"UI_new/conmmon/icon_execution.png","name":"","presetID":3},"compId":18},{"type":"FontClip","props":{"y":32.5,"x":95,"width":130,"value":"1428","spaceX":-23,"skin":"UI_new/wrod/word_customs.png","sheet":"0123456789","scaleY":0.53,"scaleX":0.53,"pivotY":25,"pivotX":65,"name":"Num","height":49,"align":"center","presetID":4},"compId":19}],"loadList":["UI_new/GameStart/ui_board_02.png","UI_new/conmmon/icon_execution.png","UI_new/wrod/word_customs.png"],"loadList3D":[]}