{"type":"Sprite","props":{"y":0,"x":0,"width":134,"var":"execution","pivotY":38,"pivotX":72,"name":"execution","height":75,"presetID":1,"isPresetRoot":true},"compId":31,"child":[{"type":"Label","props":{"y":34,"x":102,"width":122,"var":"Num","valign":"middle","text":"5","name":"Num","height":44,"fontSize":50,"color":"#a44415","bold":true,"align":"left","pivotY":22,"presetID":2},"compId":33},{"type":"Label","props":{"y":21,"x":73,"width":30,"text":"X","height":34,"fontSize":38,"color":"#a44415","bold":true,"presetID":3},"compId":32},{"type":"Sprite","props":{"texture":"UI_new/conmmon/icon_execution.png","x":28,"y":38,"width":32,"height":41,"pivotX":16,"pivotY":21,"scaleX":1.8,"scaleY":1.8,"presetID":4},"compId":39}],"loadList":["UI_new/conmmon/icon_execution.png"],"loadList3D":[]}