{"type":"Sprite","props":{"y":0,"x":0,"width":166,"var":"ExecutionNum","presetID":1,"pivotY":32,"pivotX":83,"name":"ExecutionNum","isPresetRoot":true,"height":63},"compId":206,"child":[{"type":"Sprite","props":{"y":0,"x":-1,"texture":"UI_new/GameStart/ui_board_02.png","presetID":2,"name":"","alpha":1},"compId":207},{"type":"Sprite","props":{"y":13,"x":17,"texture":"UI_new/conmmon/icon_execution.png","presetID":3,"name":""},"compId":18},{"type":"FontClip","props":{"y":32.5,"x":95,"width":130,"value":"1428","spaceX":-23,"skin":"UI_new/wrod/word_customs.png","sheet":"0123456789","scaleY":0.53,"scaleX":0.53,"presetID":4,"pivotY":25,"pivotX":65,"name":"Num","height":49,"align":"center"},"compId":19},{"type":"Label","props":{"y":70,"x":84,"width":86,"valign":"middle","text":"00:00","strokeColor":"#59245c","stroke":12,"presetID":6,"pivotY":16,"pivotX":43,"name":"CountDown_board","height":32,"fontSize":31,"font":"Microsoft YaHei","color":"#59245c","bold":true,"align":"center"},"compId":210},{"type":"Label","props":{"y":70,"x":84,"width":86,"valign":"middle","text":"00:00","strokeColor":"#ffffff","stroke":3,"presetID":5,"pivotY":16,"pivotX":43,"name":"CountDown","height":32,"fontSize":31,"font":"Microsoft YaHei","color":"#bd1414","bold":true,"align":"center"},"compId":208},{"type":"Script","props":{"presetID":8,"runtime":"script/Game/UILoding_ExecutionNumNode.ts"},"compId":212}],"loadList":["UI_new/GameStart/ui_board_02.png","UI_new/conmmon/icon_execution.png","UI_new/wrod/word_customs.png"],"loadList3D":[]}