{"type":"Sprite","props":{"y":0,"x":0,"width":134,"var":"execution","presetID":1,"pivotY":38,"pivotX":72,"name":"execution","isPresetRoot":true,"height":75},"compId":31,"child":[{"type":"Label","props":{"y":34,"x":102,"width":122,"var":"Num","valign":"middle","text":"5","presetID":2,"pivotY":22,"name":"Num","height":44,"fontSize":50,"color":"#59245c","bold":true,"align":"left"},"compId":33},{"type":"Label","props":{"y":21,"x":73,"width":30,"text":"X","presetID":3,"height":34,"fontSize":38,"color":"#59245c","bold":true},"compId":32},{"type":"Sprite","props":{"y":38,"x":28,"width":32,"texture":"UI_new/conmmon/icon_execution.png","scaleY":1.8,"scaleX":1.8,"presetID":4,"pivotY":21,"pivotX":16,"height":41},"compId":39}],"loadList":["UI_new/conmmon/icon_execution.png"],"loadList3D":[]}