{"type":"Sprite","props":{"y":0,"x":0,"presetID":1,"name":"Floor_01","isPresetRoot":true},"compId":93,"child":[{"type":"Image","props":{"y":0,"x":0,"width":186,"skin":"UI/ec8071c1-4577-4d6c-9231-2357a90145b1.png","sizeGrid":"0,4,0,8","presetID":2,"height":14},"compId":95},{"type":"Script","props":{"width":186,"presetID":3,"label":"floor","isSensor":true,"height":14,"runtime":"laya.physics.BoxCollider"},"compId":102},{"type":"Script","props":{"presetID":4,"gravityScale":0,"allowSleep":false,"allowRotation":false,"runtime":"laya.physics.RigidBody"},"compId":103}],"loadList":["UI/ec8071c1-4577-4d6c-9231-2357a90145b1.png"],"loadList3D":[]}