{"type":"Sprite","props":{"x":0,"y":0,"width":164,"height":67,"pivotX":82,"pivotY":34,"var":"GoldNum","name":"GoldNum","presetID":1,"isPresetRoot":true},"compId":208,"child":[{"type":"Sprite","props":{"y":0,"x":-1,"texture":"UI_new/GameStart/ui_board_02.png","name":"","alpha":1,"presetID":2},"compId":209},{"type":"Sprite","props":{"y":12.5,"x":12,"texture":"UI_new/conmmon/icon_gold.png","name":"","presetID":3},"compId":210},{"type":"FontClip","props":{"y":36,"x":93,"width":195,"var":"Num","value":"1428","spaceX":-23,"skin":"UI_new/wrod/word_customs.png","sheet":"0123456789","scaleY":0.53,"scaleX":0.53,"pivotY":30,"pivotX":98,"name":"Num","height":60,"align":"center","presetID":4},"compId":211}],"loadList":["UI_new/GameStart/ui_board_02.png","UI_new/conmmon/icon_gold.png","UI_new/wrod/word_customs.png"],"loadList3D":[]}