{"type":"Box","props":{"y":0,"x":0,"width":289,"renderType":"render","presetID":1,"pivotX":145,"isPresetRoot":true,"height":257},"compId":28,"child":[{"type":"Image","props":{"y":136,"x":145,"width":288,"skin":"UI_new/GameStart/icon_box01.png","presetID":2,"pivotY":133,"pivotX":144,"name":"pic","height":266},"compId":33,"child":[{"type":"FontClip","props":{"zOrder":10,"y":179,"x":219,"width":228,"value":"22","spaceX":-25,"skin":"UI_new/wrod/word_customs_02.png","skewY":-28,"skewX":0,"sheet":"0123456789","scaleY":0.6,"scaleX":0.6,"presetID":3,"pivotY":27,"pivotX":114,"name":"LvNum","height":53,"align":"center"},"compId":47,"child":[{"type":"Sprite","props":{"y":0,"x":31,"texture":"UI_new/wrod/di.png","presetID":4,"alpha":0},"compId":48},{"type":"Sprite","props":{"y":0,"x":154,"texture":"UI_new/wrod/guan.png","presetID":5,"alpha":0},"compId":49}]},{"type":"Image","props":{"y":115,"x":166,"skin":"UI_new/GameStart/icon_unlock.png","presetID":7,"name":"lock"},"compId":51}]},{"type":"Script","props":{"presetID":6,"runtime":"script/Game/UIStart_House.ts"},"compId":50}],"loadList":["UI_new/GameStart/icon_box01.png","UI_new/wrod/word_customs_02.png","UI_new/wrod/di.png","UI_new/wrod/guan.png","UI_new/GameStart/icon_unlock.png"],"loadList3D":[]}