{"type":"Sprite","props":{"y":0,"x":0,"width":146,"var":"KeyNum","presetID":1,"pivotY":32,"pivotX":73,"name":"KeyNum","isPresetRoot":true,"height":64},"compId":143,"child":[{"type":"Image","props":{"skin":"UI/f7607743-d2e5-4d9a-ad8c-e6b3017a2409.png","presetID":2,"name":"baseboard"},"compId":144},{"type":"Sprite","props":{"y":5,"x":16,"texture":"UI/4e309772-be29-45d1-9227-bb3d977d4059.png","presetID":3},"compId":145},{"type":"Label","props":{"y":33,"x":93,"width":52,"var":"Num","valign":"middle","text":"5","presetID":4,"pivotY":17,"pivotX":26,"name":"Num","height":33,"fontSize":35,"align":"center"},"compId":146}],"loadList":["UI/f7607743-d2e5-4d9a-ad8c-e6b3017a2409.png","UI/4e309772-be29-45d1-9227-bb3d977d4059.png"],"loadList3D":[]}