{"type":"Image","props":{"y":0,"x":0,"rotation":-90,"presetID":1,"name":"left_Aisle","isPresetRoot":true,"width":81,"sizeGrid":"5,13,5,15","pivotY":8,"pivotX":41,"height":16},"compId":70,"child":[{"type":"Script","props":{"presetID":2,"y":-29,"x":0,"width":81,"label":"Aisle","isSensor":true,"height":45,"runtime":"laya.physics.BoxCollider"},"compId":19},{"type":"Script","props":{"presetID":3,"type":"dynamic","gravityScale":0,"allowSleep":false,"runtime":"laya.physics.RigidBody"},"compId":20},{"type":"Sprite","props":{"presetID":5,"y":-15,"x":40.5,"width":80,"texture":"UI/40bacf8d-b069-4dc3-9d5e-ef2388ac0475.png","rotation":0,"pivotY":17,"pivotX":40,"height":34},"compId":50},{"type":"Image","props":{"presetID":6,"skin":"UI/4cb9b9b5-3960-4590-a074-cb1918afdf66.png"},"compId":51},{"type":"Script","props":{"y":0,"x":0,"presetID":4,"runtime":"script/Game/UIMain_Aisle.ts"},"compId":21}],"loadList":["UI/40bacf8d-b069-4dc3-9d5e-ef2388ac0475.png","UI/4cb9b9b5-3960-4590-a074-cb1918afdf66.png"],"loadList3D":[]}