{"type":"Sprite","props":{"y":0,"x":0,"presetID":1,"isPresetRoot":true},"compId":460,"child":[{"type":"Box","props":{"y":0,"x":0,"width":112,"presetID":2,"name":"P201","height":138,"anchorY":0.5,"anchorX":0.5},"compId":461,"child":[{"type":"Image","props":{"width":102,"skin":"TJ/Promo/image/jx8.png","presetID":3,"name":"icon","height":102,"centerY":-13,"centerX":0,"anchorY":0.5,"anchorX":0.5},"compId":462,"child":[{"type":"Image","props":{"width":112,"skin":"TJ/Promo/image/kk2.png","presetID":4,"name":"kk","height":138,"centerY":13,"centerX":0},"compId":463},{"type":"Image","props":{"width":23,"visible":false,"skin":"TJ/Promo/image/y1.png","presetID":5,"name":"flag1","height":23,"centerY":-45,"centerX":45,"anchorY":0.5,"anchorX":0.5},"compId":464},{"type":"Image","props":{"width":45,"visible":false,"skin":"TJ/Promo/image/hb2.png","presetID":6,"name":"flag2","height":23,"centerY":-44,"centerX":40,"anchorY":0.5,"anchorX":0.5},"compId":465},{"type":"Image","props":{"width":45,"visible":false,"skin":"TJ/Promo/image/rm3.png","presetID":7,"name":"flag3","height":23,"centerY":-44,"centerX":40,"anchorY":0.5,"anchorX":0.5},"compId":466}]},{"type":"Label","props":{"wordWrap":false,"width":105,"valign":"middle","text":"这里是游戏名称","presetID":8,"name":"name","multiline":false,"mouseEnabled":false,"height":18,"fontSize":15,"editable":false,"centerY":54,"centerX":0,"anchorY":0.5,"anchorX":0.5,"align":"center"},"compId":467},{"type":"Script","props":{"presetID":9,"runtime":"TJ/Promo/script/PromoItem.ts"},"compId":468},{"type":"Script","props":{"presetID":10,"runtime":"TJ/Promo/script/ButtonScale.ts"},"compId":469},{"type":"Script","props":{"shake":true,"presetID":11,"runtime":"TJ/Promo/script/P201.ts"},"compId":470}]}],"loadList":["TJ/Promo/image/jx8.png","TJ/Promo/image/kk2.png","TJ/Promo/image/y1.png","TJ/Promo/image/hb2.png","TJ/Promo/image/rm3.png"],"loadList3D":[]}