{"type":"Sprite","props":{"y":0,"x":0,"width":70,"var":"Person","texture":"UI/f5e340fb-b394-4396-9edb-bdfac869b770.png","pivotY":25,"pivotX":35,"name":"Person","height":50,"presetID":1,"isPresetRoot":true},"compId":56,"child":[{"type":"Script","props":{"presetID":2,"runtime":"script/Game/UIMain_Person.ts"},"compId":57},{"type":"Script","props":{"y":0,"x":29,"width":12,"isSensor":true,"height":50,"presetID":3,"runtime":"laya.physics.BoxCollider"},"compId":58},{"type":"Script","props":{"gravityScale":0,"allowSleep":false,"allowRotation":false,"presetID":4,"runtime":"laya.physics.RigidBody"},"compId":59}],"loadList":["UI/f5e340fb-b394-4396-9edb-bdfac869b770.png"],"loadList3D":[]}