{"type":"Image","props":{"skin":"UI/ec8071c1-4577-4d6c-9231-2357a90145b1.png","x":0,"y":0,"width":176,"height":14,"sizeGrid":"0,8,0,9","pivotX":88,"pivotY":7,"name":"secondFloor","presetID":1,"isPresetRoot":true},"compId":64,"child":[{"type":"Script","props":{"width":176,"height":14,"presetID":2,"runtime":"laya.physics.BoxCollider"},"compId":79},{"type":"Script","props":{"presetID":3,"runtime":"laya.physics.RigidBody"},"compId":80}],"loadList":["UI/ec8071c1-4577-4d6c-9231-2357a90145b1.png"],"loadList3D":[]}