{"type":"Sprite","props":{"y":0,"x":0,"width":48,"presetID":1,"pivotY":42,"pivotX":24,"isPresetRoot":true,"height":83},"compId":42,"child":[{"type":"Sprite","props":{"y":42,"x":17,"width":80,"texture":"UI/40bacf8d-b069-4dc3-9d5e-ef2388ac0475.png","rotation":-90,"presetID":2,"pivotY":17,"pivotX":40,"height":34},"compId":44,"child":[{"type":"Script","props":{"width":80,"presetID":3,"height":34,"runtime":"laya.physics.BoxCollider"},"compId":45},{"type":"Script","props":{"presetID":4,"runtime":"laya.physics.RigidBody"},"compId":46}]},{"type":"Image","props":{"y":42,"x":36,"width":81,"skin":"UI/4a042348-242b-44fa-b60e-f70b950633ee.png","rotation":90,"presetID":5,"pivotY":8,"pivotX":41,"height":15},"compId":47}],"loadList":["UI/40bacf8d-b069-4dc3-9d5e-ef2388ac0475.png","UI/4a042348-242b-44fa-b60e-f70b950633ee.png"],"loadList3D":[]}