{"type":"Sprite","props":{"x":0,"y":0,"width":57,"height":69,"name":"Target","presetID":1,"isPresetRoot":true},"compId":114,"child":[{"type":"Image","props":{"skin":"UI/d8cf343e-1930-4a38-b853-a555550e8300.png","x":0,"y":2,"width":57,"height":67,"presetID":2},"compId":115},{"type":"Script","props":{"width":57,"height":69,"label":"target","isSensor":true,"presetID":3,"runtime":"laya.physics.BoxCollider"},"compId":116},{"type":"Script","props":{"gravityScale":0,"allowSleep":true,"allowRotation":true,"presetID":4,"runtime":"laya.physics.RigidBody"},"compId":117}],"loadList":["UI/d8cf343e-1930-4a38-b853-a555550e8300.png"],"loadList3D":[]}