{"type":"Scene","props":{"width":720,"height":1280},"compId":2,"child":[{"type":"Sprite","props":{"y":0,"x":0,"texture":"UI_new/Defeated/xiaoguotu.jpg","alpha":0},"compId":9},{"type":"Image","props":{"y":0,"x":0,"width":720,"var":"background","skin":"UI_new/conmmon/bg_blackmask.png","sizeGrid":"5,6,5,10","pivotY":0,"pivotX":0,"name":"background","height":1280,"alpha":1},"compId":8},{"type":"Script","props":{"runtime":"script/Game/UIDefeated.ts"},"compId":7},{"type":"Sprite","props":{"y":649,"x":355,"width":615,"var":"sceneContent","pivotY":461,"pivotX":298,"name":"sceneContent","height":905},"compId":10,"child":[{"type":"Sprite","props":{"y":-28,"x":-6,"texture":"UI_new/Defeated/ui_baseboard_01.png","alpha":1},"compId":12},{"type":"Sprite","props":{"y":64,"x":262,"width":276,"texture":"UI_new/Defeated/logo.png","pivotY":48,"pivotX":104,"height":96},"compId":11},{"type":"FontClip","props":{"y":272,"x":294,"width":228,"var":"LvNum","value":"15","spaceX":-25,"skin":"UI_new/wrod/word_customs.png","sheet":"0123456789","pivotY":27,"pivotX":114,"name":"LvNum","height":53,"align":"center"},"compId":26,"child":[{"type":"Sprite","props":{"y":0,"x":20,"texture":"UI_new/wrod/di.png"},"compId":27},{"type":"Sprite","props":{"y":0,"x":168,"texture":"UI_new/wrod/guan.png"},"compId":28}]},{"type":"Sprite","props":{"y":422,"x":296,"width":160,"visible":true,"var":"BtnAgain","texture":"UI_new/Defeated/again_btn.png","pivotY":80,"pivotX":80,"name":"BtnAgain","height":159},"compId":14},{"type":"Sprite","props":{"y":1039,"x":304,"width":350,"visible":false,"var":"BtnScelet","pivotY":27,"pivotX":175,"name":"BtnScelet","height":53},"compId":19,"child":[{"type":"Sprite","props":{"y":24,"x":24,"var":"scelet","texture":"UI_new/conmmon/get_02_btn.png","name":"scelet"},"compId":18},{"type":"Sprite","props":{"y":17,"x":17,"texture":"UI_new/conmmon/get_01_btn.png"},"compId":16}]},{"type":"Sprite","props":{"y":779,"x":294,"width":242,"visible":true,"var":"BtnLast","texture":"UI_new/Victory/rede_btn.png","pivotY":66,"pivotX":121,"name":"BtnLast","height":131,"alpha":1},"compId":20,"child":[{"type":"Sprite","props":{"y":29,"x":14,"texture":"UI_new/Victory/icon_adv_green.png"},"compId":21},{"type":"Sprite","props":{"y":40,"x":87,"texture":"UI_new/Defeated/word_next.png"},"compId":22}]},{"type":"Sprite","props":{"y":567,"x":172,"visible":true,"var":"BtnExAdv","texture":"UI_new/Victory/green_btn.png","name":"BtnExAdv","alpha":1},"compId":23,"child":[{"type":"Sprite","props":{"y":40,"x":86,"texture":"UI_new/Victory/word_add3.png"},"compId":24},{"type":"Sprite","props":{"y":27,"x":14,"texture":"UI_new/Victory/icon_adv_red.png"},"compId":25}]}]},{"type":"Sprite","props":{"y":116,"x":640,"width":103,"visible":false,"var":"BtnShare","pivotY":53,"pivotX":52,"name":"BtnShare","height":106},"compId":29,"child":[{"type":"Sprite","props":{"texture":"UI_new/Defeated/board_02_btn.png"},"compId":31},{"type":"Sprite","props":{"y":21.5,"x":22.5,"texture":"UI_new/Defeated/share_btn_01.png"},"compId":32}]}],"loadList":["UI_new/Defeated/xiaoguotu.jpg","UI_new/conmmon/bg_blackmask.png","UI_new/Defeated/ui_baseboard_01.png","UI_new/Defeated/logo.png","UI_new/wrod/word_customs.png","UI_new/wrod/di.png","UI_new/wrod/guan.png","UI_new/Defeated/again_btn.png","UI_new/conmmon/get_02_btn.png","UI_new/conmmon/get_01_btn.png","UI_new/Victory/rede_btn.png","UI_new/Victory/icon_adv_green.png","UI_new/Defeated/word_next.png","UI_new/Victory/green_btn.png","UI_new/Victory/word_add3.png","UI_new/Victory/icon_adv_red.png","UI_new/Defeated/board_02_btn.png","UI_new/Defeated/share_btn_01.png"],"loadList3D":[]}