{"type":"Scene","props":{"width":720,"height":1280},"compId":2,"child":[{"type":"Sprite","props":{"y":0,"x":0,"texture":"UI_new/Defeated/xiaoguotu.jpg","alpha":0},"compId":9},{"type":"Image","props":{"y":0,"x":0,"width":720,"var":"background","skin":"UI_new/conmmon/bg_blackmask.png","sizeGrid":"5,6,5,10","pivotY":0,"pivotX":0,"name":"background","height":1280,"alpha":1},"compId":8},{"type":"Script","props":{"runtime":"script/Game/UIDefeated.ts"},"compId":7},{"type":"Sprite","props":{"y":649,"x":355,"width":615,"var":"sceneContent","pivotY":461,"pivotX":298,"name":"sceneContent","height":905},"compId":10,"child":[{"type":"Sprite","props":{"y":-28,"x":-6,"texture":"UI_new/Defeated/ui_baseboard_01.png","alpha":1},"compId":12},{"type":"Sprite","props":{"y":64,"x":262,"width":276,"texture":"UI_new/Defeated/logo.png","pivotY":48,"pivotX":104,"height":96},"compId":11},{"type":"FontClip","props":{"y":272,"x":294,"width":228,"var":"LvNum","value":"15","spaceX":-25,"skin":"UI_new/wrod/word_customs.png","sheet":"0123456789","pivotY":27,"pivotX":114,"name":"LvNum","height":53,"align":"center"},"compId":26,"child":[{"type":"Sprite","props":{"y":0,"x":20,"texture":"UI_new/wrod/di.png"},"compId":27},{"type":"Sprite","props":{"y":0,"x":168,"texture":"UI_new/wrod/guan.png"},"compId":28}]},{"type":"Sprite","props":{"y":422,"x":296,"width":160,"visible":true,"var":"BtnAgain","texture":"UI_new/Defeated/again_btn.png","pivotY":80,"pivotX":80,"name":"BtnAgain","height":159},"compId":14},{"type":"Sprite","props":{"y":1039,"x":304,"width":350,"visible":false,"var":"BtnScelet","pivotY":27,"pivotX":175,"name":"BtnScelet","height":53},"compId":19,"child":[{"type":"Sprite","props":{"y":24,"x":24,"var":"scelet","texture":"UI_new/conmmon/get_02_btn.png","name":"scelet"},"compId":18},{"type":"Sprite","props":{"y":17,"x":17,"texture":"UI_new/conmmon/get_01_btn.png"},"compId":16}]},{"type":"Sprite","props":{"y":629.5,"x":294,"width":242,"visible":true,"var":"BtnLast","texture":"UI_new/Victory/rede_btn.png","pivotY":66,"pivotX":121,"name":"BtnLast","height":131,"alpha":1},"compId":20,"child":[{"type":"Sprite","props":{"y":29,"x":14,"texture":"UI_new/Victory/icon_adv_green.png"},"compId":21},{"type":"Sprite","props":{"y":40,"x":87,"texture":"UI_new/Defeated/word_next.png"},"compId":22}]},{"type":"Sprite","props":{"y":952,"x":294,"width":94,"var":"BtnBack","texture":"UI_new/conmmon/word_back.png","pivotY":23,"pivotX":47,"name":"BtnBack","height":45},"compId":36},{"type":"Sprite","props":{"y":774,"x":294,"width":242,"visible":true,"var":"BtnShare","texture":"UI_new/Victory/green_btn.png","pivotY":66,"pivotX":121,"name":"BtnShare","height":131,"alpha":1},"compId":37,"child":[{"type":"Sprite","props":{"y":40,"x":112,"texture":"UI_new/conmmon/word_share.png"},"compId":38},{"type":"Sprite","props":{"y":28.5,"x":43,"texture":"UI_new/conmmon/icon_share.png"},"compId":39}]},{"type":"Box","props":{"width":112,"visible":true,"name":"P201","height":138,"centerY":-160,"centerX":-213,"anchorY":0.5,"anchorX":0.5},"compId":44,"child":[{"type":"Image","props":{"width":102,"skin":"TJ/Promo/image/jx8.png","name":"icon","height":102,"centerY":-13,"centerX":0,"anchorY":0.5,"anchorX":0.5},"compId":45,"child":[{"type":"Image","props":{"width":112,"skin":"TJ/Promo/image/kk2.png","name":"kk","height":138,"centerY":13,"centerX":0},"compId":46},{"type":"Image","props":{"width":23,"visible":false,"skin":"TJ/Promo/image/y1.png","name":"flag1","height":23,"centerY":-45,"centerX":45,"anchorY":0.5,"anchorX":0.5},"compId":47},{"type":"Image","props":{"width":45,"visible":false,"skin":"TJ/Promo/image/hb2.png","name":"flag2","height":23,"centerY":-44,"centerX":40,"anchorY":0.5,"anchorX":0.5},"compId":48},{"type":"Image","props":{"width":45,"visible":false,"skin":"TJ/Promo/image/rm3.png","name":"flag3","height":23,"centerY":-44,"centerX":40,"anchorY":0.5,"anchorX":0.5},"compId":49}]},{"type":"Label","props":{"wordWrap":false,"width":105,"valign":"middle","text":"这里是游戏名称","name":"name","multiline":false,"mouseEnabled":false,"height":18,"fontSize":15,"editable":false,"centerY":54,"centerX":0,"anchorY":0.5,"anchorX":0.5,"align":"center"},"compId":50},{"type":"Script","props":{"runtime":"TJ/Promo/script/PromoItem.ts"},"compId":51},{"type":"Script","props":{"runtime":"TJ/Promo/script/ButtonScale.ts"},"compId":52},{"type":"Script","props":{"shake":true,"runtime":"TJ/Promo/script/P201.ts"},"compId":53}]},{"type":"Box","props":{"width":112,"visible":true,"name":"P201","height":138,"centerY":-160,"centerX":194,"anchorY":0.5,"anchorX":0.5},"compId":64,"child":[{"type":"Image","props":{"width":102,"skin":"TJ/Promo/image/jx8.png","name":"icon","height":102,"centerY":-13,"centerX":0,"anchorY":0.5,"anchorX":0.5},"compId":65,"child":[{"type":"Image","props":{"width":112,"skin":"TJ/Promo/image/kk2.png","name":"kk","height":138,"centerY":13,"centerX":0},"compId":66},{"type":"Image","props":{"width":23,"visible":false,"skin":"TJ/Promo/image/y1.png","name":"flag1","height":23,"centerY":-45,"centerX":45,"anchorY":0.5,"anchorX":0.5},"compId":67},{"type":"Image","props":{"width":45,"visible":false,"skin":"TJ/Promo/image/hb2.png","name":"flag2","height":23,"centerY":-44,"centerX":40,"anchorY":0.5,"anchorX":0.5},"compId":68},{"type":"Image","props":{"width":45,"visible":false,"skin":"TJ/Promo/image/rm3.png","name":"flag3","height":23,"centerY":-44,"centerX":40,"anchorY":0.5,"anchorX":0.5},"compId":69}]},{"type":"Label","props":{"wordWrap":false,"width":105,"valign":"middle","text":"这里是游戏名称","name":"name","multiline":false,"mouseEnabled":false,"height":18,"fontSize":15,"editable":false,"centerY":54,"centerX":0,"anchorY":0.5,"anchorX":0.5,"align":"center"},"compId":70},{"type":"Script","props":{"runtime":"TJ/Promo/script/PromoItem.ts"},"compId":71},{"type":"Script","props":{"runtime":"TJ/Promo/script/ButtonScale.ts"},"compId":72},{"type":"Script","props":{"shake":true,"runtime":"TJ/Promo/script/P201.ts"},"compId":73}]}]}],"loadList":["UI_new/Defeated/xiaoguotu.jpg","UI_new/conmmon/bg_blackmask.png","UI_new/Defeated/ui_baseboard_01.png","UI_new/Defeated/logo.png","UI_new/wrod/word_customs.png","UI_new/wrod/di.png","UI_new/wrod/guan.png","UI_new/Defeated/again_btn.png","UI_new/conmmon/get_02_btn.png","UI_new/conmmon/get_01_btn.png","UI_new/Victory/rede_btn.png","UI_new/Victory/icon_adv_green.png","UI_new/Defeated/word_next.png","UI_new/conmmon/word_back.png","UI_new/Victory/green_btn.png","UI_new/conmmon/word_share.png","UI_new/conmmon/icon_share.png","TJ/Promo/image/jx8.png","TJ/Promo/image/kk2.png","TJ/Promo/image/y1.png","TJ/Promo/image/hb2.png","TJ/Promo/image/rm3.png"],"loadList3D":[]}