{"type":"View","props":{"width":720,"height":1280},"compId":2,"child":[{"type":"Image","props":{"y":0,"x":0,"var":"background","skin":"UI_new/conmmon/bg_blackmask.png","name":"background"},"compId":5},{"type":"Sprite","props":{"texture":"UI_new/ExecutionHint/xiaoguotu.jpg","alpha":0},"compId":22},{"type":"Sprite","props":{"y":616,"x":362,"width":531,"var":"sceneContent","pivotY":336,"pivotX":275,"name":"sceneContent","height":671},"compId":3,"child":[{"type":"Sprite","props":{"y":0,"x":0,"width":530,"texture":"UI_new/PassHint/ui_baseboard.png","height":654,"alpha":1},"compId":8},{"type":"Sprite","props":{"y":81,"x":272,"width":273,"texture":"UI_new/ExecutionHint/logo.png","pivotY":30,"pivotX":137,"height":59},"compId":9},{"type":"Sprite","props":{"y":508,"x":250,"var":"Btn","texture":"UI_new/ExecutionHint/adv_btn.png","pivotY":53,"pivotX":98,"name":"Btn","alpha":1},"compId":10,"child":[{"type":"Sprite","props":{"y":58,"x":197,"width":59,"var":"BtnClose","pivotY":53,"pivotX":30,"name":"BtnClose","height":106},"compId":26,"child":[{"type":"Sprite","props":{"y":19,"x":15,"texture":"UI_new/ExecutionHint/word_close.png"},"compId":27}]},{"type":"Sprite","props":{"y":12,"x":3,"width":161,"var":"BtnGet","name":"BtnGet","height":85},"compId":24,"child":[{"type":"Sprite","props":{"y":34,"x":54,"texture":"UI_new/ExecutionHint/word_get.png"},"compId":23},{"type":"Sprite","props":{"y":24,"x":4,"texture":"UI_new/PassHint/icon_adv.png"},"compId":25}]}]},{"type":"Sprite","props":{"y":169,"x":43,"texture":"UI_new/conmmon/ui_line.png"},"compId":18},{"type":"Image","props":{"y":590,"x":215,"visible":false,"var":"SelectDec","skin":"UI_new/ExecutionHint/word_noget_02.png","name":"SelectDec","alpha":0},"compId":29},{"type":"Sprite","props":{"y":230,"x":271,"width":269,"texture":"UI_new/ExecutionHint/word_get_02.png","pivotY":22,"pivotX":135,"height":43},"compId":30},{"type":"Sprite","props":{"y":338,"x":279,"width":134,"var":"execution","pivotY":38,"pivotX":72,"name":"execution","height":75},"compId":31,"child":[{"type":"Label","props":{"y":34,"x":102,"width":122,"var":"Num","valign":"middle","text":"5","pivotY":22,"name":"Num","height":44,"fontSize":50,"color":"#a44415","bold":true,"align":"left"},"compId":33},{"type":"Label","props":{"y":21,"x":73,"width":30,"text":"X","height":34,"fontSize":38,"color":"#a44415","bold":true},"compId":32},{"type":"Sprite","props":{"y":38,"x":28,"width":32,"texture":"UI_new/conmmon/icon_execution.png","scaleY":1.8,"scaleX":1.8,"pivotY":21,"pivotX":16,"height":41},"compId":39}]}]},{"type":"Script","props":{"runtime":"script/Game/UIExecutionHint.ts"},"compId":21},{"type":"Sprite","props":{"y":692,"x":212,"width":288,"visible":false,"var":"BtnSclect","name":"BtnSclect","height":36,"alpha":0},"compId":37,"child":[{"type":"Image","props":{"y":20,"x":92,"skin":"UI_new/ExecutionHint/get_btn_01.png","pivotY":14,"pivotX":82,"name":"get"},"compId":36},{"type":"Image","props":{"y":6,"x":72,"skin":"UI_new/ExecutionHint/get_btn_02.png","name":"noget"},"compId":38}]},{"type":"Box","props":{"width":112,"name":"P201","height":138,"centerY":-470,"centerX":-231,"anchorY":0.5,"anchorX":0.5},"compId":40,"child":[{"type":"Image","props":{"width":102,"skin":"TJ/Promo/image/jx8.png","name":"icon","height":102,"centerY":-13,"centerX":0,"anchorY":0.5,"anchorX":0.5},"compId":41,"child":[{"type":"Image","props":{"width":112,"skin":"TJ/Promo/image/kk2.png","name":"kk","height":138,"centerY":13,"centerX":0},"compId":42},{"type":"Image","props":{"width":23,"visible":false,"skin":"TJ/Promo/image/y1.png","name":"flag1","height":23,"centerY":-45,"centerX":45,"anchorY":0.5,"anchorX":0.5},"compId":43},{"type":"Image","props":{"width":45,"visible":false,"skin":"TJ/Promo/image/hb2.png","name":"flag2","height":23,"centerY":-44,"centerX":40,"anchorY":0.5,"anchorX":0.5},"compId":44},{"type":"Image","props":{"width":45,"visible":false,"skin":"TJ/Promo/image/rm3.png","name":"flag3","height":23,"centerY":-44,"centerX":40,"anchorY":0.5,"anchorX":0.5},"compId":45}]},{"type":"Label","props":{"wordWrap":false,"width":105,"valign":"middle","text":"这里是游戏名称","name":"name","multiline":false,"mouseEnabled":false,"height":18,"fontSize":15,"editable":false,"centerY":54,"centerX":0,"anchorY":0.5,"anchorX":0.5,"align":"center"},"compId":46},{"type":"Script","props":{"runtime":"TJ/Promo/script/PromoItem.ts"},"compId":47},{"type":"Script","props":{"runtime":"TJ/Promo/script/ButtonScale.ts"},"compId":48},{"type":"Script","props":{"shake":true,"runtime":"TJ/Promo/script/P201.ts"},"compId":49}]},{"type":"Box","props":{"width":112,"name":"P201","height":138,"centerY":-470,"centerX":228,"anchorY":0.5,"anchorX":0.5},"compId":50,"child":[{"type":"Image","props":{"width":102,"skin":"TJ/Promo/image/jx8.png","name":"icon","height":102,"centerY":-13,"centerX":0,"anchorY":0.5,"anchorX":0.5},"compId":51,"child":[{"type":"Image","props":{"width":112,"skin":"TJ/Promo/image/kk2.png","name":"kk","height":138,"centerY":13,"centerX":0},"compId":52},{"type":"Image","props":{"width":23,"visible":false,"skin":"TJ/Promo/image/y1.png","name":"flag1","height":23,"centerY":-45,"centerX":45,"anchorY":0.5,"anchorX":0.5},"compId":53},{"type":"Image","props":{"width":45,"visible":false,"skin":"TJ/Promo/image/hb2.png","name":"flag2","height":23,"centerY":-44,"centerX":40,"anchorY":0.5,"anchorX":0.5},"compId":54},{"type":"Image","props":{"width":45,"visible":false,"skin":"TJ/Promo/image/rm3.png","name":"flag3","height":23,"centerY":-44,"centerX":40,"anchorY":0.5,"anchorX":0.5},"compId":55}]},{"type":"Label","props":{"wordWrap":false,"width":105,"valign":"middle","text":"这里是游戏名称","name":"name","multiline":false,"mouseEnabled":false,"height":18,"fontSize":15,"editable":false,"centerY":54,"centerX":0,"anchorY":0.5,"anchorX":0.5,"align":"center"},"compId":56},{"type":"Script","props":{"runtime":"TJ/Promo/script/PromoItem.ts"},"compId":57},{"type":"Script","props":{"runtime":"TJ/Promo/script/ButtonScale.ts"},"compId":58},{"type":"Script","props":{"shake":true,"runtime":"TJ/Promo/script/P201.ts"},"compId":59}]}],"loadList":["UI_new/conmmon/bg_blackmask.png","UI_new/ExecutionHint/xiaoguotu.jpg","UI_new/PassHint/ui_baseboard.png","UI_new/ExecutionHint/logo.png","UI_new/ExecutionHint/adv_btn.png","UI_new/ExecutionHint/word_close.png","UI_new/ExecutionHint/word_get.png","UI_new/PassHint/icon_adv.png","UI_new/conmmon/ui_line.png","UI_new/ExecutionHint/word_noget_02.png","UI_new/ExecutionHint/word_get_02.png","UI_new/conmmon/icon_execution.png","UI_new/ExecutionHint/get_btn_01.png","UI_new/ExecutionHint/get_btn_02.png","TJ/Promo/image/jx8.png","TJ/Promo/image/kk2.png","TJ/Promo/image/y1.png","TJ/Promo/image/hb2.png","TJ/Promo/image/rm3.png"],"loadList3D":[]}