{"type":"Scene","props":{"width":720,"name":"UILoding","height":1280},"compId":2,"child":[{"type":"Image","props":{"y":640,"x":373,"width":720,"var":"background","skin":"UI_new/conmmon/bg_yeloow.png","pivotY":640,"pivotX":373,"name":"background","height":1700,"alpha":1},"compId":24},{"type":"Sprite","props":{"y":0,"x":0,"texture":"UI_new/Loding/word_loding.jpg","height":1700,"alpha":0},"compId":40},{"type":"Sprite","props":{"y":311,"x":360,"var":"Logo","texture":"UI_new/Loding/logo.png","pivotY":72,"pivotX":244,"name":"Logo"},"compId":25},{"type":"Sprite","props":{"y":997,"x":157,"var":"Word","texture":"UI_new/Loding/word_loding.png","pivotY":19,"pivotX":71,"name":"Word"},"compId":30},{"type":"Sprite","props":{"y":1039,"x":312.5,"width":552,"var":"Progress","pivotY":28,"pivotX":239,"name":"Progress","height":55},"compId":33,"child":[{"type":"Sprite","props":{"y":46,"x":0,"texture":"UI_new/Loding/ui_progress.png","pivotY":28},"compId":35},{"type":"Image","props":{"y":43,"x":6,"width":565,"var":"ProgressBar","skin":"UI_new/Loding/ui_progress&bar.png","sizeGrid":"0,24,0,25","pivotY":21,"name":"ProgressBar","height":23},"compId":37,"child":[{"type":"Sprite","props":{"y":-27,"x":-366,"width":637,"var":"Mask","texture":"UI_new/Loding/ui_progress&bar.png","renderType":"mask","name":"Mask","height":71},"compId":39}]},{"type":"Sprite","props":{"y":21,"x":277,"texture":"UI_new/Loding/per50%.png"},"compId":41}]},{"type":"Script","props":{"y":0,"x":0,"runtime":"script/Game/UILoding.ts"},"compId":21}],"loadList":["UI_new/conmmon/bg_yeloow.png","UI_new/Loding/word_loding.jpg","UI_new/Loding/logo.png","UI_new/Loding/word_loding.png","UI_new/Loding/ui_progress.png","UI_new/Loding/ui_progress&bar.png","UI_new/Loding/per50%.png"],"loadList3D":[]}