{"type":"View","props":{"width":720,"name":"UIMain_001","height":1280},"compId":2,"child":[{"type":"Image","props":{"y":0,"x":0,"width":720,"var":"background","skin":"UI_new/conmmon/bg_yeloow.png","name":"background","height":1280},"compId":3},{"type":"Image","props":{"y":587,"x":304,"width":262,"var":"guideRoom","skin":"Room/room_bluish.png","sizeGrid":"19,30,25,24","pivotY":113,"pivotX":131,"name":"guideRoom","height":225,"alpha":0.3},"compId":474},{"type":"Image","props":{"y":586,"x":566,"width":264,"var":"Room2","skin":"Room/room_green.png","sizeGrid":"23,22,24,20","pivotY":114,"pivotX":132,"name":"Room2","height":228},"compId":4,"child":[{"type":"Script","props":{"y":0,"x":2,"width":260,"isSensor":false,"height":228,"friction":0.2,"density":-1,"runtime":"laya.physics.BoxCollider"},"compId":5},{"type":"Script","props":{"type":"dynamic","gravityScale":0,"allowSleep":false,"allowRotation":false,"runtime":"laya.physics.RigidBody"},"compId":6},{"type":"Sprite","props":{"y":56,"x":140,"texture":"Room/ui_bookrack.png"},"compId":152},{"type":"Sprite","props":{"y":105,"x":249,"width":14,"name":"left_Wall","height":120},"compId":11,"child":[{"type":"Script","props":{"y":0,"x":0,"width":14,"label":"wall","isSensor":true,"height":121,"runtime":"laya.physics.BoxCollider"},"compId":12},{"type":"Script","props":{"gravityScale":0,"bullet":true,"allowSleep":false,"runtime":"laya.physics.RigidBody"},"compId":13}]},{"type":"Script","props":{"runtime":"script/Game/UIMain_Room.ts"},"compId":14},{"type":"Sprite","props":{"y":213,"x":3,"width":224,"name":"Floor_01_Room2","height":14},"compId":118,"child":[{"type":"Image","props":{"y":0,"x":0,"width":261,"skin":"Room/room_bluish_floor_01.png","sizeGrid":"0,4,0,8","height":14,"alpha":0},"compId":95},{"type":"Script","props":{"y":0,"x":0,"width":260,"label":"floor","isSensor":true,"height":15,"runtime":"laya.physics.BoxCollider"},"compId":102},{"type":"Script","props":{"gravityScale":0,"bullet":true,"allowSleep":false,"allowRotation":false,"runtime":"laya.physics.RigidBody"},"compId":103}]},{"type":"Sprite","props":{"y":173,"x":1,"width":48,"pivotY":41,"pivotX":33,"name":"left_Aisle_01","height":82},"compId":194,"child":[{"type":"Image","props":{"y":80,"x":0.5,"width":78,"skin":"Room/ui_interaction_01.png","rotation":270,"name":"interaction","height":32},"compId":195},{"type":"Image","props":{"y":42,"x":40,"width":81,"skin":"Room/room_bluish_wall.png","rotation":90,"pivotY":8,"pivotX":41,"name":"wall","height":16},"compId":196},{"type":"Image","props":{"y":41.5,"x":40.5,"width":81,"skin":"Room/room_bluish_color.png","rotation":-90,"pivotY":8,"pivotX":41,"name":"color","height":15},"compId":197},{"type":"Script","props":{"y":34,"x":23,"width":25,"label":"aisle","isSensor":true,"height":15,"runtime":"laya.physics.BoxCollider"},"compId":198},{"type":"Script","props":{"y":1,"x":0,"gravityScale":0,"bullet":true,"allowSleep":false,"allowRotation":false,"runtime":"laya.physics.RigidBody"},"compId":199},{"type":"Script","props":{"runtime":"script/Game/UIMain_Aisle.ts"},"compId":200},{"type":"Label","props":{"text":"label","name":"yanse","alpha":0},"compId":201},{"type":"Script","props":{"width":48,"label":"interaction","isSensor":true,"height":82,"runtime":"laya.physics.BoxCollider"},"compId":202}]}]},{"type":"Image","props":{"y":903,"x":199,"width":264,"var":"Room1","skin":"Room/room_bluish.png","sizeGrid":"31,27,36,21","pivotY":114,"pivotX":132,"name":"Room1","height":228},"compId":15,"child":[{"type":"Script","props":{"y":1,"x":1,"width":262,"isSensor":false,"height":225,"friction":0.2,"density":-1,"runtime":"laya.physics.BoxCollider"},"compId":16},{"type":"Script","props":{"type":"dynamic","group":1,"gravityScale":0,"bullet":true,"allowSleep":false,"runtime":"laya.physics.RigidBody"},"compId":17},{"type":"Script","props":{"y":1,"x":0,"runtime":"script/Game/UIMain_Room.ts"},"compId":22},{"type":"Sprite","props":{"y":0,"x":1,"width":14,"name":"left_Wall","height":224},"compId":23,"child":[{"type":"Script","props":{"y":0,"x":0,"width":13,"label":"wall","isSensor":true,"height":214,"runtime":"laya.physics.BoxCollider"},"compId":24},{"type":"Script","props":{"gravityScale":0,"bullet":true,"allowSleep":false,"runtime":"laya.physics.RigidBody"},"compId":25}]},{"type":"Sprite","props":{"y":213,"x":1,"width":262,"name":"Floor_02_Room1","height":14},"compId":104,"child":[{"type":"Image","props":{"y":0,"x":0,"width":296,"skin":"Room/room_pink_floor_01.png","sizeGrid":"0,4,0,8","height":14,"alpha":0},"compId":105},{"type":"Script","props":{"y":0,"x":0,"width":262,"label":"floor","isSensor":true,"height":14,"runtime":"laya.physics.BoxCollider"},"compId":106},{"type":"Script","props":{"gravityScale":0,"bullet":true,"allowSleep":false,"allowRotation":false,"runtime":"laya.physics.RigidBody"},"compId":107}]},{"type":"Sprite","props":{"y":173,"x":262.5,"width":48,"pivotY":41,"pivotX":14,"name":"right_Aisle_01","height":82},"compId":175,"child":[{"type":"Image","props":{"y":2,"x":47,"width":78,"skin":"Room/ui_interaction_01.png","rotation":90,"name":"interaction","height":32},"compId":176},{"type":"Image","props":{"y":42,"x":8,"width":81,"skin":"Room/room_bluish_wall.png","rotation":90,"pivotY":8,"pivotX":41,"name":"wall","height":16.2},"compId":177},{"type":"Image","props":{"y":41.5,"x":7.5,"skin":"Room/room_bluish_color.png","rotation":90,"pivotY":8,"pivotX":41,"name":"color"},"compId":178},{"type":"Script","props":{"y":34,"x":0,"width":25,"label":"aisle","isSensor":true,"height":15,"runtime":"laya.physics.BoxCollider"},"compId":179},{"type":"Script","props":{"gravityScale":0,"bullet":true,"allowSleep":false,"allowRotation":false,"runtime":"laya.physics.RigidBody"},"compId":180},{"type":"Script","props":{"runtime":"script/Game/UIMain_Aisle.ts"},"compId":181},{"type":"Label","props":{"text":"label","name":"yanse","alpha":0},"compId":182},{"type":"Script","props":{"width":48,"label":"interaction","isSensor":true,"height":82,"runtime":"laya.physics.BoxCollider"},"compId":183}]}]},{"type":"Script","props":{"y":0,"x":0,"runtime":"script/Game/UIMain.ts"},"compId":55},{"type":"Sprite","props":{"y":187,"x":105,"width":69,"var":"BtnSet","texture":"UI/770947bf-ac61-4198-919a-734bd94d7e40.png","pivotY":37,"pivotX":35,"name":"BtnSet","height":73,"alpha":0},"compId":147},{"type":"Sprite","props":{"y":974,"x":131,"width":57,"var":"Wangzi","pivotY":35,"pivotX":29,"name":"Wangzi","height":69},"compId":213,"child":[{"type":"Image","props":{"y":34,"x":29,"width":57,"skin":"UI/2.png","scaleX":-1,"pivotY":35,"pivotX":29,"name":"pic","height":70},"compId":214},{"type":"Script","props":{"width":57,"label":"wangzi","isSensor":true,"height":69,"runtime":"laya.physics.BoxCollider"},"compId":215},{"type":"Script","props":{"gravityScale":0,"allowSleep":true,"allowRotation":true,"runtime":"laya.physics.RigidBody"},"compId":216},{"type":"Script","props":{"runtime":"script/Game/UIMain_Wangzi.ts"},"compId":217}]},{"type":"Sprite","props":{"y":668.5,"x":501,"width":51,"var":"Gongzhu","rotation":0,"pivotY":32,"pivotX":26,"name":"Gongzhu","height":63},"compId":218,"child":[{"type":"Script","props":{"y":0,"x":6,"width":40,"label":"gongzhu","isSensor":true,"height":66,"runtime":"laya.physics.BoxCollider"},"compId":219},{"type":"Script","props":{"gravityScale":0,"allowSleep":false,"allowRotation":false,"runtime":"laya.physics.RigidBody"},"compId":220},{"type":"Image","props":{"y":23,"x":20,"width":52,"skin":"UI_new/GameStart/person_gongzhu.png","scaleX":-1,"pivotY":35,"pivotX":24,"name":"pic","height":70},"compId":221},{"type":"Script","props":{"runtime":"script/Game/UIMain_Gongzhu.ts"},"compId":222}]},{"type":"Sprite","props":{"y":903,"x":199,"width":83,"var":"Finger","scaleX":-1,"pivotY":19,"pivotX":50,"name":"Finger","height":99},"compId":471,"child":[{"type":"Sprite","props":{"y":55,"x":46,"width":91,"texture":"Room/icon_finger.png","scaleY":0.8,"scaleX":0.8,"rotation":202,"pivotY":55,"pivotX":46,"height":110},"compId":473}]}],"loadList":["UI_new/conmmon/bg_yeloow.png","Room/room_bluish.png","Room/room_green.png","Room/ui_bookrack.png","Room/room_bluish_floor_01.png","Room/ui_interaction_01.png","Room/room_bluish_wall.png","Room/room_bluish_color.png","Room/room_pink_floor_01.png","UI/770947bf-ac61-4198-919a-734bd94d7e40.png","UI/2.png","UI_new/GameStart/person_gongzhu.png","Room/icon_finger.png"],"loadList3D":[]}