{"type":"Scene","props":{"width":720,"height":1280},"compId":2,"child":[{"type":"Image","props":{"y":0,"x":0,"var":"background","skin":"UI_new/conmmon/bg_yeloow.png","name":"background"},"compId":5},{"type":"Script","props":{"runtime":"script/Game/UIMain.ts"},"compId":79},{"type":"Sprite","props":{"y":813,"x":313.5,"width":71,"pivotY":96,"pivotX":36,"name":"ladder_01","height":192},"compId":124,"child":[{"type":"Sprite","props":{"y":37,"x":12,"texture":"Room/ui_ladder.png"},"compId":125},{"type":"Sprite","props":{"y":-1,"x":12,"texture":"Room/ui_ladder.png"},"compId":126},{"type":"Sprite","props":{"y":73,"x":12,"texture":"Room/ui_ladder.png"},"compId":127},{"type":"Sprite","props":{"y":111,"x":12,"texture":"Room/ui_ladder.png"},"compId":128},{"type":"Sprite","props":{"y":149,"x":12,"width":47,"texture":"Room/ui_ladder.png","height":38},"compId":129},{"type":"Script","props":{"y":-1,"x":29,"width":14,"label":"ladder","isSensor":true,"height":189,"runtime":"laya.physics.BoxCollider"},"compId":130},{"type":"Script","props":{"gravityScale":0,"bullet":true,"allowSleep":false,"allowRotation":false,"runtime":"laya.physics.RigidBody"},"compId":131}]},{"type":"Sprite","props":{"y":444,"x":477,"width":48,"pivotY":41,"pivotX":33,"name":"left_Aisle_01","height":82},"compId":150,"child":[{"type":"Image","props":{"y":80,"x":0.5,"width":78,"skin":"Room/ui_interaction_01.png","rotation":270,"name":"interaction","height":32},"compId":151},{"type":"Image","props":{"y":41.5,"x":40,"skin":"Room/room_blue_wall.png","rotation":90,"pivotY":8,"pivotX":41,"name":"wall"},"compId":152},{"type":"Image","props":{"y":41.5,"x":40.5,"width":81,"skin":"Room/room_blue_color.png","rotation":-90,"pivotY":8,"pivotX":41,"name":"color","height":15},"compId":153},{"type":"Script","props":{"y":34,"x":23,"width":25,"label":"aisle","isSensor":true,"height":15,"runtime":"laya.physics.BoxCollider"},"compId":154},{"type":"Script","props":{"y":1,"x":0,"gravityScale":0,"bullet":true,"allowSleep":false,"allowRotation":false,"runtime":"laya.physics.RigidBody"},"compId":155},{"type":"Script","props":{"runtime":"script/Game/UIMain_Aisle.ts"},"compId":156},{"type":"Label","props":{"text":"label","name":"yanse","alpha":0},"compId":157},{"type":"Script","props":{"width":48,"label":"interaction","isSensor":true,"height":82,"runtime":"laya.physics.BoxCollider"},"compId":158}]},{"type":"Sprite","props":{"y":526,"x":396,"width":48,"pivotY":41,"pivotX":14,"name":"right_Aisle_01","height":82},"compId":141,"child":[{"type":"Image","props":{"y":2,"x":47,"width":78,"skin":"Room/ui_interaction_01.png","rotation":90,"name":"interaction","height":32},"compId":142},{"type":"Image","props":{"y":42,"x":7,"width":81,"skin":"Room/room_blue_wall.png","rotation":90,"pivotY":8,"pivotX":41,"name":"wall","height":15},"compId":143},{"type":"Image","props":{"y":41.5,"x":7.5,"skin":"Room/room_blue_color.png","rotation":90,"pivotY":8,"pivotX":41,"name":"color"},"compId":144},{"type":"Script","props":{"y":34,"x":0,"width":25,"label":"aisle","isSensor":true,"height":15,"runtime":"laya.physics.BoxCollider"},"compId":145},{"type":"Script","props":{"gravityScale":0,"bullet":true,"allowSleep":false,"allowRotation":false,"runtime":"laya.physics.RigidBody"},"compId":146},{"type":"Script","props":{"runtime":"script/Game/UIMain_Aisle.ts"},"compId":147},{"type":"Label","props":{"text":"label","name":"yanse","alpha":0},"compId":148},{"type":"Script","props":{"width":48,"label":"interaction","isSensor":true,"height":82,"runtime":"laya.physics.BoxCollider"},"compId":149}]},{"type":"Sprite","props":{"y":807,"x":608,"width":82,"pivotY":33,"pivotX":41,"name":"up_Aisle_01","height":48},"compId":213,"child":[{"type":"Image","props":{"y":1,"x":2,"skin":"Room/ui_interaction_01.png","rotation":0,"name":"interaction"},"compId":214},{"type":"Image","props":{"y":40,"x":41.5,"skin":"Room/room_blue_wall.png","rotation":0,"pivotY":8,"pivotX":41,"name":"wall"},"compId":215},{"type":"Image","props":{"y":40,"x":41.5,"skin":"Room/room_blue_color.png","rotation":0,"pivotY":8,"pivotX":41,"name":"color"},"compId":216},{"type":"Script","props":{"y":18,"x":33,"width":15,"label":"aisle","isSensor":true,"height":29,"runtime":"laya.physics.BoxCollider"},"compId":217},{"type":"Script","props":{"gravityScale":0,"bullet":true,"allowSleep":false,"allowRotation":false,"runtime":"laya.physics.RigidBody"},"compId":218},{"type":"Script","props":{"runtime":"script/Game/UIMain_Aisle.ts"},"compId":219},{"type":"Label","props":{"text":"label","name":"yanse","alpha":0},"compId":220},{"type":"Script","props":{"y":0,"x":0,"width":82,"label":"interaction","isSensor":true,"height":48,"runtime":"laya.physics.BoxCollider"},"compId":221}]},{"type":"Sprite","props":{"y":670,"x":647,"width":82,"pivotY":15,"pivotX":40,"name":"down_Aisle_01","height":48},"compId":177,"child":[{"type":"Image","props":{"y":47,"x":80,"skin":"Room/ui_interaction_01.png","rotation":180,"name":"interaction"},"compId":178},{"type":"Image","props":{"y":8,"x":41.5,"skin":"Room/room_blue_wall.png","rotation":0,"pivotY":8,"pivotX":41,"name":"wall"},"compId":179},{"type":"Image","props":{"y":7,"x":41.5,"width":81,"skin":"Room/room_blue_color.png","rotation":180,"pivotY":8,"pivotX":41,"name":"color","height":15},"compId":180},{"type":"Script","props":{"y":-17,"x":33,"width":15,"label":"aisle","isSensor":true,"height":51,"runtime":"laya.physics.BoxCollider"},"compId":181},{"type":"Script","props":{"gravityScale":0,"bullet":true,"allowSleep":false,"allowRotation":false,"runtime":"laya.physics.RigidBody"},"compId":182},{"type":"Script","props":{"runtime":"script/Game/UIMain_Aisle.ts"},"compId":183},{"type":"Label","props":{"text":"label","name":"yanse","alpha":0},"compId":184},{"type":"Script","props":{"y":0,"x":0,"width":82,"label":"interaction","isSensor":true,"height":48,"runtime":"laya.physics.BoxCollider"},"compId":185}]},{"type":"Sprite","props":{"y":468,"x":287.5,"width":27,"pivotY":29,"pivotX":14,"name":"Stick","height":58},"compId":227,"child":[{"type":"Image","props":{"y":29,"x":15,"width":19,"skin":"UI/af5fe039-4106-4820-b634-7a4c5a3c7979.png","pivotY":31,"pivotX":10,"height":62},"compId":228},{"type":"Script","props":{"width":27,"label":"stick","isSensor":true,"height":58,"runtime":"laya.physics.BoxCollider"},"compId":229},{"type":"Script","props":{"gravityScale":0,"bullet":true,"allowSleep":false,"allowRotation":false,"runtime":"laya.physics.RigidBody"},"compId":230}]},{"type":"Sprite","props":{"y":405,"x":360,"width":60,"pivotY":24,"pivotX":30,"name":"moveDog_01","height":48},"compId":243,"child":[{"type":"Image","props":{"y":25,"x":31,"width":60,"skin":"UI/1.png","pivotY":24,"pivotX":30,"name":"pic","height":47},"compId":244},{"type":"Script","props":{"y":-11,"x":9,"width":42,"label":"dog","isSensor":true,"height":64,"runtime":"laya.physics.BoxCollider"},"compId":245},{"type":"Script","props":{"gravityScale":0,"allowSleep":false,"allowRotation":false,"runtime":"laya.physics.RigidBody"},"compId":246},{"type":"Script","props":{"runtime":"script/Game/UIMain_Dog.ts"},"compId":247}]},{"type":"Sprite","props":{"y":567,"x":592,"width":82,"pivotY":15,"pivotX":40,"name":"down_Aisle_01","height":48},"compId":252,"child":[{"type":"Image","props":{"y":47,"x":80,"skin":"Room/ui_interaction_01.png","rotation":180,"name":"interaction"},"compId":253},{"type":"Image","props":{"y":8,"x":41.5,"skin":"Room/room_blue_wall.png","rotation":0,"pivotY":8,"pivotX":41,"name":"wall"},"compId":254},{"type":"Image","props":{"y":7,"x":41.5,"width":81,"skin":"Room/room_blue_color.png","rotation":180,"pivotY":8,"pivotX":41,"name":"color","height":15},"compId":255},{"type":"Script","props":{"y":-17,"x":33,"width":15,"label":"aisle","isSensor":true,"height":51,"runtime":"laya.physics.BoxCollider"},"compId":256},{"type":"Script","props":{"gravityScale":0,"bullet":true,"allowSleep":false,"allowRotation":false,"runtime":"laya.physics.RigidBody"},"compId":257},{"type":"Script","props":{"runtime":"script/Game/UIMain_Aisle.ts"},"compId":258},{"type":"Label","props":{"text":"label","name":"yanse","alpha":0},"compId":259},{"type":"Script","props":{"y":0,"x":0,"width":82,"label":"interaction","isSensor":true,"height":48,"runtime":"laya.physics.BoxCollider"},"compId":260}]},{"type":"Sprite","props":{"y":877.5,"x":485,"width":51,"var":"Rival","rotation":0,"pivotY":32,"pivotX":26,"name":"Rival","height":63},"compId":261,"child":[{"type":"Script","props":{"y":0,"x":6,"width":40,"label":"rival","isSensor":true,"height":64,"runtime":"laya.physics.BoxCollider"},"compId":262},{"type":"Script","props":{"gravityScale":0,"allowSleep":false,"allowRotation":false,"runtime":"laya.physics.RigidBody"},"compId":263},{"type":"Image","props":{"y":23,"x":20,"width":52,"skin":"UI/3.png","pivotY":35,"pivotX":24,"name":"pic","height":70},"compId":264},{"type":"Script","props":{"runtime":"script/Game/UIMain_Rival.ts"},"compId":265}]},{"type":"Sprite","props":{"y":1011,"x":162,"width":54,"pivotY":30,"pivotX":29,"name":"bonfire","height":59},"compId":272,"child":[{"type":"Script","props":{"y":1,"x":4,"width":47,"label":"bonfire","isSensor":true,"height":55,"runtime":"laya.physics.BoxCollider"},"compId":275},{"type":"Script","props":{"gravityScale":0,"allowSleep":false,"allowRotation":false,"runtime":"laya.physics.RigidBody"},"compId":276},{"type":"Image","props":{"y":-12,"x":-3.5,"skin":"Room/ani_fire_01.png","scaleY":0.6,"scaleX":0.6,"name":"ani"},"compId":321},{"type":"Script","props":{"runtime":"script/Game/UIMain_Bonfire.ts"},"compId":322}]},{"type":"Sprite","props":{"y":311.5,"x":510.5,"width":49,"pivotY":25,"pivotX":25,"name":"necklace","height":49},"compId":288,"child":[{"type":"Sprite","props":{"y":1,"x":-2,"width":52,"texture":"Room/icon_necklace.png","height":50},"compId":289},{"type":"Script","props":{"y":3,"x":3,"width":44,"label":"necklace","isSensor":true,"height":45,"runtime":"laya.physics.BoxCollider"},"compId":291},{"type":"Script","props":{"gravityScale":0,"bullet":true,"allowSleep":false,"allowRotation":false,"runtime":"laya.physics.RigidBody"},"compId":292}]},{"type":"Sprite","props":{"y":592,"x":155,"width":41,"pivotY":20,"pivotX":21,"name":"speed","height":40},"compId":293,"child":[{"type":"Sprite","props":{"y":19.5,"x":21,"width":37,"texture":"Room/icon_speed.png","pivotY":19,"pivotX":19,"height":37},"compId":294},{"type":"Script","props":{"y":-0.5,"x":-0.5,"width":42,"label":"speed","isSensor":true,"height":40,"runtime":"laya.physics.BoxCollider"},"compId":295},{"type":"Script","props":{"gravityScale":0,"bullet":true,"allowSleep":false,"allowRotation":false,"runtime":"laya.physics.RigidBody"},"compId":296}]},{"type":"Sprite","props":{"y":636,"x":327,"width":53,"pivotY":24,"pivotX":26,"name":"banana","height":48},"compId":313,"child":[{"type":"Image","props":{"y":22,"x":-3,"skin":"Room/icon_banana.png","scaleY":0.5,"scaleX":0.5},"compId":317},{"type":"Script","props":{"y":0,"x":0,"width":51,"height":48,"runtime":"laya.physics.BoxCollider"},"compId":315},{"type":"Script","props":{"gravityScale":0,"allowSleep":false,"allowRotation":false,"runtime":"laya.physics.RigidBody"},"compId":316}]},{"type":"Sprite","props":{"y":1070,"x":287.5,"width":38,"rotation":0,"pivotY":25,"pivotX":19,"name":"drumstick","height":49},"compId":323,"child":[{"type":"Script","props":{"y":2,"x":2,"width":35,"label":"drumstick","isSensor":true,"height":46,"runtime":"laya.physics.BoxCollider"},"compId":324},{"type":"Script","props":{"gravityScale":0,"allowSleep":false,"allowRotation":false,"runtime":"laya.physics.RigidBody"},"compId":325},{"type":"Image","props":{"y":11,"x":10,"skin":"Room/icon_drumstick.png","scaleY":0.6,"scaleX":0.6,"name":"pic"},"compId":326}]},{"type":"Sprite","props":{"y":716,"x":499.5,"width":51,"var":"Gongzhu","rotation":0,"pivotY":32,"pivotX":26,"name":"Gongzhu","height":63},"compId":345,"child":[{"type":"Script","props":{"y":0,"x":6,"width":40,"label":"gongzhu","isSensor":true,"height":66,"runtime":"laya.physics.BoxCollider"},"compId":346},{"type":"Script","props":{"gravityScale":0,"allowSleep":false,"allowRotation":false,"runtime":"laya.physics.RigidBody"},"compId":347},{"type":"Image","props":{"y":23,"x":20,"width":52,"skin":"UI_new/GameStart/person_gongzhu.png","pivotY":35,"pivotX":24,"name":"pic","height":70},"compId":348},{"type":"Script","props":{"runtime":"script/Game/UIMain_Gongzhu.ts"},"compId":349}]},{"type":"Sprite","props":{"y":932,"x":228,"width":57,"var":"Wangzi","pivotY":35,"pivotX":29,"name":"Wangzi","height":69},"compId":350,"child":[{"type":"Image","props":{"y":34,"x":29,"width":57,"skin":"UI/2.png","scaleX":-1,"pivotY":35,"pivotX":29,"name":"pic","height":70},"compId":351},{"type":"Script","props":{"width":57,"label":"wangzi","isSensor":true,"height":69,"runtime":"laya.physics.BoxCollider"},"compId":352},{"type":"Script","props":{"gravityScale":0,"allowSleep":true,"allowRotation":true,"runtime":"laya.physics.RigidBody"},"compId":353},{"type":"Script","props":{"runtime":"script/Game/UIMain_Wangzi.ts"},"compId":354}]},{"type":"Sprite","props":{"y":222.5,"x":485,"width":55,"pivotY":25,"pivotX":25,"name":"houzi","height":56},"compId":355,"child":[{"type":"Image","props":{"y":28,"x":28,"width":82,"skin":"Room/room_bluish.png","pivotY":29,"pivotX":41,"name":"pic","height":57},"compId":356},{"type":"Script","props":{"y":3,"x":3,"width":51,"label":"houzi","isSensor":true,"height":52,"runtime":"laya.physics.BoxCollider"},"compId":357},{"type":"Script","props":{"gravityScale":0,"bullet":true,"allowSleep":false,"allowRotation":false,"runtime":"laya.physics.RigidBody"},"compId":358},{"type":"Sprite","props":{"y":-19,"x":28,"width":83,"var":"Progress","pivotY":13,"pivotX":42,"name":"Progress","height":25},"compId":359,"child":[{"type":"Image","props":{"y":5,"x":0,"width":82,"skin":"UI_new/Loding/ui_progress.png","sizeGrid":"10,24,12,18","height":19},"compId":360},{"type":"Image","props":{"y":29,"x":3,"width":76,"var":"ProgressBar","skin":"UI_new/Loding/ui_progress&bar.png","sizeGrid":"6,24,9,25","pivotY":21,"name":"ProgressBar","height":12},"compId":361,"child":[{"type":"Sprite","props":{"y":-10,"x":-1,"width":78,"var":"Mask","texture":"UI_new/Loding/ui_progress&bar.png","renderType":"mask","name":"Mask","height":29},"compId":362}]}]},{"type":"Script","props":{"runtime":"script/Game/UIMain_Houzi.ts"},"compId":363}]},{"type":"Sprite","props":{"y":684,"x":71,"width":60,"pivotY":24,"pivotX":30,"name":"staticDog_01","height":48},"compId":364,"child":[{"type":"Image","props":{"y":25,"x":28,"width":60,"skin":"UI/1.png","scaleX":1,"pivotY":24,"pivotX":30,"name":"pic","height":47},"compId":365},{"type":"Script","props":{"y":0,"x":9,"width":42,"label":"dog","isSensor":true,"height":48,"runtime":"laya.physics.BoxCollider"},"compId":366},{"type":"Script","props":{"gravityScale":0,"allowSleep":false,"allowRotation":false,"runtime":"laya.physics.RigidBody"},"compId":367},{"type":"Script","props":{"runtime":"script/Game/UIMain_StaticDog.ts"},"compId":368}]},{"type":"Sprite","props":{"y":184,"x":284,"width":55,"pivotY":28,"pivotX":28,"name":"dogfood","height":56},"compId":369,"child":[{"type":"Sprite","props":{"y":27,"x":28,"texture":"Room/icon_dogfood.png","scaleY":0.7,"scaleX":0.7,"pivotY":29,"pivotX":41},"compId":370},{"type":"Script","props":{"y":3,"x":19,"width":21,"label":"dogfood","isSensor":true,"height":52,"runtime":"laya.physics.BoxCollider"},"compId":371},{"type":"Script","props":{"gravityScale":0,"bullet":true,"allowSleep":false,"allowRotation":false,"runtime":"laya.physics.RigidBody"},"compId":372}]},{"type":"Sprite","props":{"y":299,"x":54,"width":71,"pivotY":96,"pivotX":36,"name":"ladder_a_02","height":192},"compId":379,"child":[{"type":"Sprite","props":{"y":38,"x":12,"texture":"Room/ui_ladder.png"},"compId":380},{"type":"Sprite","props":{"y":0,"x":12,"texture":"Room/ui_ladder.png"},"compId":381},{"type":"Sprite","props":{"y":74,"x":12,"texture":"Room/ui_ladder.png"},"compId":382},{"type":"Sprite","props":{"y":150,"x":12,"texture":"Room/ui_ladder.png"},"compId":383},{"type":"Sprite","props":{"y":112,"x":12,"texture":"Room/ui_ladder.png"},"compId":384},{"type":"Script","props":{"y":155,"x":29,"width":14,"label":"ladder","isSensor":true,"height":33,"runtime":"laya.physics.BoxCollider"},"compId":385},{"type":"Script","props":{"y":1,"x":0,"gravityScale":0,"bullet":true,"allowSleep":false,"allowRotation":false,"runtime":"laya.physics.RigidBody"},"compId":386},{"type":"Script","props":{"y":0,"x":28,"width":16,"label":"ladder","isSensor":true,"height":29,"runtime":"laya.physics.BoxCollider"},"compId":387}]},{"type":"Sprite","props":{"y":1001,"x":426,"width":51,"rotation":0,"pivotY":32,"pivotX":26,"name":"houma","height":63},"compId":389,"child":[{"type":"Script","props":{"y":0,"x":9,"width":34,"label":"houma","isSensor":true,"height":64,"runtime":"laya.physics.BoxCollider"},"compId":390},{"type":"Script","props":{"gravityScale":0,"allowSleep":false,"allowRotation":false,"runtime":"laya.physics.RigidBody"},"compId":391},{"type":"Image","props":{"y":32,"x":25,"width":52,"skin":"Room/room_pink.png","pivotY":35,"pivotX":24,"name":"pic","height":70},"compId":392},{"type":"Image","props":{"y":19,"x":-2,"width":41,"skin":"Room/icon_apple.png","scaleY":0.6,"scaleX":0.6,"pivotY":21,"pivotX":21,"name":"apple","height":41},"compId":393},{"type":"Script","props":{"runtime":"script/Game/UIMain_Houma.ts"},"compId":394}]},{"type":"Sprite","props":{"y":311.5,"x":196,"width":48,"pivotY":29,"pivotX":26,"name":"kettle","height":29},"compId":395,"child":[{"type":"Sprite","props":{"y":14.5,"x":21.4,"width":88,"texture":"Room/icon_kettle.png","scaleY":0.6,"scaleX":0.6,"pivotY":28,"pivotX":44,"name":"","height":55},"compId":396},{"type":"Script","props":{"y":-5,"x":8,"width":32,"name":"","label":"kettle","isSensor":true,"height":38,"runtime":"laya.physics.BoxCollider"},"compId":397},{"type":"Script","props":{"gravityScale":0,"bullet":true,"allowSleep":false,"allowRotation":false,"runtime":"laya.physics.RigidBody"},"compId":398}]},{"type":"Sprite","props":{"y":437,"x":175.5,"width":92,"pivotY":45,"pivotX":46,"name":"doghouse","height":89},"compId":403,"child":[{"type":"Image","props":{"y":0,"x":0,"skin":"Room/ui_doghouse_01.png","name":"house"},"compId":404},{"type":"Image","props":{"y":-10,"x":69,"visible":false,"skin":"Room/ui_doghouse_02.png","name":"sleepPic","alpha":1},"compId":405},{"type":"Script","props":{"y":0,"x":26,"width":43,"label":"doghouse","isSensor":true,"height":89,"runtime":"laya.physics.BoxCollider"},"compId":406},{"type":"Script","props":{"gravityScale":0,"allowSleep":false,"allowRotation":false,"runtime":"laya.physics.RigidBody"},"compId":407}]}],"loadList":["UI_new/conmmon/bg_yeloow.png","Room/ui_ladder.png","Room/ui_interaction_01.png","Room/room_blue_wall.png","Room/room_blue_color.png","UI/af5fe039-4106-4820-b634-7a4c5a3c7979.png","UI/1.png","UI/3.png","Room/ani_fire_01.png","Room/icon_necklace.png","Room/icon_speed.png","Room/icon_banana.png","Room/icon_drumstick.png","UI_new/GameStart/person_gongzhu.png","UI/2.png","Room/room_bluish.png","UI_new/Loding/ui_progress.png","UI_new/Loding/ui_progress&bar.png","Room/icon_dogfood.png","Room/room_pink.png","Room/icon_apple.png","Room/icon_kettle.png","Room/ui_doghouse_01.png","Room/ui_doghouse_02.png"],"loadList3D":[]}