{"type":"View","props":{"width":720,"height":1280},"compId":2,"child":[{"type":"Image","props":{"y":0,"x":0,"width":720,"var":"background","skin":"UI/7e3df512-1a06-470b-8cce-8108aea318b2.png","name":"background","height":1280},"compId":3},{"type":"Image","props":{"y":670,"x":216,"width":380,"var":"Room2","skin":"UI/924fc533-38cf-4a88-85ab-c4377aa5f50c.png","sizeGrid":"23,22,24,20","pivotY":109,"pivotX":190,"name":"Room2","height":217},"compId":4,"child":[{"type":"Script","props":{"y":0,"x":1,"width":379,"isSensor":false,"height":214,"friction":0.2,"density":-1,"runtime":"laya.physics.BoxCollider"},"compId":5},{"type":"Script","props":{"type":"dynamic","gravityScale":0,"allowSleep":false,"allowRotation":false,"runtime":"laya.physics.RigidBody"},"compId":6},{"type":"Sprite","props":{"y":111,"x":272,"width":71,"pivotY":96,"pivotX":36,"name":"ladder_01","height":192},"compId":236,"child":[{"type":"Sprite","props":{"y":37,"x":12,"texture":"UI/9779d6e7-37c8-4d70-94cb-1026aa85489a.png"},"compId":237},{"type":"Sprite","props":{"y":-1,"x":12,"texture":"UI/9779d6e7-37c8-4d70-94cb-1026aa85489a.png"},"compId":238},{"type":"Sprite","props":{"y":73,"x":12,"texture":"UI/9779d6e7-37c8-4d70-94cb-1026aa85489a.png"},"compId":239},{"type":"Sprite","props":{"y":111,"x":12,"texture":"UI/9779d6e7-37c8-4d70-94cb-1026aa85489a.png"},"compId":240},{"type":"Sprite","props":{"y":149,"x":12,"width":47,"texture":"UI/9779d6e7-37c8-4d70-94cb-1026aa85489a.png","height":38},"compId":241},{"type":"Script","props":{"y":-3,"x":25,"width":21,"label":"ladder","isSensor":true,"height":190,"runtime":"laya.physics.BoxCollider"},"compId":242},{"type":"Script","props":{"gravityScale":0,"bullet":true,"allowSleep":false,"allowRotation":false,"runtime":"laya.physics.RigidBody"},"compId":243}]},{"type":"Sprite","props":{"y":3,"x":366,"width":14,"name":"left_Wall","height":209},"compId":7,"child":[{"type":"Script","props":{"y":0,"x":0,"width":14,"label":"wall","isSensor":true,"height":210,"runtime":"laya.physics.BoxCollider"},"compId":8},{"type":"Script","props":{"gravityScale":0,"bullet":true,"allowSleep":false,"runtime":"laya.physics.RigidBody"},"compId":9}]},{"type":"Image","props":{"y":0,"x":272,"width":81,"skin":"UI/c0944b2a-0460-45a7-9874-b769b8ec6513.png","sizeGrid":"5,13,5,15","rotation":-360,"pivotX":41,"name":"up_Aisle_01","height":16},"compId":11,"child":[{"type":"Script","props":{"y":-15,"x":28,"width":24,"label":"aisle","isSensor":true,"height":32,"runtime":"laya.physics.BoxCollider"},"compId":12},{"type":"Script","props":{"type":"dynamic","gravityScale":0,"allowSleep":false,"runtime":"laya.physics.RigidBody"},"compId":13},{"type":"Script","props":{"y":0,"x":0,"runtime":"script/Game/UIMain_Aisle.ts"},"compId":14},{"type":"Image","props":{"y":0,"x":0,"skin":"UI/9b3fd336-a86b-4d56-b309-2794282f3012.png","name":"color"},"compId":16},{"type":"Image","props":{"y":-16,"x":41,"width":80,"skin":"UI/40bacf8d-b069-4dc3-9d5e-ef2388ac0475.png","rotation":0,"pivotY":17,"pivotX":40,"name":"interaction","height":34},"compId":300},{"type":"Image","props":{"y":8,"x":40,"width":81,"skin":"UI/4cb9b9b5-3960-4590-a074-cb1918afdf66.png","rotation":180,"pivotY":8,"pivotX":41,"name":"wall","height":16},"compId":301},{"type":"Script","props":{"y":-30,"x":0,"width":81,"label":"interaction","isSensor":true,"height":46,"runtime":"laya.physics.BoxCollider"},"compId":319}]},{"type":"Sprite","props":{"y":202,"x":6,"width":375,"presetID":1,"name":"Floor_01_Room2","height":14},"compId":17,"child":[{"type":"Image","props":{"presetID":2,"alpha":0},"compId":18},{"type":"Script","props":{"y":0,"x":-7,"width":380,"presetID":3,"label":"floor","isSensor":true,"height":14,"runtime":"laya.physics.BoxCollider"},"compId":19},{"type":"Script","props":{"presetID":4,"gravityScale":0,"bullet":true,"allowSleep":false,"allowRotation":false,"runtime":"laya.physics.RigidBody"},"compId":20}]},{"type":"Script","props":{"runtime":"script/Game/UIMain_Room.ts"},"compId":10},{"type":"Sprite","props":{"y":0,"x":1,"width":14,"name":"right_Wall","height":209},"compId":61,"child":[{"type":"Script","props":{"y":0,"x":0,"width":14,"label":"wall","isSensor":true,"height":210,"runtime":"laya.physics.BoxCollider"},"compId":62},{"type":"Script","props":{"gravityScale":0,"bullet":true,"allowSleep":false,"runtime":"laya.physics.RigidBody"},"compId":63}]},{"type":"Sprite","props":{"y":50,"x":102,"texture":"UI/1b8bda18-0d62-4b87-a356-8d690b4bc348.png"},"compId":64}]},{"type":"Script","props":{"runtime":"script/Game/UIMain.ts"},"compId":60},{"type":"Image","props":{"y":1102,"x":518,"width":316,"var":"Room1","skin":"UI/f60fa79d-16ae-4c65-9384-5816451d3e81.png","sizeGrid":"23,22,24,20","pivotY":108,"pivotX":158,"name":"Room1","height":216},"compId":93,"child":[{"type":"Script","props":{"y":1,"x":1,"width":316,"isSensor":false,"height":215,"friction":0.2,"density":-1,"runtime":"laya.physics.BoxCollider"},"compId":94},{"type":"Script","props":{"type":"dynamic","group":1,"gravityScale":0,"bullet":true,"allowSleep":false,"runtime":"laya.physics.RigidBody"},"compId":95},{"type":"Script","props":{"y":1,"x":0,"runtime":"script/Game/UIMain_Room.ts"},"compId":102},{"type":"Sprite","props":{"y":110,"x":70,"width":71,"pivotY":96,"pivotX":36,"name":"ladder_01","height":192},"compId":228,"child":[{"type":"Sprite","props":{"y":37,"x":12,"texture":"UI/9779d6e7-37c8-4d70-94cb-1026aa85489a.png"},"compId":229},{"type":"Sprite","props":{"y":-1,"x":12,"texture":"UI/9779d6e7-37c8-4d70-94cb-1026aa85489a.png"},"compId":230},{"type":"Sprite","props":{"y":73,"x":12,"texture":"UI/9779d6e7-37c8-4d70-94cb-1026aa85489a.png"},"compId":231},{"type":"Sprite","props":{"y":111,"x":12,"texture":"UI/9779d6e7-37c8-4d70-94cb-1026aa85489a.png"},"compId":232},{"type":"Sprite","props":{"y":149,"x":12,"width":47,"texture":"UI/9779d6e7-37c8-4d70-94cb-1026aa85489a.png","height":38},"compId":233},{"type":"Script","props":{"y":-14,"x":23,"width":26,"label":"ladder","isSensor":true,"height":202,"runtime":"laya.physics.BoxCollider"},"compId":234},{"type":"Script","props":{"gravityScale":0,"bullet":true,"allowSleep":false,"allowRotation":false,"runtime":"laya.physics.RigidBody"},"compId":235}]},{"type":"Sprite","props":{"y":-9,"x":301,"width":15,"name":"right_Wall","height":223},"compId":103,"child":[{"type":"Script","props":{"y":23,"x":-1,"width":16,"label":"wall","isSensor":true,"height":200,"runtime":"laya.physics.BoxCollider"},"compId":104},{"type":"Script","props":{"gravityScale":0,"bullet":true,"allowSleep":false,"runtime":"laya.physics.RigidBody"},"compId":105}]},{"type":"Sprite","props":{"y":0,"x":0,"width":19,"name":"left_Wall","height":215},"compId":106,"child":[{"type":"Script","props":{"y":0,"x":0,"width":16,"label":"wall","isSensor":true,"height":216,"runtime":"laya.physics.BoxCollider"},"compId":107},{"type":"Script","props":{"gravityScale":0,"bullet":true,"allowSleep":false,"runtime":"laya.physics.RigidBody"},"compId":108}]},{"type":"Sprite","props":{"y":200,"x":10.5,"width":301,"presetID":1,"name":"Floor_02_Room1","height":17},"compId":109,"child":[{"type":"Image","props":{"presetID":2,"alpha":0},"compId":110},{"type":"Script","props":{"y":1,"x":-10,"width":317,"presetID":3,"label":"floor","isSensor":true,"height":14,"runtime":"laya.physics.BoxCollider"},"compId":111},{"type":"Script","props":{"presetID":4,"gravityScale":0,"allowSleep":false,"allowRotation":false,"runtime":"laya.physics.RigidBody"},"compId":112}]},{"type":"Sprite","props":{"y":2,"x":69,"width":48,"rotation":-90,"pivotY":41,"pivotX":12,"name":"up_Aisle_01","height":82},"compId":193,"child":[{"type":"Image","props":{"y":0,"x":48,"width":80,"skin":"UI/40bacf8d-b069-4dc3-9d5e-ef2388ac0475.png","rotation":90,"name":"interaction","height":34},"compId":194},{"type":"Image","props":{"y":41.5,"x":6.5,"width":81,"skin":"UI/c0944b2a-0460-45a7-9874-b769b8ec6513.png","rotation":90,"pivotY":8,"pivotX":41,"name":"color","height":15},"compId":195},{"type":"Script","props":{"y":29,"x":0,"width":29,"label":"aisle","isSensor":true,"height":21,"runtime":"laya.physics.BoxCollider"},"compId":196},{"type":"Script","props":{"gravityScale":0,"bullet":true,"allowSleep":false,"allowRotation":false,"runtime":"laya.physics.RigidBody"},"compId":197},{"type":"Script","props":{"runtime":"script/Game/UIMain_Aisle.ts"},"compId":198},{"type":"Image","props":{"y":42,"x":7,"width":81,"skin":"UI/06dfa723-6db4-4630-a944-916a60413a9b.png","rotation":90,"pivotY":8,"pivotX":41,"name":"wall","height":16.5},"compId":303},{"type":"Script","props":{"width":48,"label":"interaction","isSensor":true,"height":82,"runtime":"laya.physics.BoxCollider"},"compId":318}]},{"type":"Sprite","props":{"y":165.5,"x":244,"width":57,"pivotY":35,"pivotX":29,"name":"Target","height":69},"compId":249,"child":[{"type":"Image","props":{"y":-1,"x":0,"width":57,"skin":"UI/2.png","height":70},"compId":250},{"type":"Script","props":{"width":57,"label":"target","isSensor":true,"height":69,"runtime":"laya.physics.BoxCollider"},"compId":251},{"type":"Script","props":{"gravityScale":0,"allowSleep":true,"allowRotation":true,"runtime":"laya.physics.RigidBody"},"compId":252}]}]},{"type":"Image","props":{"y":376,"x":469,"width":460,"skin":"UI/5fe2b2c2-4591-4397-a5d4-292ebc3420a7.png","sizeGrid":"23,22,24,20","pivotY":108,"pivotX":230,"name":"Room3","height":216},"compId":157,"child":[{"type":"Script","props":{"y":0,"x":0,"width":460,"isSensor":false,"height":216,"friction":0.2,"density":-1,"runtime":"laya.physics.BoxCollider"},"compId":158},{"type":"Script","props":{"type":"dynamic","group":1,"gravityScale":0,"bullet":true,"allowSleep":false,"allowRotation":false,"runtime":"laya.physics.RigidBody"},"compId":159},{"type":"Script","props":{"y":2,"x":0,"runtime":"script/Game/UIMain_Room.ts"},"compId":166},{"type":"Sprite","props":{"y":175,"x":408,"width":60,"pivotY":24,"pivotX":30,"name":"staticDog_01","height":48},"compId":271,"child":[{"type":"Image","props":{"y":1,"x":1,"width":60,"skin":"UI/1.png","name":"pic","height":47},"compId":272},{"type":"Script","props":{"y":0,"x":9,"width":42,"label":"dog","isSensor":true,"height":48,"runtime":"laya.physics.BoxCollider"},"compId":273},{"type":"Script","props":{"gravityScale":0,"allowSleep":false,"allowRotation":false,"runtime":"laya.physics.RigidBody"},"compId":274}]},{"type":"Sprite","props":{"y":-8,"x":445,"width":15,"name":"right_Wall","height":223},"compId":173,"child":[{"type":"Script","props":{"y":12,"x":-1,"width":16,"label":"wall","isSensor":true,"height":211,"runtime":"laya.physics.BoxCollider"},"compId":174},{"type":"Script","props":{"gravityScale":0,"bullet":true,"allowSleep":false,"runtime":"laya.physics.RigidBody"},"compId":175}]},{"type":"Sprite","props":{"y":0,"x":0,"width":19,"name":"left_Wall","height":215},"compId":176,"child":[{"type":"Script","props":{"y":0,"x":0,"width":16,"label":"wall","isSensor":true,"height":216,"runtime":"laya.physics.BoxCollider"},"compId":177},{"type":"Script","props":{"gravityScale":0,"bullet":true,"allowSleep":false,"runtime":"laya.physics.RigidBody"},"compId":178}]},{"type":"Sprite","props":{"y":199,"x":11,"width":443,"presetID":1,"name":"Floor_02_Room3","height":17},"compId":179,"child":[{"type":"Image","props":{"presetID":2,"alpha":0},"compId":180},{"type":"Script","props":{"y":2,"x":-9.5,"width":458,"presetID":3,"label":"floor","isSensor":true,"height":14,"runtime":"laya.physics.BoxCollider"},"compId":181},{"type":"Script","props":{"presetID":4,"gravityScale":0,"allowSleep":false,"allowRotation":false,"runtime":"laya.physics.RigidBody"},"compId":182}]},{"type":"Sprite","props":{"y":215,"x":101,"width":48,"rotation":90,"pivotY":41,"pivotX":14,"name":"down_Aisle_01","height":82},"compId":199,"child":[{"type":"Image","props":{"y":0,"x":48,"width":80,"skin":"UI/40bacf8d-b069-4dc3-9d5e-ef2388ac0475.png","rotation":90,"name":"interaction","height":34},"compId":200},{"type":"Image","props":{"y":41.5,"x":6.5,"width":81,"skin":"UI/86d5b3f3-bcc0-4720-b933-c9779b2e685a.png","rotation":90,"pivotY":8,"pivotX":41,"name":"color","height":15},"compId":201},{"type":"Script","props":{"y":30,"x":-1,"width":33,"label":"aisle","isSensor":true,"height":22,"runtime":"laya.physics.BoxCollider"},"compId":202},{"type":"Script","props":{"gravityScale":0,"bullet":true,"allowSleep":false,"allowRotation":false,"runtime":"laya.physics.RigidBody"},"compId":203},{"type":"Script","props":{"runtime":"script/Game/UIMain_Aisle.ts"},"compId":204},{"type":"Image","props":{"y":42,"x":7.5,"width":81,"skin":"UI/f8b88768-4f38-4079-884c-f92eb4159e45.png","rotation":90,"pivotY":8,"pivotX":41,"name":"wall","height":16.5},"compId":304},{"type":"Script","props":{"width":48,"label":"interaction","isSensor":true,"height":82,"runtime":"laya.physics.BoxCollider"},"compId":321}]},{"type":"Sprite","props":{"y":216,"x":284,"width":48,"rotation":90,"pivotY":41,"pivotX":15,"name":"down_Aisle_02","height":82},"compId":205,"child":[{"type":"Image","props":{"y":0,"x":48,"width":80,"skin":"UI/40bacf8d-b069-4dc3-9d5e-ef2388ac0475.png","rotation":90,"name":"interaction","height":34},"compId":206},{"type":"Image","props":{"y":41.5,"x":6.5,"width":81,"skin":"UI/86d5b3f3-bcc0-4720-b933-c9779b2e685a.png","rotation":90,"pivotY":8,"pivotX":41,"name":"color","height":15},"compId":207},{"type":"Script","props":{"y":29,"x":-2,"width":30,"label":"aisle","isSensor":true,"height":23,"runtime":"laya.physics.BoxCollider"},"compId":208},{"type":"Script","props":{"gravityScale":0,"bullet":true,"allowSleep":false,"allowRotation":false,"runtime":"laya.physics.RigidBody"},"compId":209},{"type":"Script","props":{"runtime":"script/Game/UIMain_Aisle.ts"},"compId":210},{"type":"Image","props":{"y":41.5,"x":6.5,"width":81,"skin":"UI/f8b88768-4f38-4079-884c-f92eb4159e45.png","rotation":90,"pivotY":8,"pivotX":41,"name":"wall","height":16.5},"compId":305},{"type":"Script","props":{"width":48,"label":"interaction","isSensor":true,"height":82,"runtime":"laya.physics.BoxCollider"},"compId":322}]},{"type":"Sprite","props":{},"compId":288}]},{"type":"Sprite","props":{"y":187,"x":105,"width":69,"var":"BtnSet","texture":"UI/770947bf-ac61-4198-919a-734bd94d7e40.png","pivotY":37,"pivotX":35,"name":"BtnSet","height":73,"alpha":0},"compId":295},{"type":"Sprite","props":{"y":740,"x":99,"width":51,"var":"Person","rotation":0,"pivotY":32,"pivotX":26,"name":"Person","height":63},"compId":325,"child":[{"type":"Script","props":{"runtime":"script/Game/UIMain_Person.ts"},"compId":326},{"type":"Script","props":{"y":0,"x":6,"width":40,"isSensor":true,"height":66,"runtime":"laya.physics.BoxCollider"},"compId":327},{"type":"Script","props":{"gravityScale":0,"allowSleep":false,"allowRotation":false,"runtime":"laya.physics.RigidBody"},"compId":328},{"type":"Image","props":{"y":23,"x":20,"width":52,"skin":"UI/3.png","pivotY":35,"pivotX":24,"name":"pic","height":70},"compId":329},{"type":"Image","props":{"y":21,"x":47,"width":19,"skin":"UI/af5fe039-4106-4820-b634-7a4c5a3c7979.png","rotation":53,"pivotY":31,"pivotX":10,"name":"stick","height":62},"compId":330}]}],"loadList":["UI/7e3df512-1a06-470b-8cce-8108aea318b2.png","UI/924fc533-38cf-4a88-85ab-c4377aa5f50c.png","UI/9779d6e7-37c8-4d70-94cb-1026aa85489a.png","UI/c0944b2a-0460-45a7-9874-b769b8ec6513.png","UI/9b3fd336-a86b-4d56-b309-2794282f3012.png","UI/40bacf8d-b069-4dc3-9d5e-ef2388ac0475.png","UI/4cb9b9b5-3960-4590-a074-cb1918afdf66.png","prefab/Floor.prefab","UI/1b8bda18-0d62-4b87-a356-8d690b4bc348.png","UI/f60fa79d-16ae-4c65-9384-5816451d3e81.png","UI/06dfa723-6db4-4630-a944-916a60413a9b.png","UI/2.png","UI/5fe2b2c2-4591-4397-a5d4-292ebc3420a7.png","UI/1.png","UI/86d5b3f3-bcc0-4720-b933-c9779b2e685a.png","UI/f8b88768-4f38-4079-884c-f92eb4159e45.png","UI/770947bf-ac61-4198-919a-734bd94d7e40.png","UI/3.png","UI/af5fe039-4106-4820-b634-7a4c5a3c7979.png"],"loadList3D":[]}