{"type":"View","props":{"width":720,"height":1280},"compId":2,"child":[{"type":"Image","props":{"y":0,"x":0,"width":720,"var":"background","skin":"UI/7e3df512-1a06-470b-8cce-8108aea318b2.png","name":"background","height":1280},"compId":3},{"type":"Image","props":{"y":457,"x":578,"width":264,"var":"Room2","skin":"UI/5fe2b2c2-4591-4397-a5d4-292ebc3420a7.png","sizeGrid":"23,22,24,20","pivotY":114,"pivotX":132,"name":"Room2","height":228},"compId":4,"child":[{"type":"Script","props":{"y":0,"x":2,"width":260,"isSensor":false,"height":228,"friction":0.2,"density":-1,"runtime":"laya.physics.BoxCollider"},"compId":5},{"type":"Script","props":{"type":"dynamic","gravityScale":0,"allowSleep":false,"allowRotation":false,"runtime":"laya.physics.RigidBody"},"compId":6},{"type":"Sprite","props":{"y":56,"x":140,"texture":"UI/1b8bda18-0d62-4b87-a356-8d690b4bc348.png"},"compId":152},{"type":"Sprite","props":{"y":0,"x":249,"width":14,"name":"left_Wall","height":225},"compId":11,"child":[{"type":"Script","props":{"y":0,"x":0,"width":14,"label":"wall","isSensor":true,"height":225,"runtime":"laya.physics.BoxCollider"},"compId":12},{"type":"Script","props":{"gravityScale":0,"bullet":true,"allowSleep":false,"runtime":"laya.physics.RigidBody"},"compId":13}]},{"type":"Script","props":{"runtime":"script/Game/UIMain_Room.ts"},"compId":14},{"type":"Sprite","props":{"y":214,"x":20,"width":224,"presetID":1,"name":"Floor_01_Room2","height":14,"isPresetRoot":true},"compId":118,"child":[{"type":"Image","props":{"skin":"UI/86d5b3f3-bcc0-4720-b933-c9779b2e685a.png","presetID":2,"alpha":0,"y":0,"x":0,"width":186,"sizeGrid":"0,4,0,8","height":14},"compId":95},{"type":"Script","props":{"y":0,"x":-19,"width":260,"presetID":3,"label":"floor","isSensor":true,"height":14,"runtime":"laya.physics.BoxCollider"},"compId":102},{"type":"Script","props":{"presetID":4,"gravityScale":0,"bullet":true,"allowSleep":false,"allowRotation":false,"runtime":"laya.physics.RigidBody"},"compId":103}]},{"type":"Sprite","props":{"y":174,"x":0,"width":48,"rotation":180,"pivotY":41,"pivotX":15,"name":"left_Aisle_01","height":82},"compId":127,"child":[{"type":"Image","props":{"y":0,"x":48,"width":80,"visible":true,"skin":"UI/40bacf8d-b069-4dc3-9d5e-ef2388ac0475.png","rotation":90,"name":"interaction","height":34,"alpha":1},"compId":128},{"type":"Image","props":{"y":42,"x":8,"width":81,"skin":"UI/f8b88768-4f38-4079-884c-f92eb4159e45.png","rotation":90,"pivotY":8,"pivotX":41,"name":"wall","height":17,"alpha":1},"compId":148},{"type":"Image","props":{"y":41.5,"x":6.5,"width":81,"skin":"UI/86d5b3f3-bcc0-4720-b933-c9779b2e685a.png","rotation":90,"pivotY":8,"pivotX":41,"name":"color","height":15},"compId":129},{"type":"Script","props":{"y":26,"x":0,"width":29,"label":"aisle","isSensor":true,"height":27,"runtime":"laya.physics.BoxCollider"},"compId":130},{"type":"Script","props":{"gravityScale":0,"bullet":true,"allowSleep":false,"allowRotation":false,"runtime":"laya.physics.RigidBody"},"compId":131},{"type":"Script","props":{"runtime":"script/Game/UIMain_Aisle.ts"},"compId":133},{"type":"Script","props":{"y":0,"x":15,"width":36,"label":"interaction","isSensor":true,"height":82,"runtime":"laya.physics.BoxCollider"},"compId":164}]}]},{"type":"Image","props":{"y":633,"x":187,"width":316,"var":"Room1","skin":"UI/924fc533-38cf-4a88-85ab-c4377aa5f50c.png","sizeGrid":"23,22,24,20","pivotY":168,"pivotX":158,"name":"Room1","height":336},"compId":15,"child":[{"type":"Script","props":{"y":0,"x":1,"width":314,"isSensor":false,"height":335,"friction":0.2,"density":-1,"runtime":"laya.physics.BoxCollider"},"compId":16},{"type":"Script","props":{"type":"dynamic","group":1,"gravityScale":0,"bullet":true,"allowSleep":false,"runtime":"laya.physics.RigidBody"},"compId":17},{"type":"Script","props":{"y":1,"x":0,"runtime":"script/Game/UIMain_Room.ts"},"compId":22},{"type":"Sprite","props":{"y":185,"x":301,"width":15,"name":"right_Wall","height":143},"compId":60,"child":[{"type":"Script","props":{"y":23,"x":-1,"width":15,"label":"wall","isSensor":true,"height":125,"runtime":"laya.physics.BoxCollider"},"compId":61},{"type":"Script","props":{"gravityScale":0,"bullet":true,"allowSleep":false,"runtime":"laya.physics.RigidBody"},"compId":62}]},{"type":"Sprite","props":{"y":0,"x":0,"width":19,"name":"left_Wall","height":317},"compId":23,"child":[{"type":"Script","props":{"y":0,"x":0,"width":16,"label":"wall","isSensor":true,"height":334,"runtime":"laya.physics.BoxCollider"},"compId":24},{"type":"Script","props":{"gravityScale":0,"bullet":true,"allowSleep":false,"runtime":"laya.physics.RigidBody"},"compId":25}]},{"type":"Sprite","props":{"y":320,"x":4,"width":312,"presetID":1,"name":"Floor_02_Room1","height":17,"isPresetRoot":true},"compId":104,"child":[{"type":"Image","props":{"y":0,"x":0,"width":296,"presetID":2,"height":14,"alpha":0,"skin":"UI/ec8071c1-4577-4d6c-9231-2357a90145b1.png","sizeGrid":"0,4,0,8"},"compId":105},{"type":"Script","props":{"y":0,"x":2,"width":309,"presetID":3,"label":"floor","isSensor":true,"height":14,"runtime":"laya.physics.BoxCollider"},"compId":106},{"type":"Script","props":{"presetID":4,"gravityScale":0,"allowSleep":false,"allowRotation":false,"bullet":true,"runtime":"laya.physics.RigidBody"},"compId":107}]},{"type":"Sprite","props":{"y":151,"x":145,"width":172,"presetID":1,"name":"Floor_01_Room1","height":14,"isPresetRoot":true},"compId":93,"child":[{"type":"Image","props":{"y":0,"x":0,"width":160,"skin":"UI/ec8071c1-4577-4d6c-9231-2357a90145b1.png","sizeGrid":"0,14,0,10","presetID":2,"height":14},"compId":119},{"type":"Script","props":{"y":0,"x":0,"width":170,"presetID":3,"label":"floor","isSensor":true,"height":14,"runtime":"laya.physics.BoxCollider"},"compId":120},{"type":"Script","props":{"presetID":4,"gravityScale":0,"allowSleep":false,"allowRotation":false,"bullet":true,"runtime":"laya.physics.RigidBody"},"compId":121}]},{"type":"Sprite","props":{"y":287.5,"x":259,"width":57,"pivotY":35,"pivotX":29,"name":"Target","height":69},"compId":114,"child":[{"type":"Image","props":{"y":-1,"x":0,"width":57,"skin":"UI/2.png","height":70},"compId":115},{"type":"Script","props":{"width":57,"label":"target","isSensor":true,"height":69,"runtime":"laya.physics.BoxCollider"},"compId":116},{"type":"Script","props":{"gravityScale":0,"allowSleep":true,"allowRotation":true,"runtime":"laya.physics.RigidBody"},"compId":117}]},{"type":"Sprite","props":{"y":112,"x":314,"width":48,"pivotY":41,"pivotX":13,"name":"right_Aisle_01","height":82},"compId":122,"child":[{"type":"Image","props":{"y":0,"x":48,"width":80,"skin":"UI/a9ac4633-ecea-444b-a066-86ee56f38166.png","rotation":90,"name":"interaction","height":34},"compId":123},{"type":"Image","props":{"y":41,"x":7,"width":81,"skin":"UI/4cb9b9b5-3960-4590-a074-cb1918afdf66.png","rotation":90,"pivotY":8,"pivotX":41,"name":"wall","height":16},"compId":149},{"type":"Image","props":{"y":41.5,"x":6.5,"width":81,"skin":"UI/c0944b2a-0460-45a7-9874-b769b8ec6513.png","rotation":90,"pivotY":8,"pivotX":41,"name":"color","height":15},"compId":124},{"type":"Script","props":{"y":28,"x":0,"width":29,"label":"aisle","isSensor":true,"height":28,"runtime":"laya.physics.BoxCollider"},"compId":125},{"type":"Script","props":{"gravityScale":0,"bullet":true,"allowSleep":false,"allowRotation":false,"runtime":"laya.physics.RigidBody"},"compId":126},{"type":"Script","props":{"runtime":"script/Game/UIMain_Aisle.ts"},"compId":132},{"type":"Script","props":{"y":0,"x":14,"width":36,"label":"interaction","isSensor":true,"height":82,"runtime":"laya.physics.BoxCollider"},"compId":163}]}]},{"type":"Sprite","props":{"y":529,"x":639,"width":51,"var":"Person","rotation":0,"pivotY":32,"pivotX":26,"name":"Person","height":63},"compId":56,"child":[{"type":"Script","props":{"runtime":"script/Game/UIMain_Person.ts"},"compId":57},{"type":"Script","props":{"y":0,"x":6,"width":40,"isSensor":true,"height":64,"runtime":"laya.physics.BoxCollider"},"compId":58},{"type":"Script","props":{"gravityScale":0,"allowSleep":false,"allowRotation":false,"runtime":"laya.physics.RigidBody"},"compId":59},{"type":"Image","props":{"y":23,"x":20,"width":52,"skin":"UI/3.png","pivotY":35,"pivotX":24,"name":"pic","height":70},"compId":134},{"type":"Image","props":{"y":21,"x":47,"width":19,"skin":"UI/af5fe039-4106-4820-b634-7a4c5a3c7979.png","rotation":53,"pivotY":31,"pivotX":10,"name":"stick","height":62},"compId":165}]},{"type":"Script","props":{"y":0,"x":0,"runtime":"script/Game/UIMain.ts"},"compId":55},{"type":"Sprite","props":{"y":187,"x":105,"width":69,"var":"BtnSet","texture":"UI/770947bf-ac61-4198-919a-734bd94d7e40.png","pivotY":37,"pivotX":35,"name":"BtnSet","height":73,"alpha":0},"compId":147}],"loadList":["UI/7e3df512-1a06-470b-8cce-8108aea318b2.png","UI/5fe2b2c2-4591-4397-a5d4-292ebc3420a7.png","UI/1b8bda18-0d62-4b87-a356-8d690b4bc348.png","prefab/Floor.prefab","UI/86d5b3f3-bcc0-4720-b933-c9779b2e685a.png","UI/40bacf8d-b069-4dc3-9d5e-ef2388ac0475.png","UI/f8b88768-4f38-4079-884c-f92eb4159e45.png","UI/924fc533-38cf-4a88-85ab-c4377aa5f50c.png","UI/ec8071c1-4577-4d6c-9231-2357a90145b1.png","UI/2.png","UI/a9ac4633-ecea-444b-a066-86ee56f38166.png","UI/4cb9b9b5-3960-4590-a074-cb1918afdf66.png","UI/c0944b2a-0460-45a7-9874-b769b8ec6513.png","UI/3.png","UI/af5fe039-4106-4820-b634-7a4c5a3c7979.png","UI/770947bf-ac61-4198-919a-734bd94d7e40.png"],"loadList3D":[]}