{"type":"View","props":{"width":720,"height":1280},"compId":2,"child":[{"type":"Script","props":{"y":0,"x":0,"runtime":"script/Game/UIMain.ts"},"compId":60},{"type":"Image","props":{"y":0,"x":0,"var":"background","skin":"UI_new/conmmon/bg_yeloow.png","name":"background"},"compId":3},{"type":"Image","props":{"y":608,"x":222,"width":310,"var":"Room2","skin":"Room/room_blue.png","sizeGrid":"23,22,24,20","pivotY":196,"pivotX":155,"name":"Room2","height":391},"compId":4,"child":[{"type":"Script","props":{"y":0,"x":1,"width":309,"isSensor":false,"height":389,"friction":0.2,"density":-1,"runtime":"laya.physics.BoxCollider"},"compId":5},{"type":"Script","props":{"type":"dynamic","gravityScale":0,"allowSleep":false,"allowRotation":false,"runtime":"laya.physics.RigidBody"},"compId":6},{"type":"Sprite","props":{"y":200,"x":1,"width":308,"name":"Floor_02_Room2","height":14},"compId":292,"child":[{"type":"Image","props":{"y":0,"x":13,"width":282,"skin":"Room/room_blue_floor_01.png","sizeGrid":"0,4,0,8","height":14,"alpha":1},"compId":293},{"type":"Script","props":{"y":0,"x":0,"width":308,"label":"floor","isSensor":true,"height":22,"runtime":"laya.physics.BoxCollider"},"compId":294},{"type":"Script","props":{"gravityScale":0,"bullet":true,"allowSleep":false,"allowRotation":false,"runtime":"laya.physics.RigidBody"},"compId":295}]},{"type":"Sprite","props":{"y":376,"x":1,"width":309,"name":"Floor_01_Room2","height":14},"compId":349,"child":[{"type":"Image","props":{"y":0,"x":13,"width":282,"skin":"Room/room_blue_floor_01.png","sizeGrid":"0,4,0,8","height":14,"alpha":1},"compId":350},{"type":"Script","props":{"y":0,"x":0,"width":305,"label":"floor","isSensor":true,"height":14,"runtime":"laya.physics.BoxCollider"},"compId":351},{"type":"Script","props":{"gravityScale":0,"bullet":true,"allowSleep":false,"allowRotation":false,"runtime":"laya.physics.RigidBody"},"compId":352}]},{"type":"Script","props":{"runtime":"script/Game/UIMain_Room.ts"},"compId":10},{"type":"Sprite","props":{"y":204,"x":1,"width":14,"name":"right_Wall","height":176},"compId":61,"child":[{"type":"Script","props":{"y":86,"x":0,"width":14,"label":"wall","isSensor":true,"height":98,"runtime":"laya.physics.BoxCollider"},"compId":62},{"type":"Script","props":{"gravityScale":0,"bullet":true,"allowSleep":false,"runtime":"laya.physics.RigidBody"},"compId":63}]},{"type":"Sprite","props":{"y":78.5,"x":102,"texture":"Room/ui_bookrack.png"},"compId":64},{"type":"Sprite","props":{"y":354,"x":174,"width":60,"pivotY":24,"pivotX":30,"name":"staticDog_01","height":48},"compId":297,"child":[{"type":"Image","props":{"y":25,"x":28,"width":60,"skin":"UI/1.png","scaleX":-1,"pivotY":24,"pivotX":30,"name":"pic","height":47},"compId":298},{"type":"Script","props":{"y":0,"x":9,"width":42,"label":"dog","isSensor":true,"height":48,"runtime":"laya.physics.BoxCollider"},"compId":299},{"type":"Script","props":{"gravityScale":0,"allowSleep":false,"allowRotation":false,"runtime":"laya.physics.RigidBody"},"compId":300},{"type":"Script","props":{"runtime":"script/Game/UIMain_StaticDog.ts"},"compId":513}]},{"type":"Sprite","props":{"y":335,"x":309,"width":48,"pivotY":41,"pivotX":14,"name":"right_Aisle_02","height":82},"compId":467,"child":[{"type":"Image","props":{"y":2,"x":47,"width":78,"skin":"Room/ui_interaction_01.png","rotation":90,"name":"interaction","height":32},"compId":468},{"type":"Image","props":{"y":42,"x":7.8,"width":81,"skin":"Room/room_blue_wall.png","rotation":90,"pivotY":8,"pivotX":41,"name":"wall","height":16.5},"compId":469},{"type":"Image","props":{"y":41.5,"x":7.5,"skin":"Room/room_blue_color.png","rotation":90,"pivotY":8,"pivotX":41,"name":"color"},"compId":470},{"type":"Script","props":{"y":34,"x":0,"width":25,"label":"aisle","isSensor":true,"height":15,"runtime":"laya.physics.BoxCollider"},"compId":471},{"type":"Script","props":{"gravityScale":0,"bullet":true,"allowSleep":false,"allowRotation":false,"runtime":"laya.physics.RigidBody"},"compId":472},{"type":"Script","props":{"runtime":"script/Game/UIMain_Aisle.ts"},"compId":473},{"type":"Label","props":{"text":"label","name":"yanse","alpha":0},"compId":474},{"type":"Script","props":{"width":48,"label":"interaction","isSensor":true,"height":82,"runtime":"laya.physics.BoxCollider"},"compId":475}]},{"type":"Sprite","props":{"y":173,"x":263,"width":27,"pivotY":29,"pivotX":14,"name":"Stick","height":58},"compId":514,"child":[{"type":"Image","props":{"y":9,"x":12.5,"width":22,"skin":"Room/stick.png","pivotY":31,"pivotX":10,"height":78},"compId":515},{"type":"Script","props":{"y":-21,"x":0,"width":27,"label":"stick","isSensor":true,"height":79,"runtime":"laya.physics.BoxCollider"},"compId":516},{"type":"Script","props":{"gravityScale":0,"bullet":true,"allowSleep":false,"allowRotation":false,"runtime":"laya.physics.RigidBody"},"compId":517}]},{"type":"Sprite","props":{"y":0,"x":296,"width":14,"name":"right_Wall","height":199},"compId":536,"child":[{"type":"Script","props":{"y":86,"x":0,"width":14,"label":"wall","isSensor":true,"height":110,"runtime":"laya.physics.BoxCollider"},"compId":537},{"type":"Script","props":{"gravityScale":0,"bullet":true,"allowSleep":false,"runtime":"laya.physics.RigidBody"},"compId":538}]},{"type":"Sprite","props":{"y":159,"x":-1,"width":48,"pivotY":41,"pivotX":33,"name":"left_Aisle_01","height":82},"compId":539,"child":[{"type":"Image","props":{"y":80,"x":0.5,"width":78,"skin":"Room/ui_interaction_01.png","rotation":270,"name":"interaction","height":32},"compId":540},{"type":"Image","props":{"y":41.5,"x":41.3,"skin":"Room/room_blue_wall.png","rotation":90,"pivotY":8,"pivotX":41,"name":"wall","height":17},"compId":541},{"type":"Image","props":{"y":41.5,"x":41,"width":81,"skin":"Room/room_blue_color.png","rotation":-90,"pivotY":8,"pivotX":41,"name":"color","height":15},"compId":542},{"type":"Script","props":{"y":34,"x":23,"width":25,"label":"aisle","isSensor":true,"height":15,"runtime":"laya.physics.BoxCollider"},"compId":543},{"type":"Script","props":{"y":1,"x":0,"gravityScale":0,"bullet":true,"allowSleep":false,"allowRotation":false,"runtime":"laya.physics.RigidBody"},"compId":544},{"type":"Script","props":{"runtime":"script/Game/UIMain_Aisle.ts"},"compId":545},{"type":"Label","props":{"text":"label","name":"yanse","alpha":0},"compId":546},{"type":"Script","props":{"width":48,"label":"interaction","isSensor":true,"height":82,"runtime":"laya.physics.BoxCollider"},"compId":547}]},{"type":"Sprite","props":{"y":356.5,"x":94,"width":38,"rotation":0,"pivotY":25,"pivotX":19,"name":"drumstick","height":49},"compId":573,"child":[{"type":"Script","props":{"y":2,"x":2,"width":35,"label":"drumstick","isSensor":true,"height":46,"runtime":"laya.physics.BoxCollider"},"compId":574},{"type":"Script","props":{"gravityScale":0,"allowSleep":false,"allowRotation":false,"runtime":"laya.physics.RigidBody"},"compId":575},{"type":"Image","props":{"y":11,"x":10,"skin":"Room/icon_drumstick.png","scaleY":0.6,"scaleX":0.6,"name":"pic"},"compId":576}]}]},{"type":"Image","props":{"y":999,"x":414,"width":316,"skin":"Room/room_red.png","sizeGrid":"23,22,24,20","pivotY":108,"pivotX":158,"name":"Room3","height":216},"compId":157,"child":[{"type":"Script","props":{"y":0,"x":1,"width":315,"isSensor":false,"height":216,"friction":0.2,"density":-1,"runtime":"laya.physics.BoxCollider"},"compId":158},{"type":"Script","props":{"type":"dynamic","group":1,"gravityScale":0,"bullet":true,"allowSleep":false,"allowRotation":false,"runtime":"laya.physics.RigidBody"},"compId":159},{"type":"Script","props":{"y":2,"x":0,"runtime":"script/Game/UIMain_Room.ts"},"compId":166},{"type":"Sprite","props":{"y":200,"x":11,"width":303,"name":"Floor_01_Room3","height":17},"compId":179,"child":[{"type":"Image","props":{"y":0,"x":0,"width":186,"skin":"UI/ec8071c1-4577-4d6c-9231-2357a90145b1.png","sizeGrid":"0,4,0,8","height":14,"alpha":0},"compId":180},{"type":"Script","props":{"y":2,"x":-9,"width":311,"label":"floor","isSensor":true,"height":14,"runtime":"laya.physics.BoxCollider"},"compId":181},{"type":"Script","props":{"gravityScale":0,"bullet":true,"allowSleep":false,"allowRotation":false,"runtime":"laya.physics.RigidBody"},"compId":182}]},{"type":"Sprite","props":{"y":41,"x":49,"texture":"Room/ui_window.png"},"compId":326},{"type":"Sprite","props":{"y":160,"x":1,"width":48,"pivotY":41,"pivotX":33,"name":"left_Aisle_01","height":82},"compId":485,"child":[{"type":"Image","props":{"y":80,"x":0.5,"width":78,"skin":"Room/ui_interaction_01.png","rotation":270,"name":"interaction","height":32},"compId":486},{"type":"Image","props":{"y":41.5,"x":40,"skin":"Room/room_blue_wall.png","rotation":90,"pivotY":8,"pivotX":41,"name":"wall","height":16.3},"compId":487},{"type":"Image","props":{"y":41.5,"x":40.5,"width":81,"skin":"Room/room_blue_color.png","rotation":-90,"pivotY":8,"pivotX":41,"name":"color","height":15},"compId":488},{"type":"Script","props":{"y":34,"x":23,"width":25,"label":"aisle","isSensor":true,"height":15,"runtime":"laya.physics.BoxCollider"},"compId":489},{"type":"Script","props":{"y":1,"x":0,"gravityScale":0,"bullet":true,"allowSleep":false,"allowRotation":false,"runtime":"laya.physics.RigidBody"},"compId":490},{"type":"Script","props":{"runtime":"script/Game/UIMain_Aisle.ts"},"compId":491},{"type":"Label","props":{"text":"label","name":"yanse","alpha":0},"compId":492},{"type":"Script","props":{"width":48,"label":"interaction","isSensor":true,"height":82,"runtime":"laya.physics.BoxCollider"},"compId":493}]},{"type":"Sprite","props":{"y":9.5,"x":300,"width":14,"name":"right_Wall","height":199},"compId":585,"child":[{"type":"Script","props":{"y":86,"x":0,"width":14,"label":"wall","isSensor":true,"height":110,"runtime":"laya.physics.BoxCollider"},"compId":586},{"type":"Script","props":{"gravityScale":0,"bullet":true,"allowSleep":false,"runtime":"laya.physics.RigidBody"},"compId":587}]}]},{"type":"Image","props":{"y":574,"x":552,"width":232,"var":"Room1","skin":"Room/room_green.png","sizeGrid":"23,22,24,20","pivotY":108,"pivotX":116,"name":"Room1","height":216},"compId":93,"child":[{"type":"Script","props":{"y":0,"x":1,"width":231,"isSensor":false,"height":216,"friction":0.2,"density":-1,"runtime":"laya.physics.BoxCollider"},"compId":94},{"type":"Script","props":{"type":"dynamic","group":1,"gravityScale":0,"bullet":true,"allowSleep":false,"runtime":"laya.physics.RigidBody"},"compId":95},{"type":"Script","props":{"y":1,"x":0,"runtime":"script/Game/UIMain_Room.ts"},"compId":102},{"type":"Sprite","props":{"y":46,"x":95,"texture":"Room/ui_window.png"},"compId":325},{"type":"Sprite","props":{"y":201,"x":-3,"width":236,"name":"Floor_01_Room1","height":16},"compId":345,"child":[{"type":"Script","props":{"y":0,"x":2,"width":232,"label":"floor","isSensor":true,"height":16,"runtime":"laya.physics.BoxCollider"},"compId":346},{"type":"Script","props":{"gravityScale":0,"bullet":true,"allowSleep":false,"allowRotation":true,"runtime":"laya.physics.RigidBody"},"compId":347}]},{"type":"Sprite","props":{"y":160,"x":0,"width":48,"pivotY":41,"pivotX":33,"name":"left_Aisle_01","height":82},"compId":494,"child":[{"type":"Image","props":{"y":80,"x":0.5,"width":78,"skin":"Room/ui_interaction_01.png","rotation":270,"name":"interaction","height":32},"compId":495},{"type":"Image","props":{"y":41.5,"x":40.5,"skin":"Room/room_blue_wall.png","rotation":90,"pivotY":8,"pivotX":41,"name":"wall","height":16.5},"compId":496},{"type":"Image","props":{"y":41.5,"x":40.5,"width":81,"skin":"Room/room_blue_color.png","rotation":-90,"pivotY":8,"pivotX":41,"name":"color","height":15},"compId":497},{"type":"Script","props":{"y":34,"x":23,"width":25,"label":"aisle","isSensor":true,"height":15,"runtime":"laya.physics.BoxCollider"},"compId":498},{"type":"Script","props":{"y":1,"x":0,"gravityScale":0,"bullet":true,"allowSleep":false,"allowRotation":false,"runtime":"laya.physics.RigidBody"},"compId":499},{"type":"Script","props":{"runtime":"script/Game/UIMain_Aisle.ts"},"compId":500},{"type":"Label","props":{"text":"label","name":"yanse","alpha":0},"compId":501},{"type":"Script","props":{"width":48,"label":"interaction","isSensor":true,"height":82,"runtime":"laya.physics.BoxCollider"},"compId":502}]},{"type":"Sprite","props":{"y":160,"x":232,"width":48,"pivotY":41,"pivotX":14,"name":"right_Aisle_01","height":82},"compId":527,"child":[{"type":"Image","props":{"y":2,"x":47,"width":78,"skin":"Room/ui_interaction_01.png","rotation":90,"name":"interaction","height":32},"compId":528},{"type":"Image","props":{"y":42,"x":6.5,"width":81,"skin":"Room/room_blue_wall.png","rotation":90,"pivotY":8,"pivotX":41,"name":"wall","height":16},"compId":529},{"type":"Image","props":{"y":41.5,"x":6,"skin":"Room/room_blue_color.png","rotation":90,"pivotY":8,"pivotX":41,"name":"color"},"compId":530},{"type":"Script","props":{"y":34,"x":0,"width":25,"label":"aisle","isSensor":true,"height":15,"runtime":"laya.physics.BoxCollider"},"compId":531},{"type":"Script","props":{"gravityScale":0,"bullet":true,"allowSleep":false,"allowRotation":false,"runtime":"laya.physics.RigidBody"},"compId":532},{"type":"Script","props":{"runtime":"script/Game/UIMain_Aisle.ts"},"compId":533},{"type":"Label","props":{"text":"label","name":"yanse","alpha":0},"compId":534},{"type":"Script","props":{"width":48,"label":"interaction","isSensor":true,"height":82,"runtime":"laya.physics.BoxCollider"},"compId":535}]}]},{"type":"Sprite","props":{"y":1065,"x":360,"width":51,"rotation":0,"pivotY":32,"pivotX":26,"name":"houma","height":63},"compId":556,"child":[{"type":"Script","props":{"y":0,"x":9,"width":34,"label":"houma","isSensor":true,"height":64,"runtime":"laya.physics.BoxCollider"},"compId":557},{"type":"Script","props":{"gravityScale":0,"allowSleep":false,"allowRotation":false,"runtime":"laya.physics.RigidBody"},"compId":558},{"type":"Image","props":{"y":32,"x":25,"width":52,"skin":"Room/room_pink.png","pivotY":35,"pivotX":24,"name":"pic","height":70},"compId":559},{"type":"Image","props":{"y":19,"x":-2,"width":41,"skin":"Room/icon_apple.png","scaleY":0.6,"scaleX":0.6,"pivotY":21,"pivotX":21,"name":"apple","height":41},"compId":560},{"type":"Script","props":{"runtime":"script/Game/UIMain_Houma.ts"},"compId":561}]},{"type":"Sprite","props":{"y":1064.5,"x":484,"width":57,"var":"Wangzi","pivotY":35,"pivotX":29,"name":"Wangzi","height":69},"compId":568,"child":[{"type":"Image","props":{"y":34,"x":29,"width":57,"skin":"UI/2.png","scaleX":1,"pivotY":35,"pivotX":29,"name":"pic","height":70},"compId":569},{"type":"Script","props":{"width":57,"label":"wangzi","isSensor":true,"height":69,"runtime":"laya.physics.BoxCollider"},"compId":570},{"type":"Script","props":{"gravityScale":0,"allowSleep":true,"allowRotation":true,"runtime":"laya.physics.RigidBody"},"compId":571},{"type":"Script","props":{"runtime":"script/Game/UIMain_Wangzi.ts"},"compId":572}]},{"type":"Sprite","props":{"y":640,"x":577,"width":51,"var":"Gongzhu","rotation":0,"pivotY":32,"pivotX":26,"name":"Gongzhu","height":63},"compId":577,"child":[{"type":"Script","props":{"y":0,"x":6,"width":40,"label":"gongzhu","isSensor":true,"height":66,"runtime":"laya.physics.BoxCollider"},"compId":578},{"type":"Script","props":{"gravityScale":0,"allowSleep":false,"allowRotation":false,"runtime":"laya.physics.RigidBody"},"compId":579},{"type":"Image","props":{"y":23,"x":20,"width":52,"skin":"UI_new/GameStart/person_gongzhu.png","pivotY":35,"pivotX":24,"name":"pic","height":70},"compId":580},{"type":"Script","props":{"runtime":"script/Game/UIMain_Gongzhu.ts"},"compId":581}]}],"loadList":["UI_new/conmmon/bg_yeloow.png","Room/room_blue.png","Room/room_blue_floor_01.png","Room/ui_bookrack.png","UI/1.png","Room/ui_interaction_01.png","Room/room_blue_wall.png","Room/room_blue_color.png","Room/stick.png","Room/icon_drumstick.png","Room/room_red.png","UI/ec8071c1-4577-4d6c-9231-2357a90145b1.png","Room/ui_window.png","Room/room_green.png","Room/room_pink.png","Room/icon_apple.png","UI/2.png","UI_new/GameStart/person_gongzhu.png"],"loadList3D":[]}