{"type":"View","props":{"width":720,"height":1280},"compId":2,"child":[{"type":"Script","props":{"y":0,"x":0,"runtime":"script/Game/UIMain.ts"},"compId":60},{"type":"Image","props":{"y":0,"x":0,"var":"background","skin":"UI_new/conmmon/bg_yeloow.png","name":"background"},"compId":3},{"type":"Image","props":{"y":653,"x":190,"width":311,"skin":"Room/room_bluish.png","sizeGrid":"23,22,24,20","pivotY":108,"pivotX":155,"name":"Room2","height":216},"compId":592,"child":[{"type":"Script","props":{"y":0,"x":1,"width":308,"isSensor":false,"height":216,"friction":0.2,"density":-1,"runtime":"laya.physics.BoxCollider"},"compId":593},{"type":"Script","props":{"type":"dynamic","group":1,"gravityScale":0,"bullet":true,"allowSleep":false,"allowRotation":false,"runtime":"laya.physics.RigidBody"},"compId":594},{"type":"Script","props":{"y":2,"x":0,"runtime":"script/Game/UIMain_Room.ts"},"compId":595},{"type":"Sprite","props":{"y":200,"x":11,"width":297,"name":"Floor_01_Room2","height":17},"compId":596,"child":[{"type":"Image","props":{"y":0,"x":0,"width":186,"skin":"UI/ec8071c1-4577-4d6c-9231-2357a90145b1.png","sizeGrid":"0,4,0,8","height":14,"alpha":0},"compId":597},{"type":"Script","props":{"y":1,"x":-9,"width":309,"label":"floor","isSensor":true,"height":14,"runtime":"laya.physics.BoxCollider"},"compId":598},{"type":"Script","props":{"gravityScale":0,"bullet":true,"allowSleep":false,"allowRotation":false,"runtime":"laya.physics.RigidBody"},"compId":599}]},{"type":"Sprite","props":{"y":62.5,"x":188,"texture":"Room/ui_window.png"},"compId":600},{"type":"Sprite","props":{"y":7.5,"x":297,"width":14,"name":"right_Wall_01","height":198},"compId":606,"child":[{"type":"Script","props":{"y":87,"x":0,"width":14,"label":"wall","isSensor":true,"height":111,"runtime":"laya.physics.BoxCollider"},"compId":607},{"type":"Script","props":{"gravityScale":0,"bullet":true,"allowSleep":false,"runtime":"laya.physics.RigidBody"},"compId":608}]},{"type":"Sprite","props":{"y":9,"x":1,"width":14,"name":"right_Wall","height":198},"compId":609,"child":[{"type":"Script","props":{"y":82,"x":0,"width":14,"label":"wall","isSensor":true,"height":116,"runtime":"laya.physics.BoxCollider"},"compId":610},{"type":"Script","props":{"gravityScale":0,"bullet":true,"allowSleep":false,"runtime":"laya.physics.RigidBody"},"compId":611}]},{"type":"Sprite","props":{"y":112,"x":60,"width":71,"pivotY":96,"pivotX":36,"name":"ladder_01","height":111},"compId":740,"child":[{"type":"Sprite","props":{"y":37,"x":12,"texture":"Room/ui_ladder.png"},"compId":741},{"type":"Sprite","props":{"y":-1,"x":12,"texture":"Room/ui_ladder.png"},"compId":742},{"type":"Sprite","props":{"y":73,"x":12,"texture":"Room/ui_ladder.png"},"compId":745},{"type":"Script","props":{"y":-1,"x":29,"width":14,"label":"ladder","isSensor":true,"height":107,"runtime":"laya.physics.BoxCollider"},"compId":746},{"type":"Script","props":{"gravityScale":0,"bullet":true,"allowSleep":false,"allowRotation":false,"runtime":"laya.physics.RigidBody"},"compId":747}]},{"type":"Sprite","props":{"y":0,"x":60,"width":82,"pivotY":33,"pivotX":41,"name":"up_Aisle_01","height":48},"compId":748,"child":[{"type":"Image","props":{"y":1,"x":2,"skin":"Room/ui_interaction_01.png","rotation":0,"name":"interaction"},"compId":749},{"type":"Image","props":{"y":39.2,"x":41.5,"skin":"Room/room_blue_wall.png","rotation":0,"pivotY":8,"pivotX":41,"name":"wall","height":17},"compId":750},{"type":"Image","props":{"y":40,"x":41.5,"skin":"Room/room_blue_color.png","rotation":0,"pivotY":8,"pivotX":41,"name":"color"},"compId":751},{"type":"Script","props":{"y":18,"x":33,"width":15,"label":"aisle","isSensor":true,"height":29,"runtime":"laya.physics.BoxCollider"},"compId":752},{"type":"Script","props":{"gravityScale":0,"bullet":true,"allowSleep":false,"allowRotation":false,"runtime":"laya.physics.RigidBody"},"compId":753},{"type":"Script","props":{"runtime":"script/Game/UIMain_Aisle.ts"},"compId":754},{"type":"Label","props":{"text":"label","name":"yanse","alpha":0},"compId":755},{"type":"Script","props":{"y":0,"x":0,"width":82,"label":"interaction","isSensor":true,"height":48,"runtime":"laya.physics.BoxCollider"},"compId":756}]},{"type":"Sprite","props":{"y":217,"x":243,"width":82,"pivotY":15,"pivotX":40,"name":"down_Aisle_01","height":48},"compId":818,"child":[{"type":"Image","props":{"y":47,"x":80,"skin":"Room/ui_interaction_01.png","rotation":180,"name":"interaction"},"compId":819},{"type":"Image","props":{"y":7.2,"x":41.5,"skin":"Room/room_blue_wall.png","rotation":0,"pivotY":8,"pivotX":41,"name":"wall","height":16.5},"compId":820},{"type":"Image","props":{"y":7,"x":41.5,"width":81,"skin":"Room/room_blue_color.png","rotation":180,"pivotY":8,"pivotX":41,"name":"color","height":15},"compId":821},{"type":"Script","props":{"y":-17,"x":33,"width":15,"label":"aisle","isSensor":true,"height":51,"runtime":"laya.physics.BoxCollider"},"compId":822},{"type":"Script","props":{"gravityScale":0,"bullet":true,"allowSleep":false,"allowRotation":false,"runtime":"laya.physics.RigidBody"},"compId":823},{"type":"Script","props":{"runtime":"script/Game/UIMain_Aisle.ts"},"compId":824},{"type":"Label","props":{"text":"label","name":"yanse","alpha":0},"compId":825},{"type":"Script","props":{"y":0,"x":0,"width":82,"label":"interaction","isSensor":true,"height":48,"runtime":"laya.physics.BoxCollider"},"compId":826}]},{"type":"Sprite","props":{"y":172.5,"x":143,"width":49,"pivotY":25,"pivotX":25,"name":"necklace","height":49},"compId":883,"child":[{"type":"Sprite","props":{"y":1,"x":-2,"width":52,"texture":"Room/icon_necklace.png","height":50},"compId":884},{"type":"Script","props":{"y":3,"x":3,"width":44,"label":"necklace","isSensor":true,"height":45,"runtime":"laya.physics.BoxCollider"},"compId":885},{"type":"Script","props":{"gravityScale":0,"bullet":true,"allowSleep":false,"allowRotation":false,"runtime":"laya.physics.RigidBody"},"compId":886}]}]},{"type":"Image","props":{"y":307.5,"x":362,"width":317,"skin":"Room/room_red.png","sizeGrid":"23,22,24,20","pivotY":108,"pivotX":159,"name":"Room3","height":216},"compId":157,"child":[{"type":"Script","props":{"y":0,"x":1,"width":315,"isSensor":false,"height":216,"friction":0.2,"density":-1,"runtime":"laya.physics.BoxCollider"},"compId":158},{"type":"Script","props":{"type":"dynamic","group":1,"gravityScale":0,"bullet":true,"allowSleep":false,"allowRotation":false,"runtime":"laya.physics.RigidBody"},"compId":159},{"type":"Script","props":{"y":2,"x":0,"runtime":"script/Game/UIMain_Room.ts"},"compId":166},{"type":"Sprite","props":{"y":200,"x":11,"width":303,"name":"Floor_01_Room3","height":17},"compId":179,"child":[{"type":"Image","props":{"y":0,"x":0,"width":186,"skin":"UI/ec8071c1-4577-4d6c-9231-2357a90145b1.png","sizeGrid":"0,4,0,8","height":14,"alpha":0},"compId":180},{"type":"Script","props":{"y":1,"x":-8,"width":314,"label":"floor","isSensor":true,"height":14,"runtime":"laya.physics.BoxCollider"},"compId":181},{"type":"Script","props":{"gravityScale":0,"bullet":true,"allowSleep":false,"allowRotation":false,"runtime":"laya.physics.RigidBody"},"compId":182}]},{"type":"Sprite","props":{"y":39,"x":199,"texture":"Room/ui_window.png"},"compId":326},{"type":"Sprite","props":{"y":10.5,"x":302,"width":14,"name":"right_Wall_01","height":198},"compId":580,"child":[{"type":"Script","props":{"y":77,"x":0,"width":14,"label":"wall","isSensor":true,"height":123,"runtime":"laya.physics.BoxCollider"},"compId":581},{"type":"Script","props":{"gravityScale":0,"bullet":true,"allowSleep":false,"runtime":"laya.physics.RigidBody"},"compId":582}]},{"type":"Sprite","props":{"y":9,"x":1,"width":14,"name":"right_Wall","height":198},"compId":577,"child":[{"type":"Script","props":{"y":104,"x":0,"width":14,"label":"wall","isSensor":true,"height":94,"runtime":"laya.physics.BoxCollider"},"compId":578},{"type":"Script","props":{"gravityScale":0,"bullet":true,"allowSleep":false,"runtime":"laya.physics.RigidBody"},"compId":579}]},{"type":"Sprite","props":{"y":1,"x":73,"width":82,"pivotY":33,"pivotX":41,"name":"up_Aisle_01","height":48},"compId":792,"child":[{"type":"Image","props":{"y":1,"x":2,"skin":"Room/ui_interaction_01.png","rotation":0,"name":"interaction"},"compId":793},{"type":"Image","props":{"y":39.2,"x":41.5,"skin":"Room/room_blue_wall.png","rotation":0,"pivotY":8,"pivotX":41,"name":"wall","height":16.5},"compId":794},{"type":"Image","props":{"y":40,"x":41.5,"skin":"Room/room_blue_color.png","rotation":0,"pivotY":8,"pivotX":41,"name":"color"},"compId":795},{"type":"Script","props":{"y":18,"x":33,"width":15,"label":"aisle","isSensor":true,"height":29,"runtime":"laya.physics.BoxCollider"},"compId":796},{"type":"Script","props":{"gravityScale":0,"bullet":true,"allowSleep":false,"allowRotation":false,"runtime":"laya.physics.RigidBody"},"compId":797},{"type":"Script","props":{"runtime":"script/Game/UIMain_Aisle.ts"},"compId":798},{"type":"Label","props":{"text":"label","name":"yanse","alpha":0},"compId":799},{"type":"Script","props":{"y":0,"x":0,"width":82,"label":"interaction","isSensor":true,"height":48,"runtime":"laya.physics.BoxCollider"},"compId":800}]},{"type":"Sprite","props":{"y":110,"x":73,"width":71,"pivotY":96,"pivotX":36,"name":"ladder_01","height":113},"compId":805,"child":[{"type":"Sprite","props":{"y":37,"x":12,"texture":"Room/ui_ladder.png"},"compId":806},{"type":"Sprite","props":{"y":-1,"x":12,"texture":"Room/ui_ladder.png"},"compId":807},{"type":"Sprite","props":{"y":73,"x":12,"texture":"Room/ui_ladder.png"},"compId":810},{"type":"Script","props":{"y":-1,"x":29,"width":14,"label":"ladder","isSensor":true,"height":110,"runtime":"laya.physics.BoxCollider"},"compId":811},{"type":"Script","props":{"gravityScale":0,"bullet":true,"allowSleep":false,"allowRotation":false,"runtime":"laya.physics.RigidBody"},"compId":812}]},{"type":"Sprite","props":{"y":170,"x":169,"width":55,"pivotY":25,"pivotX":25,"name":"houzi","height":56},"compId":869,"child":[{"type":"Image","props":{"y":28,"x":28,"width":82,"skin":"Room/room_bluish.png","pivotY":29,"pivotX":41,"name":"pic","height":57},"compId":870},{"type":"Script","props":{"y":3,"x":3,"width":51,"label":"houzi","isSensor":true,"height":52,"runtime":"laya.physics.BoxCollider"},"compId":871},{"type":"Script","props":{"gravityScale":0,"bullet":true,"allowSleep":false,"allowRotation":false,"runtime":"laya.physics.RigidBody"},"compId":872},{"type":"Sprite","props":{"y":-19,"x":28,"width":83,"var":"Progress","pivotY":13,"pivotX":42,"name":"Progress","height":25},"compId":873,"child":[{"type":"Image","props":{"y":5,"x":0,"width":82,"skin":"UI_new/Loding/ui_progress.png","sizeGrid":"10,24,12,18","height":19},"compId":874},{"type":"Image","props":{"y":29,"x":3,"width":76,"var":"ProgressBar","skin":"UI_new/Loding/ui_progress&bar.png","sizeGrid":"6,24,9,25","pivotY":21,"name":"ProgressBar","height":12},"compId":875,"child":[{"type":"Sprite","props":{"y":-10,"x":-1,"width":78,"var":"Mask","texture":"UI_new/Loding/ui_progress&bar.png","renderType":"mask","name":"Mask","height":29},"compId":876}]}]},{"type":"Script","props":{"runtime":"script/Game/UIMain_Houzi.ts"},"compId":877}]}]},{"type":"Image","props":{"y":603,"x":536,"width":259,"skin":"Room/room_pink.png","sizeGrid":"23,22,24,20","pivotY":108,"pivotX":130,"name":"Room5","height":216},"compId":757,"child":[{"type":"Script","props":{"y":0,"x":1,"width":257,"isSensor":false,"height":216,"friction":0.2,"density":-1,"runtime":"laya.physics.BoxCollider"},"compId":758},{"type":"Script","props":{"type":"dynamic","group":1,"gravityScale":0,"bullet":true,"allowSleep":false,"runtime":"laya.physics.RigidBody"},"compId":759},{"type":"Script","props":{"y":1,"x":0,"runtime":"script/Game/UIMain_Room.ts"},"compId":760},{"type":"Sprite","props":{"y":46,"x":95,"texture":"Room/ui_window.png"},"compId":761},{"type":"Sprite","props":{"y":201,"x":-3,"width":270,"name":"Floor_01_Room5","height":16},"compId":765,"child":[{"type":"Script","props":{"y":0,"x":3,"width":258,"label":"floor","isSensor":true,"height":16,"runtime":"laya.physics.BoxCollider"},"compId":766},{"type":"Script","props":{"gravityScale":0,"bullet":true,"allowSleep":false,"allowRotation":true,"runtime":"laya.physics.RigidBody"},"compId":767}]},{"type":"Sprite","props":{"y":3,"x":245,"width":14,"name":"right_Wall_01","height":196},"compId":768,"child":[{"type":"Script","props":{"y":116,"x":0,"width":14,"label":"wall","isSensor":true,"height":83,"runtime":"laya.physics.BoxCollider"},"compId":769},{"type":"Script","props":{"gravityScale":0,"bullet":true,"allowSleep":false,"runtime":"laya.physics.RigidBody"},"compId":770}]},{"type":"Sprite","props":{"y":9,"x":1,"width":14,"name":"right_Wall","height":198},"compId":771,"child":[{"type":"Script","props":{"y":109,"x":0,"width":14,"label":"wall","isSensor":true,"height":89,"runtime":"laya.physics.BoxCollider"},"compId":772},{"type":"Script","props":{"gravityScale":0,"bullet":true,"allowSleep":false,"runtime":"laya.physics.RigidBody"},"compId":773}]},{"type":"Sprite","props":{"y":216,"x":54,"width":82,"pivotY":15,"pivotX":40,"name":"down_Aisle_01","height":48},"compId":783,"child":[{"type":"Image","props":{"y":47,"x":80,"skin":"Room/ui_interaction_01.png","rotation":180,"name":"interaction"},"compId":784},{"type":"Image","props":{"y":7.2,"x":41.5,"skin":"Room/room_blue_wall.png","rotation":0,"pivotY":8,"pivotX":41,"name":"wall","height":16.5},"compId":785},{"type":"Image","props":{"y":7,"x":41.5,"width":81,"skin":"Room/room_blue_color.png","rotation":180,"pivotY":8,"pivotX":41,"name":"color","height":15},"compId":786},{"type":"Script","props":{"y":-17,"x":33,"width":15,"label":"aisle","isSensor":true,"height":51,"runtime":"laya.physics.BoxCollider"},"compId":787},{"type":"Script","props":{"gravityScale":0,"bullet":true,"allowSleep":false,"allowRotation":false,"runtime":"laya.physics.RigidBody"},"compId":788},{"type":"Script","props":{"runtime":"script/Game/UIMain_Aisle.ts"},"compId":789},{"type":"Label","props":{"text":"label","name":"yanse","alpha":0},"compId":790},{"type":"Script","props":{"y":0,"x":0,"width":82,"label":"interaction","isSensor":true,"height":48,"runtime":"laya.physics.BoxCollider"},"compId":791}]},{"type":"Sprite","props":{"y":217,"x":204,"width":82,"pivotY":15,"pivotX":40,"name":"down_Aisle_01","height":48},"compId":827,"child":[{"type":"Image","props":{"y":47,"x":80,"skin":"Room/ui_interaction_01.png","rotation":180,"name":"interaction"},"compId":828},{"type":"Image","props":{"y":7.2,"x":41.5,"skin":"Room/room_blue_wall.png","rotation":0,"pivotY":8,"pivotX":41,"name":"wall","height":16.5},"compId":829},{"type":"Image","props":{"y":7,"x":41.5,"width":81,"skin":"Room/room_blue_color.png","rotation":180,"pivotY":8,"pivotX":41,"name":"color","height":15},"compId":830},{"type":"Script","props":{"y":-17,"x":33,"width":15,"label":"aisle","isSensor":true,"height":51,"runtime":"laya.physics.BoxCollider"},"compId":831},{"type":"Script","props":{"gravityScale":0,"bullet":true,"allowSleep":false,"allowRotation":false,"runtime":"laya.physics.RigidBody"},"compId":832},{"type":"Script","props":{"runtime":"script/Game/UIMain_Aisle.ts"},"compId":833},{"type":"Label","props":{"text":"label","name":"yanse","alpha":0},"compId":834},{"type":"Script","props":{"y":0,"x":0,"width":82,"label":"interaction","isSensor":true,"height":48,"runtime":"laya.physics.BoxCollider"},"compId":835}]}]},{"type":"Image","props":{"y":901,"x":536,"width":233,"var":"Room1","skin":"Room/room_green.png","sizeGrid":"23,22,24,20","pivotY":108,"pivotX":117,"name":"Room1","height":216},"compId":93,"child":[{"type":"Script","props":{"y":0,"x":1,"width":231,"isSensor":false,"height":216,"friction":0.2,"density":-1,"runtime":"laya.physics.BoxCollider"},"compId":94},{"type":"Script","props":{"type":"dynamic","group":1,"gravityScale":0,"bullet":true,"allowSleep":false,"runtime":"laya.physics.RigidBody"},"compId":95},{"type":"Script","props":{"y":1,"x":0,"runtime":"script/Game/UIMain_Room.ts"},"compId":102},{"type":"Sprite","props":{"y":46,"x":95,"texture":"Room/ui_window.png"},"compId":325},{"type":"Sprite","props":{"y":201,"x":-3,"width":233,"name":"Floor_01_Room1","height":16},"compId":345,"child":[{"type":"Script","props":{"y":0,"x":2,"width":233,"label":"floor","isSensor":true,"height":16,"runtime":"laya.physics.BoxCollider"},"compId":346},{"type":"Script","props":{"gravityScale":0,"bullet":true,"allowSleep":false,"allowRotation":true,"runtime":"laya.physics.RigidBody"},"compId":347}]},{"type":"Sprite","props":{"y":9,"x":1,"width":14,"name":"right_Wall","height":198},"compId":559,"child":[{"type":"Script","props":{"y":111,"x":0,"width":14,"label":"wall","isSensor":true,"height":87,"runtime":"laya.physics.BoxCollider"},"compId":560},{"type":"Script","props":{"gravityScale":0,"bullet":true,"allowSleep":false,"runtime":"laya.physics.RigidBody"},"compId":561}]},{"type":"Sprite","props":{"y":160,"x":231,"width":48,"pivotY":41,"pivotX":14,"name":"right_Aisle_01","height":82},"compId":708,"child":[{"type":"Image","props":{"y":2,"x":47,"width":78,"skin":"Room/ui_interaction_01.png","rotation":90,"name":"interaction","height":32},"compId":709},{"type":"Image","props":{"y":42,"x":7.8,"width":81,"skin":"Room/room_blue_wall.png","rotation":90,"pivotY":8,"pivotX":41,"name":"wall","height":16.5},"compId":710},{"type":"Image","props":{"y":41.5,"x":7.5,"skin":"Room/room_blue_color.png","rotation":90,"pivotY":8,"pivotX":41,"name":"color"},"compId":711},{"type":"Script","props":{"y":34,"x":0,"width":25,"label":"aisle","isSensor":true,"height":15,"runtime":"laya.physics.BoxCollider"},"compId":712},{"type":"Script","props":{"gravityScale":0,"bullet":true,"allowSleep":false,"allowRotation":false,"runtime":"laya.physics.RigidBody"},"compId":713},{"type":"Script","props":{"runtime":"script/Game/UIMain_Aisle.ts"},"compId":714},{"type":"Label","props":{"text":"label","name":"yanse","alpha":0},"compId":715},{"type":"Script","props":{"width":48,"label":"interaction","isSensor":true,"height":82,"runtime":"laya.physics.BoxCollider"},"compId":716}]}]},{"type":"Image","props":{"y":1009,"x":218.5,"width":324,"skin":"Room/room_yellowish.png","sizeGrid":"23,22,24,20","pivotY":108,"pivotX":162,"name":"Room4","height":216},"compId":645,"child":[{"type":"Script","props":{"y":0,"x":1,"width":323,"isSensor":false,"height":216,"friction":0.2,"density":-1,"runtime":"laya.physics.BoxCollider"},"compId":646},{"type":"Script","props":{"type":"dynamic","group":1,"gravityScale":0,"bullet":true,"allowSleep":false,"allowRotation":false,"runtime":"laya.physics.RigidBody"},"compId":647},{"type":"Script","props":{"y":2,"x":0,"runtime":"script/Game/UIMain_Room.ts"},"compId":648},{"type":"Sprite","props":{"y":200,"x":11,"width":308,"name":"Floor_01_Room4","height":17},"compId":653,"child":[{"type":"Image","props":{"y":0,"x":0,"width":186,"skin":"UI/ec8071c1-4577-4d6c-9231-2357a90145b1.png","sizeGrid":"0,4,0,8","height":14,"alpha":0},"compId":654},{"type":"Script","props":{"y":1,"x":-17,"width":324,"label":"floor","isSensor":true,"height":14,"runtime":"laya.physics.BoxCollider"},"compId":655},{"type":"Script","props":{"gravityScale":0,"bullet":true,"allowSleep":false,"allowRotation":false,"runtime":"laya.physics.RigidBody"},"compId":656}]},{"type":"Sprite","props":{"y":7.5,"x":310,"width":14,"name":"right_Wall_01","height":198},"compId":658,"child":[{"type":"Script","props":{"y":119,"x":0,"width":14,"label":"wall","isSensor":true,"height":79,"runtime":"laya.physics.BoxCollider"},"compId":659},{"type":"Script","props":{"gravityScale":0,"bullet":true,"allowSleep":false,"runtime":"laya.physics.RigidBody"},"compId":660}]},{"type":"Sprite","props":{"y":111.5,"x":72,"width":71,"pivotY":96,"pivotX":36,"name":"ladder_01","height":188},"compId":677,"child":[{"type":"Sprite","props":{"y":37,"x":12,"texture":"Room/ui_ladder.png"},"compId":678},{"type":"Sprite","props":{"y":-1,"x":12,"texture":"Room/ui_ladder.png"},"compId":679},{"type":"Sprite","props":{"y":111,"x":12,"texture":"Room/ui_ladder.png"},"compId":692},{"type":"Sprite","props":{"y":149,"x":12,"texture":"Room/ui_ladder.png"},"compId":693},{"type":"Sprite","props":{"y":73,"x":12,"texture":"Room/ui_ladder.png"},"compId":680},{"type":"Script","props":{"y":-1,"x":29,"width":14,"label":"ladder","isSensor":true,"height":186,"runtime":"laya.physics.BoxCollider"},"compId":681},{"type":"Script","props":{"gravityScale":0,"bullet":true,"allowSleep":false,"allowRotation":false,"runtime":"laya.physics.RigidBody"},"compId":682}]},{"type":"Sprite","props":{"y":0,"x":72,"width":82,"pivotY":33,"pivotX":41,"name":"up_Aisle_01","height":48},"compId":683,"child":[{"type":"Image","props":{"y":1,"x":2,"skin":"Room/ui_interaction_01.png","rotation":0,"name":"interaction"},"compId":684},{"type":"Image","props":{"y":39.2,"x":41.5,"skin":"Room/room_blue_wall.png","rotation":0,"pivotY":8,"pivotX":41,"name":"wall","height":16.5},"compId":685},{"type":"Image","props":{"y":40,"x":41.5,"skin":"Room/room_blue_color.png","rotation":0,"pivotY":8,"pivotX":41,"name":"color"},"compId":686},{"type":"Script","props":{"y":18,"x":33,"width":15,"label":"aisle","isSensor":true,"height":29,"runtime":"laya.physics.BoxCollider"},"compId":687},{"type":"Script","props":{"gravityScale":0,"bullet":true,"allowSleep":false,"allowRotation":false,"runtime":"laya.physics.RigidBody"},"compId":688},{"type":"Script","props":{"runtime":"script/Game/UIMain_Aisle.ts"},"compId":689},{"type":"Label","props":{"text":"label","name":"yanse","alpha":0},"compId":690},{"type":"Script","props":{"y":0,"x":0,"width":82,"label":"interaction","isSensor":true,"height":48,"runtime":"laya.physics.BoxCollider"},"compId":691}]},{"type":"Sprite","props":{"y":161,"x":0,"width":48,"pivotY":41,"pivotX":33,"name":"left_Aisle_01","height":82},"compId":731,"child":[{"type":"Image","props":{"y":80,"x":0.5,"width":78,"skin":"Room/ui_interaction_01.png","rotation":270,"name":"interaction","height":32},"compId":732},{"type":"Image","props":{"y":41.5,"x":40.8,"skin":"Room/room_blue_wall.png","rotation":90,"pivotY":8,"pivotX":41,"name":"wall","height":16.5},"compId":733},{"type":"Image","props":{"y":41.5,"x":40.5,"width":81,"skin":"Room/room_blue_color.png","rotation":-90,"pivotY":8,"pivotX":41,"name":"color","height":15},"compId":734},{"type":"Script","props":{"y":34,"x":23,"width":25,"label":"aisle","isSensor":true,"height":15,"runtime":"laya.physics.BoxCollider"},"compId":735},{"type":"Script","props":{"y":1,"x":0,"gravityScale":0,"bullet":true,"allowSleep":false,"allowRotation":false,"runtime":"laya.physics.RigidBody"},"compId":736},{"type":"Script","props":{"runtime":"script/Game/UIMain_Aisle.ts"},"compId":737},{"type":"Label","props":{"text":"label","name":"yanse","alpha":0},"compId":738},{"type":"Script","props":{"width":48,"label":"interaction","isSensor":true,"height":82,"runtime":"laya.physics.BoxCollider"},"compId":739}]}]},{"type":"Sprite","props":{"y":968,"x":479,"width":51,"var":"Gongzhu","rotation":0,"pivotY":32,"pivotX":26,"name":"Gongzhu","height":63},"compId":836,"child":[{"type":"Script","props":{"y":0,"x":6,"width":40,"label":"gongzhu","isSensor":true,"height":66,"runtime":"laya.physics.BoxCollider"},"compId":837},{"type":"Script","props":{"gravityScale":0,"allowSleep":false,"allowRotation":false,"runtime":"laya.physics.RigidBody"},"compId":838},{"type":"Image","props":{"y":23,"x":20,"width":52,"skin":"UI_new/GameStart/person_gongzhu.png","pivotY":35,"pivotX":24,"name":"pic","height":70},"compId":839},{"type":"Script","props":{"runtime":"script/Game/UIMain_Gongzhu.ts"},"compId":840}]},{"type":"Sprite","props":{"y":1080,"x":241,"width":60,"pivotY":24,"pivotX":30,"name":"moveDog_01","height":48},"compId":846,"child":[{"type":"Image","props":{"y":25,"x":31,"width":60,"skin":"UI/1.png","pivotY":24,"pivotX":30,"name":"pic","height":47},"compId":847},{"type":"Script","props":{"y":-11,"x":9,"width":42,"label":"dog","isSensor":true,"height":64,"runtime":"laya.physics.BoxCollider"},"compId":848},{"type":"Script","props":{"gravityScale":0,"allowSleep":false,"allowRotation":false,"runtime":"laya.physics.RigidBody"},"compId":849},{"type":"Script","props":{"runtime":"script/Game/UIMain_Dog.ts"},"compId":850}]},{"type":"Sprite","props":{"y":369,"x":463.5,"width":57,"var":"Wangzi","pivotY":35,"pivotX":29,"name":"Wangzi","height":69},"compId":878,"child":[{"type":"Image","props":{"y":34,"x":29,"width":57,"skin":"UI/2.png","scaleX":1,"pivotY":35,"pivotX":29,"name":"pic","height":70},"compId":879},{"type":"Script","props":{"width":57,"label":"wangzi","isSensor":true,"height":69,"runtime":"laya.physics.BoxCollider"},"compId":880},{"type":"Script","props":{"gravityScale":0,"allowSleep":true,"allowRotation":true,"runtime":"laya.physics.RigidBody"},"compId":881},{"type":"Script","props":{"runtime":"script/Game/UIMain_Wangzi.ts"},"compId":882}]},{"type":"Sprite","props":{"y":671,"x":536,"width":51,"var":"Rival","rotation":0,"pivotY":32,"pivotX":26,"name":"Rival","height":63},"compId":887,"child":[{"type":"Script","props":{"y":0,"x":6,"width":40,"label":"rival","isSensor":true,"height":64,"runtime":"laya.physics.BoxCollider"},"compId":888},{"type":"Script","props":{"gravityScale":0,"allowSleep":false,"allowRotation":false,"runtime":"laya.physics.RigidBody"},"compId":889},{"type":"Image","props":{"y":23,"x":20,"width":52,"skin":"UI/3.png","pivotY":35,"pivotX":24,"name":"pic","height":70},"compId":890},{"type":"Script","props":{"runtime":"script/Game/UIMain_Rival.ts"},"compId":891}]}],"loadList":["UI_new/conmmon/bg_yeloow.png","Room/room_bluish.png","UI/ec8071c1-4577-4d6c-9231-2357a90145b1.png","Room/ui_window.png","Room/ui_ladder.png","Room/ui_interaction_01.png","Room/room_blue_wall.png","Room/room_blue_color.png","Room/icon_necklace.png","Room/room_red.png","UI_new/Loding/ui_progress.png","UI_new/Loding/ui_progress&bar.png","Room/room_pink.png","Room/room_green.png","Room/room_yellowish.png","UI_new/GameStart/person_gongzhu.png","UI/1.png","UI/2.png","UI/3.png"],"loadList3D":[]}