{"type":"View","props":{"width":720,"height":1280},"compId":2,"child":[{"type":"Image","props":{"y":0,"x":0,"width":720,"var":"background","skin":"UI_new/conmmon/bg_yeloow.png","name":"background","height":1280},"compId":3},{"type":"Image","props":{"y":339,"x":384.5,"width":264,"var":"Room2","skin":"Room/room_grass.png","sizeGrid":"23,22,24,20","pivotY":92,"pivotX":132,"name":"Room2","height":184},"compId":4,"child":[{"type":"Script","props":{"y":0,"x":2,"width":266,"isSensor":false,"height":183,"friction":0.2,"density":-1,"runtime":"laya.physics.BoxCollider"},"compId":5},{"type":"Script","props":{"type":"dynamic","gravityScale":0,"allowSleep":false,"allowRotation":false,"runtime":"laya.physics.RigidBody"},"compId":6},{"type":"Sprite","props":{"y":0,"x":249,"width":14,"name":"left_Wall","height":182},"compId":11,"child":[{"type":"Script","props":{"y":86,"x":0,"width":14,"label":"wall","isSensor":true,"height":97,"runtime":"laya.physics.BoxCollider"},"compId":12},{"type":"Script","props":{"gravityScale":0,"bullet":true,"allowSleep":false,"runtime":"laya.physics.RigidBody"},"compId":13}]},{"type":"Script","props":{"runtime":"script/Game/UIMain_Room.ts"},"compId":14},{"type":"Sprite","props":{"y":169,"x":21,"width":224,"name":"Floor_01_Room2","height":14},"compId":118,"child":[{"type":"Image","props":{"y":0,"x":0,"width":186,"skin":"UI/86d5b3f3-bcc0-4720-b933-c9779b2e685a.png","sizeGrid":"0,4,0,8","height":14,"alpha":0},"compId":95},{"type":"Script","props":{"y":0,"x":-19,"width":260,"label":"floor","isSensor":true,"height":14,"runtime":"laya.physics.BoxCollider"},"compId":102},{"type":"Script","props":{"gravityScale":0,"bullet":true,"allowSleep":false,"allowRotation":false,"runtime":"laya.physics.RigidBody"},"compId":103}]},{"type":"Sprite","props":{"y":33,"x":48,"texture":"UI/2506dece-73cb-413b-93fd-6203f881c8d7.png"},"compId":184},{"type":"Sprite","props":{"y":128,"x":4,"width":48,"pivotY":41,"pivotX":37,"name":"left_Aisle_01","height":82},"compId":263,"child":[{"type":"Image","props":{"y":80,"x":0.5,"width":78,"skin":"Room/ui_interaction_01.png","rotation":270,"name":"interaction","height":32},"compId":264},{"type":"Image","props":{"y":41.5,"x":40.5,"width":81,"skin":"Room/room_blue_wall.png","rotation":90,"pivotY":8,"pivotX":41,"name":"wall","height":16.5},"compId":265},{"type":"Image","props":{"y":41.5,"x":40.5,"width":81,"skin":"Room/room_blue_color.png","rotation":-90,"pivotY":8,"pivotX":41,"name":"color","height":15},"compId":266},{"type":"Script","props":{"y":34,"x":23,"width":25,"label":"aisle","isSensor":true,"height":15,"runtime":"laya.physics.BoxCollider"},"compId":267},{"type":"Script","props":{"y":1,"x":0,"gravityScale":0,"bullet":true,"allowSleep":false,"allowRotation":false,"runtime":"laya.physics.RigidBody"},"compId":268},{"type":"Script","props":{"runtime":"script/Game/UIMain_Aisle.ts"},"compId":269},{"type":"Label","props":{"text":"label","name":"yanse","alpha":0},"compId":270},{"type":"Script","props":{"width":48,"label":"interaction","isSensor":true,"height":82,"runtime":"laya.physics.BoxCollider"},"compId":271}]}]},{"type":"Image","props":{"y":640,"x":189,"width":304,"var":"Room1","skin":"Room/room_bluish.png","sizeGrid":"23,22,24,20","pivotY":168,"pivotX":152,"name":"Room1","height":335},"compId":15,"child":[{"type":"Script","props":{"y":0,"x":1,"width":302,"isSensor":false,"height":334,"friction":0.2,"density":-1,"runtime":"laya.physics.BoxCollider"},"compId":16},{"type":"Script","props":{"type":"dynamic","group":1,"gravityScale":0,"bullet":true,"allowSleep":false,"runtime":"laya.physics.RigidBody"},"compId":17},{"type":"Script","props":{"y":1,"x":0,"runtime":"script/Game/UIMain_Room.ts"},"compId":22},{"type":"Sprite","props":{"y":185,"x":290,"width":15,"name":"right_Wall","height":143},"compId":60,"child":[{"type":"Script","props":{"y":56,"x":-1,"width":15,"label":"wall","isSensor":true,"height":92,"runtime":"laya.physics.BoxCollider"},"compId":61},{"type":"Script","props":{"gravityScale":0,"bullet":true,"allowSleep":false,"runtime":"laya.physics.RigidBody"},"compId":62}]},{"type":"Sprite","props":{"y":0,"x":0,"width":19,"name":"left_Wall","height":317},"compId":23,"child":[{"type":"Script","props":{"y":78,"x":0,"width":16,"label":"wall","isSensor":true,"height":255,"runtime":"laya.physics.BoxCollider"},"compId":24},{"type":"Script","props":{"gravityScale":0,"bullet":true,"allowSleep":false,"runtime":"laya.physics.RigidBody"},"compId":25}]},{"type":"Sprite","props":{"y":320,"x":4,"width":300,"name":"Floor_02_Room1","height":17},"compId":104,"child":[{"type":"Image","props":{"y":0,"x":0,"width":296,"skin":"UI/ec8071c1-4577-4d6c-9231-2357a90145b1.png","sizeGrid":"0,4,0,8","height":14,"alpha":0},"compId":105},{"type":"Script","props":{"y":0,"x":2,"width":293,"label":"floor","isSensor":true,"height":15,"runtime":"laya.physics.BoxCollider"},"compId":106},{"type":"Script","props":{"gravityScale":0,"bullet":true,"allowSleep":false,"allowRotation":false,"runtime":"laya.physics.RigidBody"},"compId":107}]},{"type":"Sprite","props":{"y":151.5,"x":131,"width":172,"name":"Floor_01_Room1","height":14},"compId":93,"child":[{"type":"Image","props":{"y":0,"x":0,"width":160,"skin":"Room/room_bluish_floor_01.png","sizeGrid":"0,14,0,10","height":14},"compId":119},{"type":"Script","props":{"y":0,"x":0,"width":170,"label":"floor","isSensor":true,"height":22,"runtime":"laya.physics.BoxCollider"},"compId":120},{"type":"Script","props":{"gravityScale":0,"bullet":true,"allowSleep":false,"allowRotation":false,"runtime":"laya.physics.RigidBody"},"compId":121}]},{"type":"Sprite","props":{"y":112,"x":299,"width":48,"pivotY":41,"pivotX":11,"name":"right_Aisle_01","height":82},"compId":234,"child":[{"type":"Image","props":{"y":2,"x":47,"width":78,"skin":"Room/ui_interaction_01.png","rotation":90,"name":"interaction","height":32},"compId":235},{"type":"Image","props":{"y":42,"x":8,"width":81,"skin":"Room/room_blue_wall.png","rotation":90,"pivotY":8,"pivotX":41,"name":"wall","height":16},"compId":236},{"type":"Image","props":{"y":41.5,"x":7.5,"skin":"Room/room_blue_color.png","rotation":90,"pivotY":8,"pivotX":41,"name":"color"},"compId":237},{"type":"Script","props":{"y":34,"x":0,"width":25,"label":"aisle","isSensor":true,"height":15,"runtime":"laya.physics.BoxCollider"},"compId":238},{"type":"Script","props":{"gravityScale":0,"bullet":true,"allowSleep":false,"allowRotation":false,"runtime":"laya.physics.RigidBody"},"compId":239},{"type":"Script","props":{"runtime":"script/Game/UIMain_Aisle.ts"},"compId":240},{"type":"Label","props":{"text":"label","name":"yanse","alpha":0},"compId":241},{"type":"Script","props":{"width":48,"label":"interaction","isSensor":true,"height":82,"runtime":"laya.physics.BoxCollider"},"compId":242}]},{"type":"Sprite","props":{"y":334,"x":247,"width":82,"pivotY":14,"pivotX":40,"name":"down_Aisle_01","height":48},"compId":243,"child":[{"type":"Image","props":{"y":47,"x":80,"skin":"Room/ui_interaction_01.png","rotation":180,"name":"interaction"},"compId":244},{"type":"Image","props":{"y":7,"x":41.5,"width":81,"skin":"Room/room_blue_wall.png","rotation":0,"pivotY":8,"pivotX":41,"name":"wall","height":16},"compId":245},{"type":"Image","props":{"y":7,"x":41.5,"width":81,"skin":"Room/room_blue_color.png","rotation":180,"pivotY":8,"pivotX":41,"name":"color","height":15},"compId":246},{"type":"Script","props":{"y":-13,"x":33,"width":15,"label":"aisle","isSensor":true,"height":38,"runtime":"laya.physics.BoxCollider"},"compId":247},{"type":"Script","props":{"gravityScale":0,"bullet":true,"allowSleep":false,"allowRotation":false,"runtime":"laya.physics.RigidBody"},"compId":248},{"type":"Script","props":{"runtime":"script/Game/UIMain_Aisle.ts"},"compId":249},{"type":"Label","props":{"text":"label","name":"yanse","alpha":0},"compId":250},{"type":"Script","props":{"y":0,"x":0,"width":82,"label":"interaction","isSensor":true,"height":48,"runtime":"laya.physics.BoxCollider"},"compId":251}]}]},{"type":"Script","props":{"y":0,"x":0,"runtime":"script/Game/UIMain.ts"},"compId":55},{"type":"Image","props":{"y":995,"x":427,"width":305,"skin":"Room/room_green.png","sizeGrid":"23,22,24,20","pivotY":160,"pivotX":153,"name":"Room3","height":319},"compId":185,"child":[{"type":"Script","props":{"y":0,"x":0,"width":304,"isSensor":false,"height":304,"friction":0.2,"density":-1,"runtime":"laya.physics.BoxCollider"},"compId":186},{"type":"Script","props":{"type":"dynamic","gravityScale":0,"allowSleep":false,"allowRotation":false,"runtime":"laya.physics.RigidBody"},"compId":187},{"type":"Sprite","props":{"y":101,"x":202,"width":71,"pivotY":96,"pivotX":36,"name":"ladder_01","height":192},"compId":272,"child":[{"type":"Sprite","props":{"y":37,"x":12,"texture":"Room/ui_ladder.png"},"compId":273},{"type":"Sprite","props":{"y":-1,"x":12,"texture":"Room/ui_ladder.png"},"compId":274},{"type":"Sprite","props":{"y":73,"x":12,"texture":"Room/ui_ladder.png"},"compId":275},{"type":"Sprite","props":{"y":111,"x":12,"texture":"Room/ui_ladder.png"},"compId":276},{"type":"Script","props":{"y":-1,"x":29,"width":14,"label":"ladder","isSensor":true,"height":149,"runtime":"laya.physics.BoxCollider"},"compId":278},{"type":"Script","props":{"gravityScale":0,"bullet":true,"allowSleep":false,"allowRotation":false,"runtime":"laya.physics.RigidBody"},"compId":279}]},{"type":"Sprite","props":{"y":4,"x":289,"width":14,"name":"left_Wall","height":313},"compId":196,"child":[{"type":"Script","props":{"y":98,"x":1,"width":15,"label":"wall","isSensor":true,"height":214,"runtime":"laya.physics.BoxCollider"},"compId":197},{"type":"Script","props":{"gravityScale":0,"bullet":true,"allowSleep":false,"runtime":"laya.physics.RigidBody"},"compId":198}]},{"type":"Sprite","props":{"y":304,"x":7,"width":295,"name":"Floor_01_Room3","height":14},"compId":207,"child":[{"type":"Image","props":{"y":0,"x":-7,"width":285,"skin":"UI/75b774cd-5d5f-4c0d-8bd0-7ec4d388c85d.png","height":14,"alpha":0},"compId":208},{"type":"Script","props":{"y":0,"x":-7,"width":303,"label":"floor","isSensor":true,"height":15,"runtime":"laya.physics.BoxCollider"},"compId":209},{"type":"Script","props":{"gravityScale":0,"bullet":true,"allowSleep":false,"allowRotation":false,"runtime":"laya.physics.RigidBody"},"compId":210}]},{"type":"Script","props":{"runtime":"script/Game/UIMain_Room.ts"},"compId":211},{"type":"Sprite","props":{"y":0,"x":0,"width":14,"name":"right_Wall","height":291},"compId":212,"child":[{"type":"Script","props":{"y":0,"x":0,"width":14,"label":"wall","isSensor":true,"height":316,"runtime":"laya.physics.BoxCollider"},"compId":213},{"type":"Script","props":{"gravityScale":0,"bullet":true,"allowSleep":false,"runtime":"laya.physics.RigidBody"},"compId":214}]},{"type":"Sprite","props":{"y":1,"x":202,"width":82,"pivotY":34,"pivotX":41,"name":"up_Aisle_01","height":48},"compId":254,"child":[{"type":"Image","props":{"y":1,"x":2,"skin":"Room/ui_interaction_01.png","rotation":0,"name":"interaction"},"compId":255},{"type":"Image","props":{"y":40,"x":41.5,"width":81,"skin":"Room/room_blue_wall.png","rotation":0,"pivotY":8,"pivotX":41,"name":"wall","height":16.5},"compId":256},{"type":"Image","props":{"y":40,"x":41.5,"skin":"Room/room_blue_color.png","rotation":0,"pivotY":8,"pivotX":41,"name":"color"},"compId":257},{"type":"Script","props":{"y":22.5,"x":33,"width":15,"label":"aisle","isSensor":true,"height":25,"runtime":"laya.physics.BoxCollider"},"compId":258},{"type":"Script","props":{"gravityScale":0,"bullet":true,"allowSleep":false,"allowRotation":false,"runtime":"laya.physics.RigidBody"},"compId":259},{"type":"Script","props":{"runtime":"script/Game/UIMain_Aisle.ts"},"compId":260},{"type":"Label","props":{"text":"label","name":"yanse","alpha":0},"compId":261},{"type":"Script","props":{"y":0,"x":0,"width":82,"label":"interaction","isSensor":true,"height":48,"runtime":"laya.physics.BoxCollider"},"compId":262}]}]},{"type":"Sprite","props":{"y":390,"x":442,"width":51,"var":"Gongzhu","rotation":0,"pivotY":32,"pivotX":26,"name":"Gongzhu","height":63},"compId":56,"child":[{"type":"Script","props":{"y":0,"x":6,"width":40,"label":"gongzhu","isSensor":true,"height":66,"runtime":"laya.physics.BoxCollider"},"compId":58},{"type":"Script","props":{"gravityScale":0,"allowSleep":false,"allowRotation":false,"runtime":"laya.physics.RigidBody"},"compId":59},{"type":"Image","props":{"y":23,"x":20,"width":52,"skin":"UI/3.png","pivotY":35,"pivotX":24,"name":"pic","height":70},"compId":134},{"type":"Script","props":{"runtime":"script/Game/UIMain_Gongzhu.ts"},"compId":287}]},{"type":"Sprite","props":{"y":1109,"x":335.5,"width":57,"var":"Wangzi","pivotY":35,"pivotX":29,"name":"Wangzi","height":69},"compId":288,"child":[{"type":"Image","props":{"y":34,"x":29,"width":57,"skin":"UI/2.png","scaleX":-1,"pivotY":35,"pivotX":29,"name":"pic","height":70},"compId":289},{"type":"Script","props":{"width":57,"label":"wangzi","isSensor":true,"height":69,"runtime":"laya.physics.BoxCollider"},"compId":290},{"type":"Script","props":{"gravityScale":0,"allowSleep":true,"allowRotation":true,"runtime":"laya.physics.RigidBody"},"compId":291},{"type":"Script","props":{"runtime":"script/Game/UIMain_Wangzi.ts"},"compId":292}]}],"loadList":["UI_new/conmmon/bg_yeloow.png","Room/room_grass.png","UI/86d5b3f3-bcc0-4720-b933-c9779b2e685a.png","UI/2506dece-73cb-413b-93fd-6203f881c8d7.png","Room/ui_interaction_01.png","Room/room_blue_wall.png","Room/room_blue_color.png","Room/room_bluish.png","UI/ec8071c1-4577-4d6c-9231-2357a90145b1.png","Room/room_bluish_floor_01.png","Room/room_green.png","Room/ui_ladder.png","UI/75b774cd-5d5f-4c0d-8bd0-7ec4d388c85d.png","UI/3.png","UI/2.png"],"loadList3D":[]}