{"type":"View","props":{"width":720,"height":1280},"compId":2,"child":[{"type":"Script","props":{"y":0,"x":0,"runtime":"script/Game/UIMain.ts"},"compId":60},{"type":"Image","props":{"y":0,"x":0,"var":"background","skin":"UI_new/conmmon/bg_yeloow.png","name":"background"},"compId":3},{"type":"Image","props":{"y":642,"x":420,"width":504,"skin":"Room/room_red.png","sizeGrid":"23,22,24,20","pivotY":108,"pivotX":252,"name":"Room3","height":216},"compId":157,"child":[{"type":"Script","props":{"y":0,"x":1,"width":505,"isSensor":false,"height":216,"friction":0.2,"density":-1,"runtime":"laya.physics.BoxCollider"},"compId":158},{"type":"Script","props":{"type":"dynamic","group":1,"gravityScale":0,"bullet":true,"allowSleep":false,"allowRotation":false,"runtime":"laya.physics.RigidBody"},"compId":159},{"type":"Script","props":{"y":2,"x":0,"runtime":"script/Game/UIMain_Room.ts"},"compId":166},{"type":"Sprite","props":{"y":200,"x":11,"width":491,"name":"Floor_01_Room3","height":17},"compId":179,"child":[{"type":"Image","props":{"y":0,"x":0,"width":186,"skin":"UI/ec8071c1-4577-4d6c-9231-2357a90145b1.png","sizeGrid":"0,4,0,8","height":14,"alpha":0},"compId":180},{"type":"Script","props":{"y":1,"x":-10,"width":498,"label":"floor","isSensor":true,"height":14,"runtime":"laya.physics.BoxCollider"},"compId":181},{"type":"Script","props":{"gravityScale":0,"bullet":true,"allowSleep":false,"allowRotation":false,"runtime":"laya.physics.RigidBody"},"compId":182}]},{"type":"Sprite","props":{"y":41,"x":49,"texture":"Room/ui_window.png"},"compId":326},{"type":"Sprite","props":{"y":216,"x":131,"width":82,"pivotY":15,"pivotX":40,"name":"down_Aisle_01","height":48},"compId":583,"child":[{"type":"Image","props":{"y":47,"x":80,"skin":"Room/ui_interaction_01.png","rotation":180,"name":"interaction"},"compId":584},{"type":"Image","props":{"y":7.3,"x":41.5,"skin":"Room/room_blue_wall.png","rotation":0,"pivotY":8,"pivotX":41,"name":"wall","height":16.5},"compId":585},{"type":"Image","props":{"y":7,"x":41.5,"width":81,"skin":"Room/room_blue_color.png","rotation":180,"pivotY":8,"pivotX":41,"name":"color","height":15},"compId":586},{"type":"Script","props":{"y":-17,"x":33,"width":15,"label":"aisle","isSensor":true,"height":51,"runtime":"laya.physics.BoxCollider"},"compId":587},{"type":"Script","props":{"gravityScale":0,"bullet":true,"allowSleep":false,"allowRotation":false,"runtime":"laya.physics.RigidBody"},"compId":588},{"type":"Script","props":{"runtime":"script/Game/UIMain_Aisle.ts"},"compId":589},{"type":"Label","props":{"text":"label","name":"yanse","alpha":0},"compId":590},{"type":"Script","props":{"y":0,"x":0,"width":82,"label":"interaction","isSensor":true,"height":48,"runtime":"laya.physics.BoxCollider"},"compId":591}]},{"type":"Sprite","props":{"y":159,"x":504,"width":48,"pivotY":41,"pivotX":14,"name":"right_Aisle_01","height":82},"compId":750,"child":[{"type":"Image","props":{"y":2,"x":47,"width":78,"skin":"Room/ui_interaction_01.png","rotation":90,"name":"interaction","height":32},"compId":751},{"type":"Image","props":{"y":42,"x":7.3,"width":81,"skin":"Room/room_blue_wall.png","rotation":90,"pivotY":8,"pivotX":41,"name":"wall","height":16.5},"compId":752},{"type":"Image","props":{"y":41.5,"x":7,"skin":"Room/room_blue_color.png","rotation":90,"pivotY":8,"pivotX":41,"name":"color"},"compId":753},{"type":"Script","props":{"y":34,"x":0,"width":25,"label":"aisle","isSensor":true,"height":15,"runtime":"laya.physics.BoxCollider"},"compId":754},{"type":"Script","props":{"gravityScale":0,"bullet":true,"allowSleep":false,"allowRotation":false,"runtime":"laya.physics.RigidBody"},"compId":755},{"type":"Script","props":{"runtime":"script/Game/UIMain_Aisle.ts"},"compId":756},{"type":"Label","props":{"text":"label","name":"yanse","alpha":0},"compId":757},{"type":"Script","props":{"width":48,"label":"interaction","isSensor":true,"height":82,"runtime":"laya.physics.BoxCollider"},"compId":758}]},{"type":"Sprite","props":{"y":159,"x":0,"width":48,"pivotY":41,"pivotX":33,"name":"left_Aisle_01","height":82},"compId":768,"child":[{"type":"Image","props":{"y":80,"x":0.5,"width":78,"skin":"Room/ui_interaction_01.png","rotation":270,"name":"interaction","height":32},"compId":769},{"type":"Image","props":{"y":41.5,"x":40.8,"skin":"Room/room_blue_wall.png","rotation":90,"pivotY":8,"pivotX":41,"name":"wall","height":16.5},"compId":770},{"type":"Image","props":{"y":41.5,"x":40.5,"width":81,"skin":"Room/room_blue_color.png","rotation":-90,"pivotY":8,"pivotX":41,"name":"color","height":15},"compId":771},{"type":"Script","props":{"y":34,"x":23,"width":25,"label":"aisle","isSensor":true,"height":15,"runtime":"laya.physics.BoxCollider"},"compId":772},{"type":"Script","props":{"y":1,"x":0,"gravityScale":0,"bullet":true,"allowSleep":false,"allowRotation":false,"runtime":"laya.physics.RigidBody"},"compId":773},{"type":"Script","props":{"runtime":"script/Game/UIMain_Aisle.ts"},"compId":774},{"type":"Label","props":{"text":"label","name":"yanse","alpha":0},"compId":775},{"type":"Script","props":{"width":48,"label":"interaction","isSensor":true,"height":82,"runtime":"laya.physics.BoxCollider"},"compId":776}]},{"type":"Sprite","props":{"y":184.5,"x":58.5,"width":55,"pivotY":28,"pivotX":28,"name":"dogfood","height":56},"compId":787,"child":[{"type":"Sprite","props":{"y":27,"x":28,"texture":"Room/icon_dogfood.png","scaleY":0.7,"scaleX":0.7,"pivotY":29,"pivotX":41},"compId":788},{"type":"Script","props":{"y":3,"x":19,"width":21,"label":"dogfood","isSensor":true,"height":52,"runtime":"laya.physics.BoxCollider"},"compId":789},{"type":"Script","props":{"gravityScale":0,"bullet":true,"allowSleep":false,"allowRotation":false,"runtime":"laya.physics.RigidBody"},"compId":790}]}]},{"type":"Image","props":{"y":413,"x":205,"width":259,"var":"Room1","skin":"Room/room_green.png","sizeGrid":"23,22,24,20","pivotY":108,"pivotX":130,"name":"Room1","height":216},"compId":93,"child":[{"type":"Script","props":{"y":0,"x":1,"width":257,"isSensor":false,"height":216,"friction":0.2,"density":-1,"runtime":"laya.physics.BoxCollider"},"compId":94},{"type":"Script","props":{"type":"dynamic","group":1,"gravityScale":0,"bullet":true,"allowSleep":false,"runtime":"laya.physics.RigidBody"},"compId":95},{"type":"Script","props":{"y":1,"x":0,"runtime":"script/Game/UIMain_Room.ts"},"compId":102},{"type":"Sprite","props":{"y":46,"x":95,"texture":"Room/ui_window.png"},"compId":325},{"type":"Sprite","props":{"y":201,"x":-23,"width":290,"name":"Floor_01_Room1","height":16},"compId":345,"child":[{"type":"Script","props":{"y":0,"x":5,"width":256,"label":"floor","isSensor":true,"height":16,"runtime":"laya.physics.BoxCollider"},"compId":346},{"type":"Script","props":{"gravityScale":0,"bullet":true,"allowSleep":false,"allowRotation":true,"runtime":"laya.physics.RigidBody"},"compId":347}]},{"type":"Sprite","props":{"y":9,"x":1,"width":14,"name":"right_Wall","height":198},"compId":559,"child":[{"type":"Script","props":{"y":99,"x":0,"width":14,"label":"wall","isSensor":true,"height":99,"runtime":"laya.physics.BoxCollider"},"compId":560},{"type":"Script","props":{"gravityScale":0,"bullet":true,"allowSleep":false,"runtime":"laya.physics.RigidBody"},"compId":561}]},{"type":"Sprite","props":{"y":159,"x":258,"width":48,"pivotY":41,"pivotX":14,"name":"right_Aisle_01","height":82},"compId":708,"child":[{"type":"Image","props":{"y":2,"x":47,"width":78,"skin":"Room/ui_interaction_01.png","rotation":90,"name":"interaction","height":32},"compId":709},{"type":"Image","props":{"y":42,"x":7.8,"width":81,"skin":"Room/room_blue_wall.png","rotation":90,"pivotY":8,"pivotX":41,"name":"wall","height":16.5},"compId":710},{"type":"Image","props":{"y":41.5,"x":7,"skin":"Room/room_blue_color.png","rotation":90,"pivotY":8,"pivotX":41,"name":"color"},"compId":711},{"type":"Script","props":{"y":34,"x":0,"width":25,"label":"aisle","isSensor":true,"height":15,"runtime":"laya.physics.BoxCollider"},"compId":712},{"type":"Script","props":{"gravityScale":0,"bullet":true,"allowSleep":false,"allowRotation":false,"runtime":"laya.physics.RigidBody"},"compId":713},{"type":"Script","props":{"runtime":"script/Game/UIMain_Aisle.ts"},"compId":714},{"type":"Label","props":{"text":"label","name":"yanse","alpha":0},"compId":715},{"type":"Script","props":{"width":48,"label":"interaction","isSensor":true,"height":82,"runtime":"laya.physics.BoxCollider"},"compId":716}]}]},{"type":"Image","props":{"y":858,"x":234,"width":324,"skin":"Room/room_yellowish.png","sizeGrid":"23,22,24,20","pivotY":108,"pivotX":162,"name":"Room4","height":216},"compId":645,"child":[{"type":"Script","props":{"y":0,"x":1,"width":323,"isSensor":false,"height":216,"friction":0.2,"density":-1,"runtime":"laya.physics.BoxCollider"},"compId":646},{"type":"Script","props":{"type":"dynamic","group":1,"gravityScale":0,"bullet":true,"allowSleep":false,"allowRotation":false,"runtime":"laya.physics.RigidBody"},"compId":647},{"type":"Script","props":{"y":2,"x":0,"runtime":"script/Game/UIMain_Room.ts"},"compId":648},{"type":"Sprite","props":{"y":200,"x":11,"width":308,"name":"Floor_01_Room4","height":17},"compId":653,"child":[{"type":"Image","props":{"y":0,"x":0,"width":186,"skin":"UI/ec8071c1-4577-4d6c-9231-2357a90145b1.png","sizeGrid":"0,4,0,8","height":14,"alpha":0},"compId":654},{"type":"Script","props":{"y":1,"x":-7,"width":318,"label":"floor","isSensor":true,"height":14,"runtime":"laya.physics.BoxCollider"},"compId":655},{"type":"Script","props":{"gravityScale":0,"bullet":true,"allowSleep":false,"allowRotation":false,"runtime":"laya.physics.RigidBody"},"compId":656}]},{"type":"Sprite","props":{"y":41,"x":49,"texture":"Room/ui_window.png"},"compId":657},{"type":"Sprite","props":{"y":9,"x":1,"width":14,"name":"right_Wall","height":198},"compId":661,"child":[{"type":"Script","props":{"y":100,"x":0,"width":14,"label":"wall","isSensor":true,"height":98,"runtime":"laya.physics.BoxCollider"},"compId":662},{"type":"Script","props":{"gravityScale":0,"bullet":true,"allowSleep":false,"runtime":"laya.physics.RigidBody"},"compId":663}]},{"type":"Sprite","props":{"y":110,"x":227,"width":71,"pivotY":96,"pivotX":36,"name":"ladder_01","height":188},"compId":677,"child":[{"type":"Sprite","props":{"y":37,"x":12,"texture":"Room/ui_ladder.png"},"compId":678},{"type":"Sprite","props":{"y":-1,"x":12,"texture":"Room/ui_ladder.png"},"compId":679},{"type":"Sprite","props":{"y":111,"x":12,"texture":"Room/ui_ladder.png"},"compId":692},{"type":"Sprite","props":{"y":149,"x":12,"texture":"Room/ui_ladder.png"},"compId":693},{"type":"Sprite","props":{"y":73,"x":12,"texture":"Room/ui_ladder.png"},"compId":680},{"type":"Script","props":{"y":-1,"x":29,"width":14,"label":"ladder","isSensor":true,"height":186,"runtime":"laya.physics.BoxCollider"},"compId":681},{"type":"Script","props":{"gravityScale":0,"bullet":true,"allowSleep":false,"allowRotation":false,"runtime":"laya.physics.RigidBody"},"compId":682}]},{"type":"Sprite","props":{"y":-1,"x":227,"width":82,"pivotY":33,"pivotX":41,"name":"up_Aisle_01","height":48},"compId":683,"child":[{"type":"Image","props":{"y":1,"x":2,"skin":"Room/ui_interaction_01.png","rotation":0,"name":"interaction"},"compId":684},{"type":"Image","props":{"y":41.5,"x":41.5,"skin":"Room/room_blue_wall.png","rotation":0,"pivotY":8,"pivotX":41,"name":"wall","height":16},"compId":685},{"type":"Image","props":{"y":42,"x":41.5,"skin":"Room/room_blue_color.png","rotation":0,"pivotY":8,"pivotX":41,"name":"color"},"compId":686},{"type":"Script","props":{"y":18,"x":33,"width":15,"label":"aisle","isSensor":true,"height":29,"runtime":"laya.physics.BoxCollider"},"compId":687},{"type":"Script","props":{"gravityScale":0,"bullet":true,"allowSleep":false,"allowRotation":false,"runtime":"laya.physics.RigidBody"},"compId":688},{"type":"Script","props":{"runtime":"script/Game/UIMain_Aisle.ts"},"compId":689},{"type":"Label","props":{"text":"label","name":"yanse","alpha":0},"compId":690},{"type":"Script","props":{"y":0,"x":0,"width":82,"label":"interaction","isSensor":true,"height":48,"runtime":"laya.physics.BoxCollider"},"compId":691}]},{"type":"Sprite","props":{"y":159,"x":324,"width":48,"pivotY":41,"pivotX":14,"name":"right_Aisle_01","height":82},"compId":741,"child":[{"type":"Image","props":{"y":2,"x":47,"width":78,"skin":"Room/ui_interaction_01.png","rotation":90,"name":"interaction","height":32},"compId":742},{"type":"Image","props":{"y":42,"x":7,"width":81,"skin":"Room/room_blue_wall.png","rotation":90,"pivotY":8,"pivotX":41,"name":"wall","height":16.5},"compId":743},{"type":"Image","props":{"y":41.5,"x":6.5,"skin":"Room/room_blue_color.png","rotation":90,"pivotY":8,"pivotX":41,"name":"color"},"compId":744},{"type":"Script","props":{"y":34,"x":0,"width":25,"label":"aisle","isSensor":true,"height":15,"runtime":"laya.physics.BoxCollider"},"compId":745},{"type":"Script","props":{"gravityScale":0,"bullet":true,"allowSleep":false,"allowRotation":false,"runtime":"laya.physics.RigidBody"},"compId":746},{"type":"Script","props":{"runtime":"script/Game/UIMain_Aisle.ts"},"compId":747},{"type":"Label","props":{"text":"label","name":"yanse","alpha":0},"compId":748},{"type":"Script","props":{"width":48,"label":"interaction","isSensor":true,"height":82,"runtime":"laya.physics.BoxCollider"},"compId":749}]}]},{"type":"Sprite","props":{"y":927.5,"x":338,"width":60,"pivotY":24,"pivotX":20,"name":"moveDog_01","height":48},"compId":782,"child":[{"type":"Image","props":{"y":25,"x":31,"width":60,"skin":"UI/1.png","scaleX":1,"pivotY":24,"pivotX":30,"name":"pic","height":47},"compId":783},{"type":"Script","props":{"y":-11,"x":9,"width":27,"label":"dog","isSensor":true,"height":64,"runtime":"laya.physics.BoxCollider"},"compId":784},{"type":"Script","props":{"gravityScale":0,"allowSleep":false,"allowRotation":false,"runtime":"laya.physics.RigidBody"},"compId":785},{"type":"Script","props":{"runtime":"script/Game/UIMain_Dog.ts"},"compId":786}]},{"type":"Sprite","props":{"y":485.5,"x":165,"width":51,"var":"Gongzhu","rotation":0,"pivotY":32,"pivotX":26,"name":"Gongzhu","height":63},"compId":791,"child":[{"type":"Script","props":{"y":0,"x":6,"width":40,"label":"gongzhu","isSensor":true,"height":66,"runtime":"laya.physics.BoxCollider"},"compId":792},{"type":"Script","props":{"gravityScale":0,"allowSleep":false,"allowRotation":false,"runtime":"laya.physics.RigidBody"},"compId":793},{"type":"Image","props":{"y":23,"x":20,"width":52,"skin":"UI_new/GameStart/person_gongzhu.png","pivotY":35,"pivotX":24,"name":"pic","height":70},"compId":794},{"type":"Script","props":{"runtime":"script/Game/UIMain_Gongzhu.ts"},"compId":795}]},{"type":"Sprite","props":{"y":917,"x":187.5,"width":57,"var":"Wangzi","pivotY":35,"pivotX":29,"name":"Wangzi","height":69},"compId":796,"child":[{"type":"Image","props":{"y":34,"x":29,"width":57,"skin":"UI/2.png","scaleX":-1,"pivotY":35,"pivotX":29,"name":"pic","height":70},"compId":797},{"type":"Script","props":{"width":57,"label":"wangzi","isSensor":true,"height":69,"runtime":"laya.physics.BoxCollider"},"compId":798},{"type":"Script","props":{"gravityScale":0,"allowSleep":true,"allowRotation":true,"runtime":"laya.physics.RigidBody"},"compId":799},{"type":"Script","props":{"runtime":"script/Game/UIMain_Wangzi.ts"},"compId":800}]}],"loadList":["UI_new/conmmon/bg_yeloow.png","Room/room_red.png","UI/ec8071c1-4577-4d6c-9231-2357a90145b1.png","Room/ui_window.png","Room/ui_interaction_01.png","Room/room_blue_wall.png","Room/room_blue_color.png","Room/icon_dogfood.png","Room/room_green.png","Room/room_yellowish.png","Room/ui_ladder.png","UI/1.png","UI_new/GameStart/person_gongzhu.png","UI/2.png"],"loadList3D":[]}