{"type":"View","props":{"width":720,"height":1280},"compId":2,"child":[{"type":"Script","props":{"y":0,"x":0,"runtime":"script/Game/UIMain.ts"},"compId":60},{"type":"Image","props":{"y":0,"x":0,"var":"background","skin":"UI_new/conmmon/bg_yeloow.png","name":"background"},"compId":3},{"type":"Image","props":{"y":478,"x":150,"width":281,"skin":"Room/room_bluish.png","sizeGrid":"23,22,24,20","pivotY":108,"pivotX":141,"name":"Room2","height":216},"compId":592,"child":[{"type":"Script","props":{"y":0,"x":1,"width":279,"isSensor":false,"height":216,"friction":0.2,"density":-1,"runtime":"laya.physics.BoxCollider"},"compId":593},{"type":"Script","props":{"type":"dynamic","group":1,"gravityScale":0,"bullet":true,"allowSleep":false,"allowRotation":false,"runtime":"laya.physics.RigidBody"},"compId":594},{"type":"Script","props":{"y":2,"x":0,"runtime":"script/Game/UIMain_Room.ts"},"compId":595},{"type":"Sprite","props":{"y":-1,"x":11,"width":267,"name":"Floor_02_Room2","height":17},"compId":625,"child":[{"type":"Image","props":{"y":0,"x":0,"width":186,"skin":"UI/ec8071c1-4577-4d6c-9231-2357a90145b1.png","sizeGrid":"0,4,0,8","height":14,"alpha":0},"compId":626},{"type":"Script","props":{"y":1,"x":-11,"width":279,"label":"floor","isSensor":true,"height":14,"runtime":"laya.physics.BoxCollider"},"compId":627},{"type":"Script","props":{"gravityScale":0,"bullet":true,"allowSleep":false,"allowRotation":false,"runtime":"laya.physics.RigidBody"},"compId":628}]},{"type":"Sprite","props":{"y":200,"x":11,"width":297,"name":"Floor_01_Room2","height":17},"compId":596,"child":[{"type":"Image","props":{"y":0,"x":0,"width":186,"skin":"UI/ec8071c1-4577-4d6c-9231-2357a90145b1.png","sizeGrid":"0,4,0,8","height":14,"alpha":0},"compId":597},{"type":"Script","props":{"y":1,"x":-12,"width":282,"label":"floor","isSensor":true,"height":14,"runtime":"laya.physics.BoxCollider"},"compId":598},{"type":"Script","props":{"gravityScale":0,"bullet":true,"allowSleep":false,"allowRotation":false,"runtime":"laya.physics.RigidBody"},"compId":599}]},{"type":"Sprite","props":{"y":62.5,"x":188,"texture":"Room/ui_window.png"},"compId":600},{"type":"Sprite","props":{"y":9,"x":1,"width":14,"name":"right_Wall","height":198},"compId":609,"child":[{"type":"Script","props":{"y":107,"x":0,"width":14,"label":"wall","isSensor":true,"height":91,"runtime":"laya.physics.BoxCollider"},"compId":610},{"type":"Script","props":{"gravityScale":0,"bullet":true,"allowSleep":false,"runtime":"laya.physics.RigidBody"},"compId":611}]},{"type":"Sprite","props":{"y":112,"x":60,"width":71,"pivotY":96,"pivotX":36,"name":"ladder_01","height":111},"compId":740,"child":[{"type":"Sprite","props":{"y":37,"x":12,"texture":"Room/ui_ladder.png"},"compId":741},{"type":"Sprite","props":{"y":-1,"x":12,"texture":"Room/ui_ladder.png"},"compId":742},{"type":"Sprite","props":{"y":73,"x":12,"texture":"Room/ui_ladder.png"},"compId":745},{"type":"Script","props":{"y":-1,"x":29,"width":14,"label":"ladder","isSensor":true,"height":85,"runtime":"laya.physics.BoxCollider"},"compId":746},{"type":"Script","props":{"gravityScale":0,"bullet":true,"allowSleep":false,"allowRotation":false,"runtime":"laya.physics.RigidBody"},"compId":747}]},{"type":"Sprite","props":{"y":0,"x":60,"width":82,"pivotY":33,"pivotX":41,"name":"up_Aisle_01","height":48},"compId":748,"child":[{"type":"Image","props":{"y":1,"x":2,"skin":"Room/ui_interaction_01.png","rotation":0,"name":"interaction"},"compId":749},{"type":"Image","props":{"y":40,"x":41.5,"skin":"Room/room_blue_wall.png","rotation":0,"pivotY":8,"pivotX":41,"name":"wall"},"compId":750},{"type":"Image","props":{"y":40,"x":41.5,"skin":"Room/room_blue_color.png","rotation":0,"pivotY":8,"pivotX":41,"name":"color"},"compId":751},{"type":"Script","props":{"y":18,"x":33,"width":15,"label":"aisle","isSensor":true,"height":29,"runtime":"laya.physics.BoxCollider"},"compId":752},{"type":"Script","props":{"gravityScale":0,"bullet":true,"allowSleep":false,"allowRotation":false,"runtime":"laya.physics.RigidBody"},"compId":753},{"type":"Script","props":{"runtime":"script/Game/UIMain_Aisle.ts"},"compId":754},{"type":"Label","props":{"text":"label","name":"yanse","alpha":0},"compId":755},{"type":"Script","props":{"y":0,"x":0,"width":82,"label":"interaction","isSensor":true,"height":48,"runtime":"laya.physics.BoxCollider"},"compId":756}]},{"type":"Sprite","props":{"y":159,"x":280,"width":48,"pivotY":41,"pivotX":14,"name":"right_Aisle_01","height":82},"compId":854,"child":[{"type":"Image","props":{"y":2,"x":47,"width":78,"skin":"Room/ui_interaction_01.png","rotation":90,"name":"interaction","height":32},"compId":855},{"type":"Image","props":{"y":42,"x":7,"width":81,"skin":"Room/room_blue_wall.png","rotation":90,"pivotY":8,"pivotX":41,"name":"wall","height":15},"compId":856},{"type":"Image","props":{"y":41.5,"x":7.5,"skin":"Room/room_blue_color.png","rotation":90,"pivotY":8,"pivotX":41,"name":"color"},"compId":857},{"type":"Script","props":{"y":34,"x":0,"width":25,"label":"aisle","isSensor":true,"height":15,"runtime":"laya.physics.BoxCollider"},"compId":858},{"type":"Script","props":{"gravityScale":0,"bullet":true,"allowSleep":false,"allowRotation":false,"runtime":"laya.physics.RigidBody"},"compId":859},{"type":"Script","props":{"runtime":"script/Game/UIMain_Aisle.ts"},"compId":860},{"type":"Label","props":{"text":"label","name":"yanse","alpha":0},"compId":861},{"type":"Script","props":{"width":48,"label":"interaction","isSensor":true,"height":82,"runtime":"laya.physics.BoxCollider"},"compId":862}]},{"type":"Sprite","props":{"y":199,"x":120.5,"width":48,"pivotY":29,"pivotX":26,"name":"kettle","height":29},"compId":894,"child":[{"type":"Sprite","props":{"y":14.5,"x":21.4,"width":88,"texture":"Room/icon_kettle.png","scaleY":0.6,"scaleX":0.6,"pivotY":28,"pivotX":44,"name":"","height":55},"compId":895},{"type":"Script","props":{"y":-5,"x":8,"width":32,"name":"","label":"kettle","isSensor":true,"height":38,"runtime":"laya.physics.BoxCollider"},"compId":896},{"type":"Script","props":{"gravityScale":0,"bullet":true,"allowSleep":false,"allowRotation":false,"runtime":"laya.physics.RigidBody"},"compId":897}]}]},{"type":"Image","props":{"y":345,"x":487,"width":298,"skin":"Room/room_red.png","sizeGrid":"23,22,24,20","pivotY":108,"pivotX":149,"name":"Room3","height":216},"compId":157,"child":[{"type":"Script","props":{"y":0,"x":1,"width":297,"isSensor":false,"height":216,"friction":0.2,"density":-1,"runtime":"laya.physics.BoxCollider"},"compId":158},{"type":"Script","props":{"type":"dynamic","group":1,"gravityScale":0,"bullet":true,"allowSleep":false,"allowRotation":false,"runtime":"laya.physics.RigidBody"},"compId":159},{"type":"Script","props":{"y":2,"x":0,"runtime":"script/Game/UIMain_Room.ts"},"compId":166},{"type":"Sprite","props":{"y":200,"x":11,"width":284,"name":"Floor_01_Room3","height":17},"compId":179,"child":[{"type":"Image","props":{"y":0,"x":0,"width":186,"skin":"UI/ec8071c1-4577-4d6c-9231-2357a90145b1.png","sizeGrid":"0,4,0,8","height":14,"alpha":0},"compId":180},{"type":"Script","props":{"y":1,"x":-17,"width":302,"label":"floor","isSensor":true,"height":14,"runtime":"laya.physics.BoxCollider"},"compId":181},{"type":"Script","props":{"gravityScale":0,"bullet":true,"allowSleep":false,"allowRotation":false,"runtime":"laya.physics.RigidBody"},"compId":182}]},{"type":"Sprite","props":{"y":31,"x":202,"texture":"Room/ui_window.png"},"compId":326},{"type":"Sprite","props":{"y":2,"x":284,"width":14,"name":"right_Wall_01","height":198},"compId":580,"child":[{"type":"Script","props":{"y":92,"x":0,"width":14,"label":"wall","isSensor":true,"height":106,"runtime":"laya.physics.BoxCollider"},"compId":581},{"type":"Script","props":{"gravityScale":0,"bullet":true,"allowSleep":false,"runtime":"laya.physics.RigidBody"},"compId":582}]},{"type":"Sprite","props":{"y":159,"x":0,"width":48,"pivotY":41,"pivotX":33,"name":"left_Aisle_01","height":82},"compId":863,"child":[{"type":"Image","props":{"y":80,"x":0.5,"width":78,"skin":"Room/ui_interaction_01.png","rotation":270,"name":"interaction","height":32},"compId":864},{"type":"Image","props":{"y":41.5,"x":40,"skin":"Room/room_blue_wall.png","rotation":90,"pivotY":8,"pivotX":41,"name":"wall"},"compId":865},{"type":"Image","props":{"y":41.5,"x":40.5,"width":81,"skin":"Room/room_blue_color.png","rotation":-90,"pivotY":8,"pivotX":41,"name":"color","height":15},"compId":866},{"type":"Script","props":{"y":34,"x":23,"width":25,"label":"aisle","isSensor":true,"height":15,"runtime":"laya.physics.BoxCollider"},"compId":867},{"type":"Script","props":{"y":1,"x":0,"gravityScale":0,"bullet":true,"allowSleep":false,"allowRotation":false,"runtime":"laya.physics.RigidBody"},"compId":868},{"type":"Script","props":{"runtime":"script/Game/UIMain_Aisle.ts"},"compId":869},{"type":"Label","props":{"text":"label","name":"yanse","alpha":0},"compId":870},{"type":"Script","props":{"width":48,"label":"interaction","isSensor":true,"height":82,"runtime":"laya.physics.BoxCollider"},"compId":871}]},{"type":"Sprite","props":{"y":179,"x":84,"width":54,"pivotY":30,"pivotX":29,"name":"bonfire","height":59},"compId":914,"child":[{"type":"Script","props":{"y":1,"x":4,"width":47,"label":"bonfire","isSensor":true,"height":55,"runtime":"laya.physics.BoxCollider"},"compId":915},{"type":"Script","props":{"gravityScale":0,"allowSleep":false,"allowRotation":false,"runtime":"laya.physics.RigidBody"},"compId":916},{"type":"Image","props":{"y":-12,"x":-3.5,"skin":"Room/ani_fire_01.png","scaleY":0.6,"scaleX":0.6,"name":"ani"},"compId":917},{"type":"Script","props":{"runtime":"script/Game/UIMain_Bonfire.ts"},"compId":918}]}]},{"type":"Image","props":{"y":714,"x":368,"width":378,"skin":"Room/room_pink.png","sizeGrid":"23,22,24,20","pivotY":108,"pivotX":189,"name":"Room5","height":216},"compId":757,"child":[{"type":"Script","props":{"y":0,"x":1,"width":375,"isSensor":false,"height":214,"friction":0.2,"density":-1,"runtime":"laya.physics.BoxCollider"},"compId":758},{"type":"Script","props":{"type":"dynamic","group":1,"gravityScale":0,"bullet":true,"allowSleep":false,"runtime":"laya.physics.RigidBody"},"compId":759},{"type":"Script","props":{"y":1,"x":0,"runtime":"script/Game/UIMain_Room.ts"},"compId":760},{"type":"Sprite","props":{"y":46,"x":95,"texture":"Room/ui_window.png"},"compId":761},{"type":"Sprite","props":{"y":199,"x":-3,"width":322,"name":"Floor_01_Room5","height":16},"compId":765,"child":[{"type":"Script","props":{"y":0,"x":2,"width":319,"label":"floor","isSensor":true,"height":16,"runtime":"laya.physics.BoxCollider"},"compId":766},{"type":"Script","props":{"gravityScale":0,"bullet":true,"allowSleep":false,"allowRotation":true,"runtime":"laya.physics.RigidBody"},"compId":767}]},{"type":"Sprite","props":{"y":10,"x":362,"width":14,"name":"right_Wall_01","height":196},"compId":768,"child":[{"type":"Script","props":{"y":98,"x":0,"width":14,"label":"wall","isSensor":true,"height":101,"runtime":"laya.physics.BoxCollider"},"compId":769},{"type":"Script","props":{"gravityScale":0,"bullet":true,"allowSleep":false,"runtime":"laya.physics.RigidBody"},"compId":770}]},{"type":"Sprite","props":{"y":9,"x":1,"width":14,"name":"right_Wall","height":198},"compId":771,"child":[{"type":"Script","props":{"y":105,"x":0,"width":14,"label":"wall","isSensor":true,"height":93,"runtime":"laya.physics.BoxCollider"},"compId":772},{"type":"Script","props":{"gravityScale":0,"bullet":true,"allowSleep":false,"runtime":"laya.physics.RigidBody"},"compId":773}]},{"type":"Sprite","props":{"y":216,"x":55,"width":82,"pivotY":15,"pivotX":41,"name":"down_Aisle_01","height":48},"compId":783,"child":[{"type":"Image","props":{"y":47,"x":80,"skin":"Room/ui_interaction_01.png","rotation":180,"name":"interaction"},"compId":784},{"type":"Image","props":{"y":8,"x":41.5,"skin":"Room/room_blue_wall.png","rotation":0,"pivotY":8,"pivotX":41,"name":"wall"},"compId":785},{"type":"Image","props":{"y":7,"x":41.5,"width":81,"skin":"Room/room_blue_color.png","rotation":180,"pivotY":8,"pivotX":41,"name":"color","height":15},"compId":786},{"type":"Script","props":{"y":-17,"x":33,"width":15,"label":"aisle","isSensor":true,"height":51,"runtime":"laya.physics.BoxCollider"},"compId":787},{"type":"Script","props":{"gravityScale":0,"bullet":true,"allowSleep":false,"allowRotation":false,"runtime":"laya.physics.RigidBody"},"compId":788},{"type":"Script","props":{"runtime":"script/Game/UIMain_Aisle.ts"},"compId":789},{"type":"Label","props":{"text":"label","name":"yanse","alpha":0},"compId":790},{"type":"Script","props":{"y":0,"x":0,"width":82,"label":"interaction","isSensor":true,"height":48,"runtime":"laya.physics.BoxCollider"},"compId":791}]},{"type":"Sprite","props":{"y":217,"x":320,"width":82,"pivotY":16,"pivotX":41,"name":"down_Aisle_01","height":48},"compId":827,"child":[{"type":"Image","props":{"y":47,"x":80,"skin":"Room/ui_interaction_01.png","rotation":180,"name":"interaction"},"compId":828},{"type":"Image","props":{"y":8,"x":41.5,"skin":"Room/room_blue_wall.png","rotation":0,"pivotY":8,"pivotX":41,"name":"wall"},"compId":829},{"type":"Image","props":{"y":7,"x":41.5,"width":81,"skin":"Room/room_blue_color.png","rotation":180,"pivotY":8,"pivotX":41,"name":"color","height":15},"compId":830},{"type":"Script","props":{"y":-17,"x":33,"width":15,"label":"aisle","isSensor":true,"height":51,"runtime":"laya.physics.BoxCollider"},"compId":831},{"type":"Script","props":{"gravityScale":0,"bullet":true,"allowSleep":false,"allowRotation":false,"runtime":"laya.physics.RigidBody"},"compId":832},{"type":"Script","props":{"runtime":"script/Game/UIMain_Aisle.ts"},"compId":833},{"type":"Label","props":{"text":"label","name":"yanse","alpha":0},"compId":834},{"type":"Script","props":{"y":0,"x":0,"width":82,"label":"interaction","isSensor":true,"height":48,"runtime":"laya.physics.BoxCollider"},"compId":835}]},{"type":"Sprite","props":{"y":156.5,"x":233,"width":92,"pivotY":45,"pivotX":46,"name":"doghouse","height":89},"compId":885,"child":[{"type":"Image","props":{"y":0,"x":0,"skin":"Room/ui_doghouse_01.png","name":"house"},"compId":886},{"type":"Image","props":{"y":-10,"x":69,"visible":false,"skin":"Room/ui_doghouse_02.png","name":"sleepPic","alpha":1},"compId":887},{"type":"Script","props":{"y":0,"x":26,"width":43,"label":"doghouse","isSensor":true,"height":89,"runtime":"laya.physics.BoxCollider"},"compId":888},{"type":"Script","props":{"gravityScale":0,"allowSleep":false,"allowRotation":false,"runtime":"laya.physics.RigidBody"},"compId":889}]},{"type":"Sprite","props":{"y":184,"x":139,"width":55,"pivotY":28,"pivotX":28,"name":"dogfood","height":56},"compId":890,"child":[{"type":"Sprite","props":{"y":27,"x":28,"texture":"Room/icon_dogfood.png","scaleY":0.7,"scaleX":0.7,"pivotY":29,"pivotX":41},"compId":891},{"type":"Script","props":{"y":3,"x":19,"width":21,"label":"dogfood","isSensor":true,"height":52,"runtime":"laya.physics.BoxCollider"},"compId":892},{"type":"Script","props":{"gravityScale":0,"bullet":true,"allowSleep":false,"allowRotation":false,"runtime":"laya.physics.RigidBody"},"compId":893}]}]},{"type":"Image","props":{"y":987,"x":527,"width":259,"var":"Room1","skin":"Room/room_green.png","sizeGrid":"23,22,24,20","pivotY":108,"pivotX":130,"name":"Room1","height":216},"compId":93,"child":[{"type":"Script","props":{"y":0,"x":1,"width":257,"isSensor":false,"height":215,"friction":0.2,"density":-1,"runtime":"laya.physics.BoxCollider"},"compId":94},{"type":"Script","props":{"type":"dynamic","group":1,"gravityScale":0,"bullet":true,"allowSleep":false,"runtime":"laya.physics.RigidBody"},"compId":95},{"type":"Script","props":{"y":1,"x":0,"runtime":"script/Game/UIMain_Room.ts"},"compId":102},{"type":"Sprite","props":{"y":46,"x":95,"texture":"Room/ui_window.png"},"compId":325},{"type":"Sprite","props":{"y":200,"x":-3,"width":270,"name":"Floor_01_Room1","height":16},"compId":345,"child":[{"type":"Script","props":{"y":0,"x":2,"width":264,"label":"floor","isSensor":true,"height":16,"runtime":"laya.physics.BoxCollider"},"compId":346},{"type":"Script","props":{"gravityScale":0,"bullet":true,"allowSleep":false,"allowRotation":true,"runtime":"laya.physics.RigidBody"},"compId":347}]},{"type":"Sprite","props":{"y":3,"x":245,"width":14,"name":"right_Wall_01","height":203},"compId":562,"child":[{"type":"Script","props":{"y":102,"x":0,"width":14,"label":"wall","isSensor":true,"height":99,"runtime":"laya.physics.BoxCollider"},"compId":563},{"type":"Script","props":{"gravityScale":0,"bullet":true,"allowSleep":false,"runtime":"laya.physics.RigidBody"},"compId":564}]},{"type":"Sprite","props":{"y":160,"x":0,"width":48,"pivotY":41,"pivotX":33,"name":"left_Aisle_01","height":82},"compId":836,"child":[{"type":"Image","props":{"y":80,"x":0.5,"width":78,"skin":"Room/ui_interaction_01.png","rotation":270,"name":"interaction","height":32},"compId":837},{"type":"Image","props":{"y":41.5,"x":40,"skin":"Room/room_blue_wall.png","rotation":90,"pivotY":8,"pivotX":41,"name":"wall"},"compId":838},{"type":"Image","props":{"y":41.5,"x":40.5,"width":81,"skin":"Room/room_blue_color.png","rotation":-90,"pivotY":8,"pivotX":41,"name":"color","height":15},"compId":839},{"type":"Script","props":{"y":34,"x":23,"width":25,"label":"aisle","isSensor":true,"height":15,"runtime":"laya.physics.BoxCollider"},"compId":840},{"type":"Script","props":{"y":1,"x":0,"gravityScale":0,"bullet":true,"allowSleep":false,"allowRotation":false,"runtime":"laya.physics.RigidBody"},"compId":841},{"type":"Script","props":{"runtime":"script/Game/UIMain_Aisle.ts"},"compId":842},{"type":"Label","props":{"text":"label","name":"yanse","alpha":0},"compId":843},{"type":"Script","props":{"width":48,"label":"interaction","isSensor":true,"height":82,"runtime":"laya.physics.BoxCollider"},"compId":844}]},{"type":"Sprite","props":{"y":216,"x":198,"width":82,"pivotY":15,"pivotX":40,"name":"down_Aisle_01","height":48},"compId":845,"child":[{"type":"Image","props":{"y":47,"x":80,"skin":"Room/ui_interaction_01.png","rotation":180,"name":"interaction"},"compId":846},{"type":"Image","props":{"y":8,"x":41.5,"skin":"Room/room_blue_wall.png","rotation":0,"pivotY":8,"pivotX":41,"name":"wall"},"compId":847},{"type":"Image","props":{"y":7,"x":41.5,"width":81,"skin":"Room/room_blue_color.png","rotation":180,"pivotY":8,"pivotX":41,"name":"color","height":15},"compId":848},{"type":"Script","props":{"y":-17,"x":33,"width":15,"label":"aisle","isSensor":true,"height":51,"runtime":"laya.physics.BoxCollider"},"compId":849},{"type":"Script","props":{"gravityScale":0,"bullet":true,"allowSleep":false,"allowRotation":false,"runtime":"laya.physics.RigidBody"},"compId":850},{"type":"Script","props":{"runtime":"script/Game/UIMain_Aisle.ts"},"compId":851},{"type":"Label","props":{"text":"label","name":"yanse","alpha":0},"compId":852},{"type":"Script","props":{"y":0,"x":0,"width":82,"label":"interaction","isSensor":true,"height":48,"runtime":"laya.physics.BoxCollider"},"compId":853}]}]},{"type":"Image","props":{"y":1031,"x":183,"width":299,"skin":"Room/room_yellowish.png","sizeGrid":"23,22,24,20","pivotY":108,"pivotX":150,"name":"Room4","height":216},"compId":645,"child":[{"type":"Script","props":{"y":3,"x":1,"width":297,"isSensor":false,"height":213,"friction":0.2,"density":-1,"runtime":"laya.physics.BoxCollider"},"compId":646},{"type":"Script","props":{"type":"dynamic","group":1,"gravityScale":0,"bullet":true,"allowSleep":false,"allowRotation":false,"runtime":"laya.physics.RigidBody"},"compId":647},{"type":"Script","props":{"y":2,"x":0,"runtime":"script/Game/UIMain_Room.ts"},"compId":648},{"type":"Sprite","props":{"y":200,"x":11,"width":286,"name":"Floor_01_Room4","height":17},"compId":653,"child":[{"type":"Image","props":{"y":0,"x":0,"width":186,"skin":"UI/ec8071c1-4577-4d6c-9231-2357a90145b1.png","sizeGrid":"0,4,0,8","height":14,"alpha":0},"compId":654},{"type":"Script","props":{"y":1,"x":-10,"width":295,"label":"floor","isSensor":true,"height":14,"runtime":"laya.physics.BoxCollider"},"compId":655},{"type":"Script","props":{"gravityScale":0,"bullet":true,"allowSleep":false,"allowRotation":false,"runtime":"laya.physics.RigidBody"},"compId":656}]},{"type":"Sprite","props":{"y":7.5,"x":285,"width":14,"name":"right_Wall_01","height":198},"compId":658,"child":[{"type":"Script","props":{"y":99,"x":0,"width":14,"label":"wall","isSensor":true,"height":99,"runtime":"laya.physics.BoxCollider"},"compId":659},{"type":"Script","props":{"gravityScale":0,"bullet":true,"allowSleep":false,"runtime":"laya.physics.RigidBody"},"compId":660}]},{"type":"Sprite","props":{"y":9,"x":1,"width":14,"name":"right_Wall","height":201},"compId":661,"child":[{"type":"Script","props":{"y":91,"x":0,"width":14,"label":"wall","isSensor":true,"height":110,"runtime":"laya.physics.BoxCollider"},"compId":662},{"type":"Script","props":{"gravityScale":0,"bullet":true,"allowSleep":false,"runtime":"laya.physics.RigidBody"},"compId":663}]},{"type":"Sprite","props":{"y":111.5,"x":72,"width":71,"pivotY":96,"pivotX":36,"name":"ladder_01","height":188},"compId":677,"child":[{"type":"Sprite","props":{"y":37,"x":12,"texture":"Room/ui_ladder.png"},"compId":678},{"type":"Sprite","props":{"y":-1,"x":12,"texture":"Room/ui_ladder.png"},"compId":679},{"type":"Sprite","props":{"y":111,"x":12,"texture":"Room/ui_ladder.png"},"compId":692},{"type":"Sprite","props":{"y":149,"x":12,"texture":"Room/ui_ladder.png"},"compId":693},{"type":"Sprite","props":{"y":73,"x":12,"texture":"Room/ui_ladder.png"},"compId":680},{"type":"Script","props":{"y":-10,"x":27,"width":17,"label":"ladder","isSensor":true,"height":195,"runtime":"laya.physics.BoxCollider"},"compId":681},{"type":"Script","props":{"gravityScale":0,"bullet":true,"allowSleep":false,"allowRotation":false,"runtime":"laya.physics.RigidBody"},"compId":682}]},{"type":"Sprite","props":{"y":0,"x":72,"width":82,"pivotY":33,"pivotX":41,"name":"up_Aisle_01","height":48},"compId":683,"child":[{"type":"Image","props":{"y":1,"x":2,"skin":"Room/ui_interaction_01.png","rotation":0,"name":"interaction"},"compId":684},{"type":"Image","props":{"y":40,"x":41.5,"skin":"Room/room_blue_wall.png","rotation":0,"pivotY":8,"pivotX":41,"name":"wall"},"compId":685},{"type":"Image","props":{"y":40,"x":41.5,"skin":"Room/room_blue_color.png","rotation":0,"pivotY":8,"pivotX":41,"name":"color"},"compId":686},{"type":"Script","props":{"y":18,"x":33,"width":15,"label":"aisle","isSensor":true,"height":29,"runtime":"laya.physics.BoxCollider"},"compId":687},{"type":"Script","props":{"gravityScale":0,"bullet":true,"allowSleep":false,"allowRotation":false,"runtime":"laya.physics.RigidBody"},"compId":688},{"type":"Script","props":{"runtime":"script/Game/UIMain_Aisle.ts"},"compId":689},{"type":"Label","props":{"text":"label","name":"yanse","alpha":0},"compId":690},{"type":"Script","props":{"y":0,"x":0,"width":82,"label":"interaction","isSensor":true,"height":48,"runtime":"laya.physics.BoxCollider"},"compId":691}]},{"type":"Sprite","props":{"y":182,"x":247,"width":38,"rotation":0,"pivotY":25,"pivotX":19,"name":"drumstick","height":49},"compId":876,"child":[{"type":"Script","props":{"y":2,"x":2,"width":35,"label":"drumstick","isSensor":true,"height":46,"runtime":"laya.physics.BoxCollider"},"compId":877},{"type":"Script","props":{"gravityScale":0,"allowSleep":false,"allowRotation":false,"runtime":"laya.physics.RigidBody"},"compId":878},{"type":"Image","props":{"y":11,"x":10,"skin":"Room/icon_drumstick.png","scaleY":0.6,"scaleX":0.6,"name":"pic"},"compId":879}]}]},{"type":"Sprite","props":{"y":1103,"x":198,"width":60,"pivotY":24,"pivotX":30,"name":"moveDog_01","height":48},"compId":880,"child":[{"type":"Image","props":{"y":25,"x":31,"width":60,"skin":"UI/1.png","pivotY":24,"pivotX":30,"name":"pic","height":47},"compId":881},{"type":"Script","props":{"y":-11,"x":9,"width":42,"label":"dog","isSensor":true,"height":64,"runtime":"laya.physics.BoxCollider"},"compId":882},{"type":"Script","props":{"gravityScale":0,"allowSleep":false,"allowRotation":false,"runtime":"laya.physics.RigidBody"},"compId":883},{"type":"Script","props":{"runtime":"script/Game/UIMain_Dog.ts"},"compId":884}]},{"type":"Sprite","props":{"y":541,"x":207,"width":51,"rotation":0,"pivotY":32,"pivotX":26,"name":"houma","height":63},"compId":898,"child":[{"type":"Script","props":{"y":0,"x":9,"width":34,"label":"houma","isSensor":true,"height":64,"runtime":"laya.physics.BoxCollider"},"compId":899},{"type":"Script","props":{"gravityScale":0,"allowSleep":false,"allowRotation":false,"runtime":"laya.physics.RigidBody"},"compId":900},{"type":"Image","props":{"y":32,"x":25,"width":52,"skin":"Room/room_pink.png","pivotY":35,"pivotX":24,"name":"pic","height":70},"compId":901},{"type":"Image","props":{"y":19,"x":-2,"width":41,"skin":"Room/icon_apple.png","scaleY":0.6,"scaleX":0.6,"pivotY":21,"pivotX":21,"name":"apple","height":41},"compId":902},{"type":"Script","props":{"runtime":"script/Game/UIMain_Houma.ts"},"compId":903}]},{"type":"Sprite","props":{"y":1057.5,"x":487,"width":51,"var":"Gongzhu","rotation":0,"pivotY":32,"pivotX":26,"name":"Gongzhu","height":63},"compId":904,"child":[{"type":"Script","props":{"y":0,"x":6,"width":40,"label":"gongzhu","isSensor":true,"height":66,"runtime":"laya.physics.BoxCollider"},"compId":905},{"type":"Script","props":{"gravityScale":0,"allowSleep":false,"allowRotation":false,"runtime":"laya.physics.RigidBody"},"compId":906},{"type":"Image","props":{"y":23,"x":20,"width":52,"skin":"UI_new/GameStart/person_gongzhu.png","pivotY":35,"pivotX":24,"name":"pic","height":70},"compId":907},{"type":"Script","props":{"runtime":"script/Game/UIMain_Gongzhu.ts"},"compId":908}]},{"type":"Sprite","props":{"y":409,"x":549,"width":57,"var":"Wangzi","pivotY":35,"pivotX":29,"name":"Wangzi","height":69},"compId":909,"child":[{"type":"Image","props":{"y":34,"x":29,"width":57,"skin":"UI/2.png","scaleX":1,"pivotY":35,"pivotX":29,"name":"pic","height":70},"compId":910},{"type":"Script","props":{"width":57,"label":"wangzi","isSensor":true,"height":69,"runtime":"laya.physics.BoxCollider"},"compId":911},{"type":"Script","props":{"gravityScale":0,"allowSleep":true,"allowRotation":true,"runtime":"laya.physics.RigidBody"},"compId":912},{"type":"Script","props":{"runtime":"script/Game/UIMain_Wangzi.ts"},"compId":913}]}],"loadList":["UI_new/conmmon/bg_yeloow.png","Room/room_bluish.png","UI/ec8071c1-4577-4d6c-9231-2357a90145b1.png","Room/ui_window.png","Room/ui_ladder.png","Room/ui_interaction_01.png","Room/room_blue_wall.png","Room/room_blue_color.png","Room/icon_kettle.png","Room/room_red.png","Room/ani_fire_01.png","Room/room_pink.png","Room/ui_doghouse_01.png","Room/ui_doghouse_02.png","Room/icon_dogfood.png","Room/room_green.png","Room/room_yellowish.png","Room/icon_drumstick.png","UI/1.png","Room/icon_apple.png","UI_new/GameStart/person_gongzhu.png","UI/2.png"],"loadList3D":[]}