{"type":"View","props":{"width":720,"height":1280},"compId":2,"child":[{"type":"Image","props":{"y":0,"x":0,"width":720,"var":"background","skin":"UI_new/conmmon/bg_yeloow.png","name":"background","height":1280},"compId":3},{"type":"Image","props":{"y":648,"x":525.5,"width":264,"var":"Room2","skin":"Room/room_green.png","sizeGrid":"23,22,24,20","pivotY":87,"pivotX":132,"name":"Room2","height":173},"compId":4,"child":[{"type":"Script","props":{"y":1,"x":2,"width":260,"isSensor":false,"height":171,"friction":0.2,"density":-1,"runtime":"laya.physics.BoxCollider"},"compId":5},{"type":"Script","props":{"type":"dynamic","gravityScale":0,"allowSleep":false,"allowRotation":false,"runtime":"laya.physics.RigidBody"},"compId":6},{"type":"Sprite","props":{"y":0,"x":249,"width":14,"name":"left_Wall","height":170},"compId":11,"child":[{"type":"Script","props":{"y":0,"x":0,"width":14,"label":"wall","isSensor":true,"height":170,"runtime":"laya.physics.BoxCollider"},"compId":12},{"type":"Script","props":{"gravityScale":0,"bullet":true,"allowSleep":false,"runtime":"laya.physics.RigidBody"},"compId":13}]},{"type":"Script","props":{"runtime":"script/Game/UIMain_Room.ts"},"compId":14},{"type":"Sprite","props":{"y":158,"x":22,"width":240,"name":"Floor_01_Room2","height":14},"compId":118,"child":[{"type":"Image","props":{"skin":"UI/75b774cd-5d5f-4c0d-8bd0-7ec4d388c85d.png","alpha":0},"compId":95},{"type":"Script","props":{"y":0,"x":-21,"width":263,"label":"floor","isSensor":true,"height":14,"runtime":"laya.physics.BoxCollider"},"compId":102},{"type":"Script","props":{"gravityScale":0,"bullet":true,"allowSleep":false,"allowRotation":false,"runtime":"laya.physics.RigidBody"},"compId":103}]},{"type":"Sprite","props":{"y":40.5,"x":49,"texture":"Room/ui_window.png"},"compId":184},{"type":"Sprite","props":{"y":117,"x":1,"width":48,"pivotY":41,"pivotX":33,"name":"left_Aisle_01","height":82},"compId":441,"child":[{"type":"Image","props":{"y":80,"x":0.5,"width":78,"skin":"Room/ui_interaction_01.png","rotation":270,"name":"interaction","height":32},"compId":442},{"type":"Image","props":{"y":41.5,"x":40,"skin":"Room/room_blue_wall.png","rotation":90,"pivotY":8,"pivotX":41,"name":"wall","height":16.5},"compId":443},{"type":"Image","props":{"y":41.5,"x":40.5,"width":81,"skin":"Room/room_blue_color.png","rotation":-90,"pivotY":8,"pivotX":41,"name":"color","height":15},"compId":444},{"type":"Script","props":{"y":34,"x":23,"width":25,"label":"aisle","isSensor":true,"height":15,"runtime":"laya.physics.BoxCollider"},"compId":445},{"type":"Script","props":{"y":1,"x":0,"gravityScale":0,"bullet":true,"allowSleep":false,"allowRotation":false,"runtime":"laya.physics.RigidBody"},"compId":446},{"type":"Script","props":{"runtime":"script/Game/UIMain_Aisle.ts"},"compId":447},{"type":"Label","props":{"text":"label","name":"yanse","alpha":0},"compId":448},{"type":"Script","props":{"width":48,"label":"interaction","isSensor":true,"height":82,"runtime":"laya.physics.BoxCollider"},"compId":449}]},{"type":"Sprite","props":{"y":84,"x":176,"texture":"Room/ui_door.png"},"compId":565}]},{"type":"Script","props":{"y":0,"x":0,"runtime":"script/Game/UIMain.ts"},"compId":55},{"type":"Image","props":{"y":977,"x":243,"width":325,"skin":"Room/room_purple.png","sizeGrid":"23,22,24,20","pivotY":150,"pivotX":162.5,"name":"Room3","height":300},"compId":185,"child":[{"type":"Script","props":{"y":1,"x":0,"width":324,"isSensor":false,"height":297,"friction":0.2,"density":-1,"runtime":"laya.physics.BoxCollider"},"compId":186},{"type":"Script","props":{"type":"dynamic","gravityScale":0,"allowSleep":false,"allowRotation":false,"runtime":"laya.physics.RigidBody"},"compId":187},{"type":"Sprite","props":{"y":100,"x":91,"width":71,"pivotY":96,"pivotX":36,"name":"ladder_01","height":132},"compId":488,"child":[{"type":"Sprite","props":{"y":37,"x":12,"texture":"Room/ui_ladder.png"},"compId":489},{"type":"Sprite","props":{"y":-1,"x":12,"texture":"Room/ui_ladder.png"},"compId":490},{"type":"Sprite","props":{"y":73,"x":12,"texture":"Room/ui_ladder.png"},"compId":491},{"type":"Sprite","props":{"y":111,"x":12,"texture":"Room/ui_ladder.png"},"compId":492},{"type":"Script","props":{"y":-1,"x":29,"width":14,"label":"ladder","isSensor":true,"height":143,"runtime":"laya.physics.BoxCollider"},"compId":494},{"type":"Script","props":{"gravityScale":0,"bullet":true,"allowSleep":false,"allowRotation":false,"runtime":"laya.physics.RigidBody"},"compId":495}]},{"type":"Sprite","props":{"y":143,"x":1,"width":319,"name":"Floor_02_Room3","height":15},"compId":387,"child":[{"type":"Image","props":{"y":0,"x":311,"width":299,"skin":"Room/room_purple_floor_01.png","sizeGrid":"0,5,0,7","scaleX":-1,"height":14,"alpha":1},"compId":388},{"type":"Script","props":{"y":0,"x":0,"width":324,"label":"floor","isSensor":true,"height":22,"runtime":"laya.physics.BoxCollider"},"compId":389},{"type":"Script","props":{"y":0,"x":0,"width":1,"height":1,"gravityScale":0,"bullet":true,"allowSleep":false,"allowRotation":false,"runtime":"laya.physics.RigidBody"},"compId":390}]},{"type":"Script","props":{"runtime":"script/Game/UIMain_Room.ts"},"compId":211},{"type":"Sprite","props":{"y":102,"x":324,"width":48,"pivotY":41,"pivotX":14,"name":"right_Aisle_01","height":82},"compId":462,"child":[{"type":"Image","props":{"y":2,"x":47,"width":78,"skin":"Room/ui_interaction_01.png","rotation":90,"name":"interaction","height":32},"compId":463},{"type":"Image","props":{"y":42,"x":7.7,"width":81,"skin":"Room/room_blue_wall.png","rotation":90,"pivotY":8,"pivotX":41,"name":"wall","height":16.4},"compId":464},{"type":"Image","props":{"y":41.5,"x":7.5,"skin":"Room/room_blue_color.png","rotation":90,"pivotY":8,"pivotX":41,"name":"color"},"compId":465},{"type":"Script","props":{"y":34,"x":0,"width":25,"label":"aisle","isSensor":true,"height":15,"runtime":"laya.physics.BoxCollider"},"compId":466},{"type":"Script","props":{"gravityScale":0,"bullet":true,"allowSleep":false,"allowRotation":false,"runtime":"laya.physics.RigidBody"},"compId":467},{"type":"Script","props":{"runtime":"script/Game/UIMain_Aisle.ts"},"compId":468},{"type":"Label","props":{"text":"label","name":"yanse","alpha":0},"compId":469},{"type":"Script","props":{"width":48,"label":"interaction","isSensor":true,"height":82,"runtime":"laya.physics.BoxCollider"},"compId":470}]},{"type":"Sprite","props":{"y":5,"x":91,"width":82,"pivotY":38,"pivotX":41,"name":"up_Aisle_01","height":48},"compId":471,"child":[{"type":"Image","props":{"y":1,"x":2,"skin":"Room/ui_interaction_01.png","rotation":0,"name":"interaction"},"compId":472},{"type":"Image","props":{"y":39.4,"x":41.5,"skin":"Room/room_blue_wall.png","rotation":0,"pivotY":8,"pivotX":41,"name":"wall","height":17},"compId":473},{"type":"Image","props":{"y":40,"x":41.5,"skin":"Room/room_blue_color.png","rotation":0,"pivotY":8,"pivotX":41,"name":"color"},"compId":474},{"type":"Script","props":{"y":22.5,"x":33,"width":15,"label":"aisle","isSensor":true,"height":25,"runtime":"laya.physics.BoxCollider"},"compId":475},{"type":"Script","props":{"gravityScale":0,"bullet":true,"allowSleep":false,"allowRotation":false,"runtime":"laya.physics.RigidBody"},"compId":476},{"type":"Script","props":{"runtime":"script/Game/UIMain_Aisle.ts"},"compId":477},{"type":"Label","props":{"text":"label","name":"yanse","alpha":0},"compId":478},{"type":"Script","props":{"y":0,"x":0,"width":82,"label":"interaction","isSensor":true,"height":48,"runtime":"laya.physics.BoxCollider"},"compId":479}]},{"type":"Sprite","props":{"y":182,"x":311,"width":14,"name":"left_Wall","height":117},"compId":212,"child":[{"type":"Script","props":{"y":0,"x":0,"width":14,"label":"wall","isSensor":true,"height":117,"runtime":"laya.physics.BoxCollider"},"compId":213},{"type":"Script","props":{"gravityScale":0,"bullet":true,"allowSleep":false,"runtime":"laya.physics.RigidBody"},"compId":214}]},{"type":"Sprite","props":{"y":286,"x":23,"width":240,"name":"Floor_01_Room3","height":14},"compId":405,"child":[{"type":"Image","props":{"skin":"UI/75b774cd-5d5f-4c0d-8bd0-7ec4d388c85d.png","alpha":0},"compId":406},{"type":"Script","props":{"y":0,"x":-21,"width":322,"label":"floor","isSensor":true,"height":14,"runtime":"laya.physics.BoxCollider"},"compId":407},{"type":"Script","props":{"gravityScale":0,"bullet":true,"allowSleep":false,"allowRotation":false,"runtime":"laya.physics.RigidBody"},"compId":408}]},{"type":"Sprite","props":{"y":0,"x":0,"width":14,"name":"right_Wall","height":300},"compId":450,"child":[{"type":"Script","props":{"y":0,"x":0,"width":14,"label":"wall","isSensor":true,"height":298,"runtime":"laya.physics.BoxCollider"},"compId":451},{"type":"Script","props":{"gravityScale":0,"bullet":true,"allowSleep":false,"runtime":"laya.physics.RigidBody"},"compId":452}]},{"type":"Sprite","props":{"y":295,"x":238,"width":82,"pivotY":10,"pivotX":41,"name":"down_Aisle_01","height":48},"compId":453,"child":[{"type":"Image","props":{"y":47,"x":80,"skin":"Room/ui_interaction_01.png","rotation":180,"name":"interaction"},"compId":454},{"type":"Image","props":{"y":7.4,"x":41.5,"skin":"Room/room_blue_wall.png","rotation":0,"pivotY":8,"pivotX":41,"name":"wall","height":16.2},"compId":455},{"type":"Image","props":{"y":7,"x":41.5,"width":81,"skin":"Room/room_blue_color.png","rotation":180,"pivotY":8,"pivotX":41,"name":"color","height":15},"compId":456},{"type":"Script","props":{"y":-23,"x":33,"width":73,"label":"aisle","isSensor":true,"height":59,"runtime":"laya.physics.BoxCollider"},"compId":457},{"type":"Script","props":{"gravityScale":0,"bullet":true,"allowSleep":false,"allowRotation":false,"runtime":"laya.physics.RigidBody"},"compId":458},{"type":"Script","props":{"runtime":"script/Game/UIMain_Aisle.ts"},"compId":459},{"type":"Label","props":{"text":"label","name":"yanse","alpha":0},"compId":460},{"type":"Script","props":{"y":0,"x":0,"width":82,"label":"interaction","isSensor":true,"height":48,"runtime":"laya.physics.BoxCollider"},"compId":461}]},{"type":"Sprite","props":{"y":262,"x":126.5,"width":60,"pivotY":24,"pivotX":30,"name":"staticDog_01","height":48},"compId":496,"child":[{"type":"Image","props":{"y":25,"x":28,"width":60,"skin":"UI/1.png","scaleX":-1,"pivotY":24,"pivotX":30,"name":"pic","height":47},"compId":497},{"type":"Script","props":{"y":0,"x":9,"width":42,"label":"dog","isSensor":true,"height":48,"runtime":"laya.physics.BoxCollider"},"compId":498},{"type":"Script","props":{"gravityScale":0,"allowSleep":false,"allowRotation":false,"runtime":"laya.physics.RigidBody"},"compId":499},{"type":"Script","props":{"runtime":"script/Game/UIMain_StaticDog.ts"},"compId":579}]}]},{"type":"Image","props":{"y":406,"x":509.5,"width":296,"var":"Room1","skin":"Room/room_green.png","sizeGrid":"23,22,24,20","pivotY":100,"pivotX":148,"name":"Room1","height":205},"compId":15,"child":[{"type":"Script","props":{"y":1,"x":0,"width":296,"isSensor":false,"height":202,"friction":0.2,"density":-1,"runtime":"laya.physics.BoxCollider"},"compId":16},{"type":"Script","props":{"type":"dynamic","group":1,"gravityScale":0,"bullet":true,"allowSleep":false,"runtime":"laya.physics.RigidBody"},"compId":17},{"type":"Script","props":{"y":1,"x":0,"runtime":"script/Game/UIMain_Room.ts"},"compId":22},{"type":"Sprite","props":{"y":189,"x":2,"width":294,"name":"Floor_02_Room1","height":17},"compId":104,"child":[{"type":"Image","props":{"y":102,"x":2,"width":296,"height":14,"alpha":0},"compId":105},{"type":"Script","props":{"y":1,"x":2,"width":290,"label":"floor","isSensor":true,"height":15,"runtime":"laya.physics.BoxCollider"},"compId":106},{"type":"Script","props":{"gravityScale":0,"allowSleep":false,"allowRotation":false,"runtime":"laya.physics.RigidBody"},"compId":107}]},{"type":"Sprite","props":{"y":0,"x":0,"width":14,"name":"left_Wall","height":199},"compId":336,"child":[{"type":"Script","props":{"y":0,"x":0,"width":14,"label":"wall","isSensor":true,"height":199,"runtime":"laya.physics.BoxCollider"},"compId":337},{"type":"Script","props":{"gravityScale":0,"bullet":true,"allowSleep":false,"runtime":"laya.physics.RigidBody"},"compId":338}]},{"type":"Sprite","props":{"y":99,"x":231,"width":71,"pivotY":96,"pivotX":36,"name":"ladder_01","height":192},"compId":557,"child":[{"type":"Sprite","props":{"y":37,"x":12,"texture":"Room/ui_ladder.png"},"compId":558},{"type":"Sprite","props":{"y":-1,"x":12,"texture":"Room/ui_ladder.png"},"compId":559},{"type":"Sprite","props":{"y":73,"x":12,"texture":"Room/ui_ladder.png"},"compId":560},{"type":"Sprite","props":{"y":111,"x":12,"texture":"Room/ui_ladder.png"},"compId":561},{"type":"Sprite","props":{"y":149,"x":12,"width":47,"texture":"Room/ui_ladder.png","height":38},"compId":562},{"type":"Script","props":{"y":-1,"x":29,"width":14,"label":"ladder","isSensor":true,"height":189,"runtime":"laya.physics.BoxCollider"},"compId":563},{"type":"Script","props":{"gravityScale":0,"bullet":true,"allowSleep":false,"allowRotation":false,"runtime":"laya.physics.RigidBody"},"compId":564}]},{"type":"Sprite","props":{"y":0,"x":231,"width":82,"pivotY":33,"pivotX":41,"name":"up_Aisle_01","height":48},"compId":530,"child":[{"type":"Image","props":{"y":1,"x":2,"skin":"Room/ui_interaction_01.png","rotation":0,"name":"interaction"},"compId":531},{"type":"Image","props":{"y":40,"x":41.5,"skin":"Room/room_blue_wall.png","rotation":0,"pivotY":8,"pivotX":41,"name":"wall","height":16.8},"compId":532},{"type":"Image","props":{"y":40,"x":41.5,"skin":"Room/room_blue_color.png","rotation":0,"pivotY":8,"pivotX":41,"name":"color"},"compId":533},{"type":"Script","props":{"y":22.5,"x":33,"width":15,"label":"aisle","isSensor":true,"height":25,"runtime":"laya.physics.BoxCollider"},"compId":534},{"type":"Script","props":{"gravityScale":0,"bullet":true,"allowSleep":false,"allowRotation":false,"runtime":"laya.physics.RigidBody"},"compId":535},{"type":"Script","props":{"runtime":"script/Game/UIMain_Aisle.ts"},"compId":536},{"type":"Label","props":{"text":"label","name":"yanse","alpha":0},"compId":537},{"type":"Script","props":{"y":0,"x":0,"width":82,"label":"interaction","isSensor":true,"height":48,"runtime":"laya.physics.BoxCollider"},"compId":538}]},{"type":"Sprite","props":{"y":204,"x":76,"width":82,"pivotY":15,"pivotX":40,"name":"down_Aisle_01","height":48},"compId":548,"child":[{"type":"Image","props":{"y":47,"x":80,"skin":"Room/ui_interaction_01.png","rotation":180,"name":"interaction"},"compId":549},{"type":"Image","props":{"y":7.6,"x":41.5,"skin":"Room/room_blue_wall.png","rotation":0,"pivotY":8,"pivotX":41,"name":"wall","height":16.2},"compId":550},{"type":"Image","props":{"y":7,"x":41.5,"width":81,"skin":"Room/room_blue_color.png","rotation":180,"pivotY":8,"pivotX":41,"name":"color","height":15},"compId":551},{"type":"Script","props":{"y":-20,"x":-16,"width":64,"label":"aisle","isSensor":true,"height":56,"runtime":"laya.physics.BoxCollider"},"compId":552},{"type":"Script","props":{"gravityScale":0,"bullet":true,"allowSleep":false,"allowRotation":false,"runtime":"laya.physics.RigidBody"},"compId":553},{"type":"Script","props":{"runtime":"script/Game/UIMain_Aisle.ts"},"compId":554},{"type":"Label","props":{"text":"label","name":"yanse","alpha":0},"compId":555},{"type":"Script","props":{"y":0,"x":0,"width":82,"label":"interaction","isSensor":true,"height":48,"runtime":"laya.physics.BoxCollider"},"compId":556}]},{"type":"Sprite","props":{"y":3,"x":281,"width":14,"name":"right_Wall","height":199},"compId":575,"child":[{"type":"Script","props":{"y":0,"x":0,"width":14,"label":"wall","isSensor":true,"height":199,"runtime":"laya.physics.BoxCollider"},"compId":576},{"type":"Script","props":{"gravityScale":0,"bullet":true,"allowSleep":false,"runtime":"laya.physics.RigidBody"},"compId":577}]}]},{"type":"Image","props":{"y":586,"x":157.5,"width":257,"skin":"Room/room_bluish.png","sizeGrid":"23,22,24,20","pivotY":117.5,"pivotX":128.5,"name":"Room4","height":235},"compId":500,"child":[{"type":"Script","props":{"y":0,"x":1,"width":256,"isSensor":false,"height":235,"friction":0.2,"density":-1,"runtime":"laya.physics.BoxCollider"},"compId":501},{"type":"Script","props":{"type":"dynamic","group":1,"gravityScale":0,"bullet":true,"allowSleep":false,"runtime":"laya.physics.RigidBody"},"compId":502},{"type":"Script","props":{"y":1,"x":0,"runtime":"script/Game/UIMain_Room.ts"},"compId":503},{"type":"Sprite","props":{"y":218,"x":0,"width":277,"name":"Floor_02_Room4","height":17},"compId":504,"child":[{"type":"Image","props":{"y":102,"x":2,"width":296,"height":14,"alpha":0},"compId":505},{"type":"Script","props":{"y":1,"x":2,"width":252,"label":"floor","isSensor":true,"height":15,"runtime":"laya.physics.BoxCollider"},"compId":506},{"type":"Script","props":{"gravityScale":0,"allowSleep":false,"allowRotation":false,"runtime":"laya.physics.RigidBody"},"compId":507}]},{"type":"Sprite","props":{"y":178,"x":0,"width":48,"pivotY":41,"pivotX":33,"name":"left_Aisle_01","height":82},"compId":512,"child":[{"type":"Image","props":{"y":80,"x":0.5,"width":78,"skin":"Room/ui_interaction_01.png","rotation":270,"name":"interaction","height":32},"compId":513},{"type":"Image","props":{"y":41.5,"x":40.6,"skin":"Room/room_blue_wall.png","rotation":90,"pivotY":8,"pivotX":41,"name":"wall","height":16.7},"compId":514},{"type":"Image","props":{"y":41.5,"x":40.5,"width":81,"skin":"Room/room_blue_color.png","rotation":-90,"pivotY":8,"pivotX":41,"name":"color","height":15},"compId":515},{"type":"Script","props":{"y":34,"x":23,"width":25,"label":"aisle","isSensor":true,"height":15,"runtime":"laya.physics.BoxCollider"},"compId":516},{"type":"Script","props":{"y":1,"x":0,"gravityScale":0,"bullet":true,"allowSleep":false,"allowRotation":false,"runtime":"laya.physics.RigidBody"},"compId":517},{"type":"Script","props":{"runtime":"script/Game/UIMain_Aisle.ts"},"compId":518},{"type":"Label","props":{"text":"label","name":"yanse","alpha":0},"compId":519},{"type":"Script","props":{"width":48,"label":"interaction","isSensor":true,"height":82,"runtime":"laya.physics.BoxCollider"},"compId":520}]},{"type":"Sprite","props":{"y":178,"x":255,"width":48,"pivotY":41,"pivotX":14,"name":"right_Aisle_01","height":82},"compId":521,"child":[{"type":"Image","props":{"y":2,"x":47,"width":78,"skin":"Room/ui_interaction_01.png","rotation":90,"name":"interaction","height":32},"compId":522},{"type":"Image","props":{"y":42,"x":8,"width":81,"skin":"Room/room_blue_wall.png","rotation":90,"pivotY":8,"pivotX":41,"name":"wall","height":16.8},"compId":523},{"type":"Image","props":{"y":41.5,"x":7.5,"skin":"Room/room_blue_color.png","rotation":90,"pivotY":8,"pivotX":41,"name":"color"},"compId":524},{"type":"Script","props":{"y":34,"x":0,"width":25,"label":"aisle","isSensor":true,"height":15,"runtime":"laya.physics.BoxCollider"},"compId":525},{"type":"Script","props":{"gravityScale":0,"bullet":true,"allowSleep":false,"allowRotation":false,"runtime":"laya.physics.RigidBody"},"compId":526},{"type":"Script","props":{"runtime":"script/Game/UIMain_Aisle.ts"},"compId":527},{"type":"Label","props":{"text":"label","name":"yanse","alpha":0},"compId":528},{"type":"Script","props":{"width":48,"label":"interaction","isSensor":true,"height":82,"runtime":"laya.physics.BoxCollider"},"compId":529}]},{"type":"Sprite","props":{"y":190,"x":69,"width":27,"pivotY":29,"pivotX":14,"name":"Stick","height":58},"compId":580,"child":[{"type":"Image","props":{"y":9,"x":12.5,"width":22,"skin":"Room/stick.png","pivotY":31,"pivotX":10,"height":78},"compId":581},{"type":"Script","props":{"y":-21,"x":0,"width":27,"label":"stick","isSensor":true,"height":79,"runtime":"laya.physics.BoxCollider"},"compId":582},{"type":"Script","props":{"gravityScale":0,"bullet":true,"allowSleep":false,"allowRotation":false,"runtime":"laya.physics.RigidBody"},"compId":583}]}]},{"type":"Sprite","props":{"y":947,"x":226,"width":60,"pivotY":24,"pivotX":30,"name":"moveDog_01","height":48},"compId":291,"child":[{"type":"Image","props":{"y":25,"x":31,"width":60,"skin":"UI/1.png","pivotY":24,"pivotX":30,"name":"pic","height":47},"compId":292},{"type":"Script","props":{"y":-11,"x":9,"width":42,"label":"dog","isSensor":true,"height":64,"runtime":"laya.physics.BoxCollider"},"compId":293},{"type":"Script","props":{"gravityScale":0,"allowSleep":false,"allowRotation":false,"runtime":"laya.physics.RigidBody"},"compId":294},{"type":"Script","props":{"runtime":"script/Game/UIMain_Dog.ts"},"compId":295}]},{"type":"Sprite","props":{"y":694,"x":498,"width":51,"var":"Gongzhu","rotation":0,"pivotY":32,"pivotX":26,"name":"Gongzhu","height":63},"compId":585,"child":[{"type":"Script","props":{"y":0,"x":6,"width":40,"label":"gongzhu","isSensor":true,"height":66,"runtime":"laya.physics.BoxCollider"},"compId":586},{"type":"Script","props":{"gravityScale":0,"allowSleep":false,"allowRotation":false,"runtime":"laya.physics.RigidBody"},"compId":587},{"type":"Image","props":{"y":23,"x":20,"width":52,"skin":"UI/3.png","pivotY":35,"pivotX":24,"name":"pic","height":70},"compId":588},{"type":"Script","props":{"runtime":"script/Game/UIMain_Gongzhu.ts"},"compId":589}]},{"type":"Sprite","props":{"y":1083,"x":137,"width":57,"var":"Wangzi","pivotY":35,"pivotX":29,"name":"Wangzi","height":69},"compId":590,"child":[{"type":"Image","props":{"y":34,"x":29,"width":57,"skin":"UI/2.png","scaleX":-1,"pivotY":35,"pivotX":29,"name":"pic","height":70},"compId":591},{"type":"Script","props":{"width":57,"label":"wangzi","isSensor":true,"height":69,"runtime":"laya.physics.BoxCollider"},"compId":592},{"type":"Script","props":{"gravityScale":0,"allowSleep":true,"allowRotation":true,"runtime":"laya.physics.RigidBody"},"compId":593},{"type":"Script","props":{"runtime":"script/Game/UIMain_Wangzi.ts"},"compId":594}]}],"loadList":["UI_new/conmmon/bg_yeloow.png","Room/room_green.png","UI/75b774cd-5d5f-4c0d-8bd0-7ec4d388c85d.png","Room/ui_window.png","Room/ui_interaction_01.png","Room/room_blue_wall.png","Room/room_blue_color.png","Room/ui_door.png","Room/room_purple.png","Room/ui_ladder.png","Room/room_purple_floor_01.png","UI/1.png","Room/room_bluish.png","Room/stick.png","UI/3.png","UI/2.png"],"loadList3D":[]}