{"type":"View","props":{"width":720,"height":1280},"compId":2,"child":[{"type":"Script","props":{"y":0,"x":0,"runtime":"script/Game/UIMain.ts"},"compId":60},{"type":"Image","props":{"y":0,"x":0,"var":"background","skin":"UI_new/conmmon/bg_yeloow.png","name":"background"},"compId":3},{"type":"Image","props":{"y":623,"x":234,"width":344,"var":"Room2","skin":"Room/room_yellow.png","sizeGrid":"23,22,24,20","pivotY":196,"pivotX":172,"name":"Room2","height":391},"compId":4,"child":[{"type":"Script","props":{"y":1,"x":1,"width":342,"isSensor":false,"height":388,"friction":0.2,"density":-1,"runtime":"laya.physics.BoxCollider"},"compId":5},{"type":"Script","props":{"type":"dynamic","gravityScale":0,"allowSleep":false,"allowRotation":false,"runtime":"laya.physics.RigidBody"},"compId":6},{"type":"Sprite","props":{"y":284,"x":288,"width":71,"pivotY":96,"pivotX":36,"name":"ladder_a_02","height":192},"compId":618,"child":[{"type":"Sprite","props":{"y":38,"x":12,"texture":"Room/ui_ladder.png"},"compId":619},{"type":"Sprite","props":{"y":0,"x":12,"texture":"Room/ui_ladder.png"},"compId":620},{"type":"Sprite","props":{"y":74,"x":12,"texture":"Room/ui_ladder.png"},"compId":621},{"type":"Sprite","props":{"y":150,"x":12,"texture":"Room/ui_ladder.png"},"compId":622},{"type":"Sprite","props":{"y":112,"x":12,"texture":"Room/ui_ladder.png"},"compId":623},{"type":"Script","props":{"y":155,"x":29,"width":14,"label":"ladder","isSensor":true,"height":35,"runtime":"laya.physics.BoxCollider"},"compId":624},{"type":"Script","props":{"y":1,"x":0,"gravityScale":0,"bullet":true,"allowSleep":false,"allowRotation":false,"runtime":"laya.physics.RigidBody"},"compId":625},{"type":"Script","props":{"y":-11,"x":28,"width":16,"label":"ladder","isSensor":true,"height":40,"runtime":"laya.physics.BoxCollider"},"compId":626}]},{"type":"Sprite","props":{"y":175,"x":1,"width":346,"name":"Floor_02_Room2","height":14},"compId":292,"child":[{"type":"Image","props":{"y":0,"x":13,"width":316,"skin":"UI/e14425d4-bce1-4a10-84a3-76fb55fa32e5.png","sizeGrid":"0,4,0,8","height":14,"alpha":1},"compId":293},{"type":"Script","props":{"y":0,"x":1,"width":342,"label":"floor","isSensor":true,"height":22,"runtime":"laya.physics.BoxCollider"},"compId":294},{"type":"Script","props":{"gravityScale":0,"bullet":true,"allowSleep":false,"allowRotation":false,"runtime":"laya.physics.RigidBody"},"compId":295}]},{"type":"Sprite","props":{"y":376,"x":1,"width":346,"name":"Floor_01_Room2","height":14},"compId":349,"child":[{"type":"Image","props":{"y":0,"x":13,"width":316,"skin":"UI/e14425d4-bce1-4a10-84a3-76fb55fa32e5.png","sizeGrid":"0,4,0,8","height":14,"alpha":1},"compId":350},{"type":"Script","props":{"y":0,"x":-12,"width":361,"label":"floor","isSensor":true,"height":14,"runtime":"laya.physics.BoxCollider"},"compId":351},{"type":"Script","props":{"gravityScale":0,"bullet":true,"allowSleep":false,"allowRotation":false,"runtime":"laya.physics.RigidBody"},"compId":352}]},{"type":"Script","props":{"runtime":"script/Game/UIMain_Room.ts"},"compId":10},{"type":"Sprite","props":{"y":8,"x":329,"width":14,"name":"right_Wall","height":375},"compId":61,"child":[{"type":"Script","props":{"y":86,"x":0,"width":14,"label":"wall","isSensor":true,"height":291,"runtime":"laya.physics.BoxCollider"},"compId":62},{"type":"Script","props":{"gravityScale":0,"bullet":true,"allowSleep":false,"runtime":"laya.physics.RigidBody"},"compId":63}]},{"type":"Sprite","props":{"y":50,"x":102,"texture":"Room/ui_bookrack.png"},"compId":64},{"type":"Sprite","props":{"y":179,"x":289,"width":82,"pivotY":37,"pivotX":41,"name":"nu_Aisle_01","height":48},"compId":476,"child":[{"type":"Image","props":{"y":2,"x":2,"skin":"Room/ui_interaction_01.png","rotation":0,"name":"interaction"},"compId":477},{"type":"Image","props":{"y":40,"x":41.5,"skin":"Room/room_blue_wall.png","rotation":0,"pivotY":8,"pivotX":41,"name":"wall","height":16},"compId":478},{"type":"Image","props":{"y":40,"x":41.5,"skin":"Room/room_blue_color.png","rotation":0,"pivotY":8,"pivotX":41,"name":"color"},"compId":479},{"type":"Script","props":{"y":22.5,"x":33,"width":15,"label":"aisle","isSensor":true,"height":25,"runtime":"laya.physics.BoxCollider"},"compId":480},{"type":"Script","props":{"gravityScale":0,"bullet":true,"allowSleep":false,"allowRotation":false,"runtime":"laya.physics.RigidBody"},"compId":481},{"type":"Script","props":{"runtime":"script/Game/UIMain_Aisle.ts"},"compId":482},{"type":"Label","props":{"text":"label","name":"yanse","alpha":0},"compId":483},{"type":"Script","props":{"y":0,"x":0,"width":82,"label":"interaction","isSensor":true,"height":48,"runtime":"laya.physics.BoxCollider"},"compId":484}]},{"type":"Sprite","props":{"y":135,"x":1,"width":48,"pivotY":41,"pivotX":33,"name":"left_Aisle_01","height":82},"compId":532,"child":[{"type":"Image","props":{"y":80,"x":0.5,"width":78,"skin":"Room/ui_interaction_01.png","rotation":270,"name":"interaction","height":32},"compId":533},{"type":"Image","props":{"y":41.5,"x":40,"skin":"Room/room_blue_wall.png","rotation":90,"pivotY":8,"pivotX":41,"name":"wall","height":16.5},"compId":534},{"type":"Image","props":{"y":41.5,"x":40.5,"width":81,"skin":"Room/room_blue_color.png","rotation":-90,"pivotY":8,"pivotX":41,"name":"color","height":15},"compId":535},{"type":"Script","props":{"y":34,"x":23,"width":25,"label":"aisle","isSensor":true,"height":15,"runtime":"laya.physics.BoxCollider"},"compId":536},{"type":"Script","props":{"y":1,"x":0,"gravityScale":0,"bullet":true,"allowSleep":false,"allowRotation":false,"runtime":"laya.physics.RigidBody"},"compId":537},{"type":"Script","props":{"runtime":"script/Game/UIMain_Aisle.ts"},"compId":538},{"type":"Label","props":{"text":"label","name":"yanse","alpha":0},"compId":539},{"type":"Script","props":{"width":48,"label":"interaction","isSensor":true,"height":82,"runtime":"laya.physics.BoxCollider"},"compId":540}]},{"type":"Sprite","props":{"y":336,"x":1,"width":48,"pivotY":41,"pivotX":33,"name":"left_Aisle_02","height":82},"compId":541,"child":[{"type":"Image","props":{"y":80,"x":0.5,"width":78,"skin":"Room/ui_interaction_01.png","rotation":270,"name":"interaction","height":32},"compId":542},{"type":"Image","props":{"y":41.5,"x":40,"skin":"Room/room_blue_wall.png","rotation":90,"pivotY":8,"pivotX":41,"name":"wall","height":16.5},"compId":543},{"type":"Image","props":{"y":41.5,"x":40.5,"width":81,"skin":"Room/room_blue_color.png","rotation":-90,"pivotY":8,"pivotX":41,"name":"color","height":15},"compId":544},{"type":"Script","props":{"y":34,"x":23,"width":25,"label":"aisle","isSensor":true,"height":15,"runtime":"laya.physics.BoxCollider"},"compId":545},{"type":"Script","props":{"y":1,"x":0,"gravityScale":0,"bullet":true,"allowSleep":false,"allowRotation":false,"runtime":"laya.physics.RigidBody"},"compId":546},{"type":"Script","props":{"runtime":"script/Game/UIMain_Aisle.ts"},"compId":547},{"type":"Label","props":{"text":"label","name":"yanse","alpha":0},"compId":548},{"type":"Script","props":{"width":48,"label":"interaction","isSensor":true,"height":82,"runtime":"laya.physics.BoxCollider"},"compId":549}]},{"type":"Sprite","props":{"y":387,"x":174,"width":82,"pivotY":11,"pivotX":41,"name":"down_Aisle_01","height":48},"compId":550,"child":[{"type":"Image","props":{"y":47,"x":80,"skin":"Room/ui_interaction_01.png","rotation":180,"name":"interaction"},"compId":551},{"type":"Image","props":{"y":7,"x":41.5,"skin":"Room/room_blue_wall.png","rotation":0,"pivotY":8,"pivotX":41,"name":"wall","height":17},"compId":552},{"type":"Image","props":{"y":7,"x":41.5,"width":81,"skin":"Room/room_blue_color.png","rotation":180,"pivotY":8,"pivotX":41,"name":"color","height":15},"compId":553},{"type":"Script","props":{"y":-17,"x":35,"width":13,"label":"aisle","isSensor":true,"height":51,"runtime":"laya.physics.BoxCollider"},"compId":554},{"type":"Script","props":{"gravityScale":0,"bullet":true,"allowSleep":false,"allowRotation":false,"runtime":"laya.physics.RigidBody"},"compId":555},{"type":"Script","props":{"runtime":"script/Game/UIMain_Aisle.ts"},"compId":556},{"type":"Label","props":{"text":"label","name":"yanse","alpha":0},"compId":557},{"type":"Script","props":{"y":0,"x":0,"width":82,"label":"interaction","isSensor":true,"height":48,"runtime":"laya.physics.BoxCollider"},"compId":558}]},{"type":"Sprite","props":{"y":156,"x":134,"width":38,"rotation":0,"pivotY":25,"pivotX":19,"name":"drumstick","height":49},"compId":587,"child":[{"type":"Script","props":{"y":2,"x":2,"width":35,"label":"drumstick","isSensor":true,"height":46,"runtime":"laya.physics.BoxCollider"},"compId":588},{"type":"Script","props":{"gravityScale":0,"allowSleep":false,"allowRotation":false,"runtime":"laya.physics.RigidBody"},"compId":589},{"type":"Image","props":{"y":11,"x":10,"skin":"Room/icon_drumstick.png","scaleY":0.6,"scaleX":0.6,"name":"pic"},"compId":590}]}]},{"type":"Image","props":{"y":255,"x":420,"width":267,"skin":"Room/room_red.png","sizeGrid":"23,22,24,20","pivotY":108,"pivotX":134,"name":"Room3","height":216},"compId":157,"child":[{"type":"Script","props":{"y":0,"x":1,"width":264,"isSensor":false,"height":215,"friction":0.2,"density":-1,"runtime":"laya.physics.BoxCollider"},"compId":158},{"type":"Script","props":{"type":"dynamic","group":1,"gravityScale":0,"bullet":true,"allowSleep":false,"allowRotation":false,"runtime":"laya.physics.RigidBody"},"compId":159},{"type":"Script","props":{"y":2,"x":0,"runtime":"script/Game/UIMain_Room.ts"},"compId":166},{"type":"Sprite","props":{"y":200,"x":11,"width":264,"name":"Floor_01_Room3","height":17},"compId":179,"child":[{"type":"Image","props":{"y":0,"x":0,"width":186,"skin":"UI/ec8071c1-4577-4d6c-9231-2357a90145b1.png","sizeGrid":"0,4,0,8","height":14,"alpha":0},"compId":180},{"type":"Script","props":{"y":1,"x":-17,"width":272,"label":"floor","isSensor":true,"height":14,"runtime":"laya.physics.BoxCollider"},"compId":181},{"type":"Script","props":{"gravityScale":0,"bullet":true,"allowSleep":false,"allowRotation":false,"runtime":"laya.physics.RigidBody"},"compId":182}]},{"type":"Sprite","props":{"y":29,"x":143,"texture":"Room/ui_window.png"},"compId":326},{"type":"Sprite","props":{"y":17.5,"x":253,"width":14,"name":"right_Wall","height":135},"compId":559,"child":[{"type":"Script","props":{"y":86,"x":0,"width":14,"label":"wall","isSensor":true,"height":108,"runtime":"laya.physics.BoxCollider"},"compId":560},{"type":"Script","props":{"gravityScale":0,"bullet":true,"allowSleep":false,"runtime":"laya.physics.RigidBody"},"compId":561}]},{"type":"Sprite","props":{"y":17.5,"x":1,"width":14,"name":"left_Wall","height":135},"compId":562,"child":[{"type":"Script","props":{"y":86,"x":0,"width":14,"label":"wall","isSensor":true,"height":108,"runtime":"laya.physics.BoxCollider"},"compId":563},{"type":"Script","props":{"gravityScale":0,"bullet":true,"allowSleep":false,"runtime":"laya.physics.RigidBody"},"compId":564}]},{"type":"Sprite","props":{"y":109.5,"x":57,"width":71,"pivotY":96,"pivotX":36,"name":"ladder_01","height":192},"compId":565,"child":[{"type":"Sprite","props":{"y":37,"x":12,"texture":"Room/ui_ladder.png"},"compId":567},{"type":"Sprite","props":{"y":-1,"x":12,"texture":"Room/ui_ladder.png"},"compId":568},{"type":"Sprite","props":{"y":73,"x":12,"texture":"Room/ui_ladder.png"},"compId":569},{"type":"Sprite","props":{"y":111,"x":12,"texture":"Room/ui_ladder.png"},"compId":570},{"type":"Sprite","props":{"y":149,"x":12,"width":47,"texture":"Room/ui_ladder.png","height":38},"compId":571},{"type":"Script","props":{"y":-3,"x":29,"width":14,"label":"ladder","isSensor":true,"height":190,"runtime":"laya.physics.BoxCollider"},"compId":572},{"type":"Script","props":{"gravityScale":0,"bullet":true,"allowSleep":false,"allowRotation":false,"runtime":"laya.physics.RigidBody"},"compId":573}]},{"type":"Sprite","props":{"y":6,"x":56,"width":82,"pivotY":37,"pivotX":41,"name":"up_Aisle_01","height":48},"compId":566,"child":[{"type":"Image","props":{"y":2,"x":2,"skin":"Room/ui_interaction_01.png","rotation":0,"name":"interaction"},"compId":574},{"type":"Image","props":{"y":39.2,"x":41.5,"skin":"Room/room_blue_wall.png","rotation":0,"pivotY":8,"pivotX":41,"name":"wall","height":16.5},"compId":575},{"type":"Image","props":{"y":39.5,"x":41.5,"skin":"Room/room_blue_color.png","rotation":0,"pivotY":8,"pivotX":41,"name":"color"},"compId":576},{"type":"Script","props":{"y":22.5,"x":33,"width":15,"label":"aisle","isSensor":true,"height":25,"runtime":"laya.physics.BoxCollider"},"compId":577},{"type":"Script","props":{"gravityScale":0,"bullet":true,"allowSleep":false,"allowRotation":false,"runtime":"laya.physics.RigidBody"},"compId":578},{"type":"Script","props":{"runtime":"script/Game/UIMain_Aisle.ts"},"compId":579},{"type":"Label","props":{"text":"label","name":"yanse","alpha":0},"compId":580},{"type":"Script","props":{"y":0,"x":0,"width":82,"label":"interaction","isSensor":true,"height":48,"runtime":"laya.physics.BoxCollider"},"compId":581}]}]},{"type":"Image","props":{"y":969,"x":530,"width":259,"var":"Room1","skin":"Room/room_green.png","sizeGrid":"23,22,24,20","pivotY":108,"pivotX":134,"name":"Room1","height":216},"compId":93,"child":[{"type":"Script","props":{"y":0,"x":1,"width":257,"isSensor":false,"height":216,"friction":0.2,"density":-1,"runtime":"laya.physics.BoxCollider"},"compId":94},{"type":"Script","props":{"type":"dynamic","group":1,"gravityScale":0,"bullet":true,"allowSleep":false,"runtime":"laya.physics.RigidBody"},"compId":95},{"type":"Script","props":{"y":1,"x":0,"runtime":"script/Game/UIMain_Room.ts"},"compId":102},{"type":"Sprite","props":{"y":-9,"x":0,"width":15,"name":"right_Wall","height":223},"compId":103,"child":[{"type":"Script","props":{"y":91,"x":-1,"width":16,"label":"wall","isSensor":true,"height":137,"runtime":"laya.physics.BoxCollider"},"compId":104},{"type":"Script","props":{"gravityScale":0,"bullet":true,"allowSleep":false,"runtime":"laya.physics.RigidBody"},"compId":105}]},{"type":"Sprite","props":{"y":46,"x":95,"texture":"Room/ui_window.png"},"compId":325},{"type":"Sprite","props":{"y":201,"x":-3,"width":270,"name":"Floor_01_Room1","height":16},"compId":345,"child":[{"type":"Script","props":{"y":0,"x":2,"width":264,"label":"floor","isSensor":true,"height":16,"runtime":"laya.physics.BoxCollider"},"compId":346},{"type":"Script","props":{"gravityScale":0,"bullet":true,"allowSleep":false,"allowRotation":true,"runtime":"laya.physics.RigidBody"},"compId":347}]},{"type":"Sprite","props":{"y":161,"x":254,"width":48,"pivotY":41,"pivotX":11,"name":"right_Aisle_01","height":82},"compId":523,"child":[{"type":"Image","props":{"y":2,"x":47,"width":78,"skin":"Room/ui_interaction_01.png","rotation":90,"name":"interaction","height":32},"compId":524},{"type":"Image","props":{"y":42,"x":8.2,"width":81,"skin":"Room/room_blue_wall.png","rotation":90,"pivotY":8,"pivotX":41,"name":"wall","height":16.5},"compId":525},{"type":"Image","props":{"y":41.5,"x":8,"skin":"Room/room_blue_color.png","rotation":90,"pivotY":8,"pivotX":41,"name":"color"},"compId":526},{"type":"Script","props":{"y":35,"x":0,"width":25,"label":"aisle","isSensor":true,"height":15,"runtime":"laya.physics.BoxCollider"},"compId":527},{"type":"Script","props":{"gravityScale":0,"bullet":true,"allowSleep":false,"allowRotation":false,"runtime":"laya.physics.RigidBody"},"compId":528},{"type":"Script","props":{"runtime":"script/Game/UIMain_Aisle.ts"},"compId":529},{"type":"Label","props":{"text":"label","name":"yanse","alpha":0},"compId":530},{"type":"Script","props":{"width":48,"label":"interaction","isSensor":true,"height":82,"runtime":"laya.physics.BoxCollider"},"compId":531}]}]},{"type":"Sprite","props":{"y":1037.5,"x":502.5,"width":51,"var":"Gongzhu","rotation":0,"pivotY":32,"pivotX":26,"name":"Gongzhu","height":63},"compId":582,"child":[{"type":"Script","props":{"y":0,"x":6,"width":40,"label":"gongzhu","isSensor":true,"height":66,"runtime":"laya.physics.BoxCollider"},"compId":583},{"type":"Script","props":{"gravityScale":0,"allowSleep":false,"allowRotation":false,"runtime":"laya.physics.RigidBody"},"compId":584},{"type":"Image","props":{"y":23,"x":20,"width":52,"skin":"UI_new/GameStart/person_gongzhu.png","pivotY":35,"pivotX":24,"name":"pic","height":70},"compId":585},{"type":"Script","props":{"runtime":"script/Game/UIMain_Gongzhu.ts"},"compId":586}]},{"type":"Sprite","props":{"y":783,"x":166,"width":60,"pivotY":24,"pivotX":30,"name":"moveDog_01","height":48},"compId":597,"child":[{"type":"Image","props":{"y":25,"x":31,"width":60,"skin":"UI/1.png","pivotY":24,"pivotX":30,"name":"pic","height":47},"compId":598},{"type":"Script","props":{"y":-11,"x":9,"width":42,"label":"dog","isSensor":true,"height":64,"runtime":"laya.physics.BoxCollider"},"compId":599},{"type":"Script","props":{"gravityScale":0,"allowSleep":false,"allowRotation":false,"runtime":"laya.physics.RigidBody"},"compId":600},{"type":"Script","props":{"runtime":"script/Game/UIMain_Dog.ts"},"compId":601}]},{"type":"Sprite","props":{"y":319,"x":474,"width":57,"var":"Wangzi","pivotY":35,"pivotX":29,"name":"Wangzi","height":69},"compId":602,"child":[{"type":"Image","props":{"y":34,"x":29,"width":57,"skin":"UI/2.png","scaleX":1,"pivotY":35,"pivotX":29,"name":"pic","height":70},"compId":603},{"type":"Script","props":{"width":57,"label":"wangzi","isSensor":true,"height":69,"runtime":"laya.physics.BoxCollider"},"compId":604},{"type":"Script","props":{"gravityScale":0,"allowSleep":true,"allowRotation":true,"runtime":"laya.physics.RigidBody"},"compId":605},{"type":"Script","props":{"runtime":"script/Game/UIMain_Wangzi.ts"},"compId":606}]},{"type":"Sprite","props":{"y":319,"x":381,"width":51,"rotation":0,"pivotY":32,"pivotX":26,"name":"houma","height":63},"compId":612,"child":[{"type":"Script","props":{"y":0,"x":9,"width":34,"label":"houma","isSensor":true,"height":64,"runtime":"laya.physics.BoxCollider"},"compId":613},{"type":"Script","props":{"gravityScale":0,"allowSleep":false,"allowRotation":false,"runtime":"laya.physics.RigidBody"},"compId":614},{"type":"Image","props":{"y":32,"x":25,"width":52,"skin":"Room/room_pink.png","pivotY":35,"pivotX":24,"name":"pic","height":70},"compId":615},{"type":"Image","props":{"y":19,"x":-2,"width":41,"skin":"Room/icon_apple.png","scaleY":0.6,"scaleX":0.6,"pivotY":21,"pivotX":21,"name":"apple","height":41},"compId":616},{"type":"Script","props":{"runtime":"script/Game/UIMain_Houma.ts"},"compId":617}]}],"loadList":["UI_new/conmmon/bg_yeloow.png","Room/room_yellow.png","Room/ui_ladder.png","UI/e14425d4-bce1-4a10-84a3-76fb55fa32e5.png","Room/ui_bookrack.png","Room/ui_interaction_01.png","Room/room_blue_wall.png","Room/room_blue_color.png","Room/icon_drumstick.png","Room/room_red.png","UI/ec8071c1-4577-4d6c-9231-2357a90145b1.png","Room/ui_window.png","Room/room_green.png","UI_new/GameStart/person_gongzhu.png","UI/1.png","UI/2.png","Room/room_pink.png","Room/icon_apple.png"],"loadList3D":[]}