{"type":"View","props":{"width":720,"height":1280},"compId":2,"child":[{"type":"Script","props":{"y":0,"x":0,"runtime":"script/Game/UIMain.ts"},"compId":60},{"type":"Image","props":{"y":0,"x":0,"var":"background","skin":"UI_new/conmmon/bg_yeloow.png","name":"background"},"compId":3},{"type":"Image","props":{"y":611,"x":216,"width":344,"var":"Room2","skin":"Room/room_yellow.png","sizeGrid":"23,22,24,20","pivotY":196,"pivotX":172,"name":"Room2","height":391},"compId":4,"child":[{"type":"Script","props":{"y":1,"x":1,"width":342,"isSensor":false,"height":388,"friction":0.2,"density":-1,"runtime":"laya.physics.BoxCollider"},"compId":5},{"type":"Script","props":{"type":"dynamic","gravityScale":0,"allowSleep":false,"allowRotation":false,"runtime":"laya.physics.RigidBody"},"compId":6},{"type":"Sprite","props":{"y":111,"x":272,"width":71,"pivotY":96,"pivotX":36,"name":"ladder_01","height":192},"compId":236,"child":[{"type":"Sprite","props":{"y":37,"x":12,"texture":"Room/ui_ladder.png"},"compId":237},{"type":"Sprite","props":{"y":-1,"x":12,"texture":"Room/ui_ladder.png"},"compId":238},{"type":"Sprite","props":{"y":73,"x":12,"texture":"Room/ui_ladder.png"},"compId":239},{"type":"Sprite","props":{"y":111,"x":12,"texture":"Room/ui_ladder.png"},"compId":240},{"type":"Sprite","props":{"y":149,"x":12,"width":47,"texture":"Room/ui_ladder.png","height":38},"compId":241},{"type":"Script","props":{"y":-3,"x":29,"width":14,"label":"ladder","isSensor":true,"height":190,"runtime":"laya.physics.BoxCollider"},"compId":242},{"type":"Script","props":{"gravityScale":0,"bullet":true,"allowSleep":false,"allowRotation":false,"runtime":"laya.physics.RigidBody"},"compId":243}]},{"type":"Sprite","props":{"y":200,"x":1,"width":346,"name":"Floor_02_Room2","height":14},"compId":292,"child":[{"type":"Image","props":{"y":0,"x":13,"width":316,"skin":"UI/e14425d4-bce1-4a10-84a3-76fb55fa32e5.png","sizeGrid":"0,4,0,8","height":14,"alpha":1},"compId":293},{"type":"Script","props":{"y":0,"x":-12,"width":361,"label":"floor","isSensor":true,"height":22,"runtime":"laya.physics.BoxCollider"},"compId":294},{"type":"Script","props":{"gravityScale":0,"bullet":true,"allowSleep":false,"allowRotation":false,"runtime":"laya.physics.RigidBody"},"compId":295}]},{"type":"Sprite","props":{"y":376,"x":1,"width":346,"name":"Floor_01_Room2","height":14},"compId":349,"child":[{"type":"Image","props":{"y":0,"x":13,"width":316,"skin":"UI/e14425d4-bce1-4a10-84a3-76fb55fa32e5.png","sizeGrid":"0,4,0,8","height":14,"alpha":1},"compId":350},{"type":"Script","props":{"y":0,"x":-12,"width":361,"label":"floor","isSensor":true,"height":14,"runtime":"laya.physics.BoxCollider"},"compId":351},{"type":"Script","props":{"gravityScale":0,"bullet":true,"allowSleep":false,"allowRotation":false,"runtime":"laya.physics.RigidBody"},"compId":352}]},{"type":"Script","props":{"runtime":"script/Game/UIMain_Room.ts"},"compId":10},{"type":"Sprite","props":{"y":0,"x":1,"width":14,"name":"right_Wall","height":375},"compId":61,"child":[{"type":"Script","props":{"y":86,"x":0,"width":14,"label":"wall","isSensor":true,"height":291,"runtime":"laya.physics.BoxCollider"},"compId":62},{"type":"Script","props":{"gravityScale":0,"bullet":true,"allowSleep":false,"runtime":"laya.physics.RigidBody"},"compId":63}]},{"type":"Sprite","props":{"y":50,"x":102,"texture":"Room/ui_bookrack.png"},"compId":64},{"type":"Sprite","props":{"y":353,"x":124,"width":60,"pivotY":24,"pivotX":30,"name":"staticDog_01","height":48},"compId":297,"child":[{"type":"Image","props":{"y":25,"x":28,"width":60,"skin":"UI/1.png","scaleX":-1,"pivotY":24,"pivotX":30,"name":"pic","height":47},"compId":298},{"type":"Script","props":{"y":0,"x":9,"width":42,"label":"dog","isSensor":true,"height":48,"runtime":"laya.physics.BoxCollider"},"compId":299},{"type":"Script","props":{"gravityScale":0,"allowSleep":false,"allowRotation":false,"runtime":"laya.physics.RigidBody"},"compId":300},{"type":"Script","props":{"runtime":"script/Game/UIMain_StaticDog.ts"},"compId":513}]},{"type":"Sprite","props":{"y":159,"x":340,"width":48,"pivotY":41,"pivotX":11,"name":"right_Aisle_01","height":82},"compId":458,"child":[{"type":"Image","props":{"y":2,"x":47,"width":78,"skin":"Room/ui_interaction_01.png","rotation":90,"name":"interaction","height":32},"compId":459},{"type":"Image","props":{"y":42,"x":7.8,"width":81,"skin":"Room/room_blue_wall.png","rotation":90,"pivotY":8,"pivotX":41,"name":"wall","height":16.5},"compId":460},{"type":"Image","props":{"y":41.5,"x":7.5,"skin":"Room/room_blue_color.png","rotation":90,"pivotY":8,"pivotX":41,"name":"color"},"compId":461},{"type":"Script","props":{"y":34,"x":0,"width":25,"label":"aisle","isSensor":true,"height":15,"runtime":"laya.physics.BoxCollider"},"compId":462},{"type":"Script","props":{"gravityScale":0,"bullet":true,"allowSleep":false,"allowRotation":false,"runtime":"laya.physics.RigidBody"},"compId":463},{"type":"Script","props":{"runtime":"script/Game/UIMain_Aisle.ts"},"compId":464},{"type":"Label","props":{"text":"label","name":"yanse","alpha":0},"compId":465},{"type":"Script","props":{"width":48,"label":"interaction","isSensor":true,"height":82,"runtime":"laya.physics.BoxCollider"},"compId":466}]},{"type":"Sprite","props":{"y":335,"x":340,"width":48,"pivotY":41,"pivotX":11,"name":"right_Aisle_02","height":82},"compId":467,"child":[{"type":"Image","props":{"y":2,"x":47,"width":78,"skin":"Room/ui_interaction_01.png","rotation":90,"name":"interaction","height":32},"compId":468},{"type":"Image","props":{"y":42,"x":7.8,"width":81,"skin":"Room/room_blue_wall.png","rotation":90,"pivotY":8,"pivotX":41,"name":"wall","height":16.5},"compId":469},{"type":"Image","props":{"y":41.5,"x":7.5,"skin":"Room/room_blue_color.png","rotation":90,"pivotY":8,"pivotX":41,"name":"color"},"compId":470},{"type":"Script","props":{"y":34,"x":0,"width":25,"label":"aisle","isSensor":true,"height":15,"runtime":"laya.physics.BoxCollider"},"compId":471},{"type":"Script","props":{"gravityScale":0,"bullet":true,"allowSleep":false,"allowRotation":false,"runtime":"laya.physics.RigidBody"},"compId":472},{"type":"Script","props":{"runtime":"script/Game/UIMain_Aisle.ts"},"compId":473},{"type":"Label","props":{"text":"label","name":"yanse","alpha":0},"compId":474},{"type":"Script","props":{"width":48,"label":"interaction","isSensor":true,"height":82,"runtime":"laya.physics.BoxCollider"},"compId":475}]},{"type":"Sprite","props":{"y":5,"x":272,"width":82,"pivotY":37,"pivotX":41,"name":"up_Aisle_01","height":48},"compId":476,"child":[{"type":"Image","props":{"y":2,"x":2,"skin":"Room/ui_interaction_01.png","rotation":0,"name":"interaction"},"compId":477},{"type":"Image","props":{"y":40,"x":41.5,"skin":"Room/room_blue_wall.png","rotation":0,"pivotY":8,"pivotX":41,"name":"wall","height":16},"compId":478},{"type":"Image","props":{"y":40,"x":41.5,"skin":"Room/room_blue_color.png","rotation":0,"pivotY":8,"pivotX":41,"name":"color"},"compId":479},{"type":"Script","props":{"y":22.5,"x":33,"width":15,"label":"aisle","isSensor":true,"height":25,"runtime":"laya.physics.BoxCollider"},"compId":480},{"type":"Script","props":{"gravityScale":0,"bullet":true,"allowSleep":false,"allowRotation":false,"runtime":"laya.physics.RigidBody"},"compId":481},{"type":"Script","props":{"runtime":"script/Game/UIMain_Aisle.ts"},"compId":482},{"type":"Label","props":{"text":"label","name":"yanse","alpha":0},"compId":483},{"type":"Script","props":{"y":0,"x":0,"width":82,"label":"interaction","isSensor":true,"height":48,"runtime":"laya.physics.BoxCollider"},"compId":484}]},{"type":"Sprite","props":{"y":171,"x":53,"width":27,"pivotY":29,"pivotX":14,"name":"Stick","height":58},"compId":514,"child":[{"type":"Image","props":{"y":9,"x":12.5,"width":22,"skin":"Room/stick.png","pivotY":31,"pivotX":10,"height":78},"compId":515},{"type":"Script","props":{"y":-21,"x":0,"width":27,"label":"stick","isSensor":true,"height":79,"runtime":"laya.physics.BoxCollider"},"compId":516},{"type":"Script","props":{"gravityScale":0,"bullet":true,"allowSleep":false,"allowRotation":false,"runtime":"laya.physics.RigidBody"},"compId":517}]}]},{"type":"Image","props":{"y":233,"x":500,"width":267,"skin":"Room/room_red.png","sizeGrid":"23,22,24,20","pivotY":108,"pivotX":134,"name":"Room3","height":216},"compId":157,"child":[{"type":"Script","props":{"y":0,"x":1,"width":264,"isSensor":false,"height":215,"friction":0.2,"density":-1,"runtime":"laya.physics.BoxCollider"},"compId":158},{"type":"Script","props":{"type":"dynamic","group":1,"gravityScale":0,"bullet":true,"allowSleep":false,"allowRotation":false,"runtime":"laya.physics.RigidBody"},"compId":159},{"type":"Script","props":{"y":2,"x":0,"runtime":"script/Game/UIMain_Room.ts"},"compId":166},{"type":"Sprite","props":{"y":200,"x":11,"width":264,"name":"Floor_01_Room3","height":17},"compId":179,"child":[{"type":"Image","props":{"y":0,"x":0,"width":186,"skin":"UI/ec8071c1-4577-4d6c-9231-2357a90145b1.png","sizeGrid":"0,4,0,8","height":14,"alpha":0},"compId":180},{"type":"Script","props":{"y":1,"x":-17,"width":272,"label":"floor","isSensor":true,"height":14,"runtime":"laya.physics.BoxCollider"},"compId":181},{"type":"Script","props":{"gravityScale":0,"bullet":true,"allowSleep":false,"allowRotation":false,"runtime":"laya.physics.RigidBody"},"compId":182}]},{"type":"Sprite","props":{"y":41,"x":49,"texture":"Room/ui_window.png"},"compId":326},{"type":"Sprite","props":{"y":161,"x":262,"width":48,"pivotY":41,"pivotX":10,"name":"right_Aisle_01","height":82},"compId":449,"child":[{"type":"Image","props":{"y":2,"x":47,"width":78,"skin":"Room/ui_interaction_01.png","rotation":90,"name":"interaction","height":32},"compId":450},{"type":"Image","props":{"y":42,"x":7.8,"width":81,"skin":"Room/room_blue_wall.png","rotation":90,"pivotY":8,"pivotX":41,"name":"wall","height":16.6},"compId":451},{"type":"Image","props":{"y":41.5,"x":7.5,"skin":"Room/room_blue_color.png","rotation":90,"pivotY":8,"pivotX":41,"name":"color"},"compId":452},{"type":"Script","props":{"y":34,"x":0,"width":25,"label":"aisle","isSensor":true,"height":15,"runtime":"laya.physics.BoxCollider"},"compId":453},{"type":"Script","props":{"gravityScale":0,"bullet":true,"allowSleep":false,"allowRotation":false,"runtime":"laya.physics.RigidBody"},"compId":454},{"type":"Script","props":{"runtime":"script/Game/UIMain_Aisle.ts"},"compId":455},{"type":"Label","props":{"text":"label","name":"yanse","alpha":0},"compId":456},{"type":"Script","props":{"width":48,"label":"interaction","isSensor":true,"height":82,"runtime":"laya.physics.BoxCollider"},"compId":457}]},{"type":"Sprite","props":{"y":160,"x":5,"width":48,"pivotY":41,"pivotX":37,"name":"left_Aisle_01","height":82},"compId":485,"child":[{"type":"Image","props":{"y":80,"x":0.5,"width":78,"skin":"Room/ui_interaction_01.png","rotation":270,"name":"interaction","height":32},"compId":486},{"type":"Image","props":{"y":41.5,"x":40.2,"skin":"Room/room_blue_wall.png","rotation":90,"pivotY":8,"pivotX":41,"name":"wall","height":16.4},"compId":487},{"type":"Image","props":{"y":41.5,"x":40.5,"width":81,"skin":"Room/room_blue_color.png","rotation":-90,"pivotY":8,"pivotX":41,"name":"color","height":15},"compId":488},{"type":"Script","props":{"y":34,"x":23,"width":25,"label":"aisle","isSensor":true,"height":15,"runtime":"laya.physics.BoxCollider"},"compId":489},{"type":"Script","props":{"y":1,"x":0,"gravityScale":0,"bullet":true,"allowSleep":false,"allowRotation":false,"runtime":"laya.physics.RigidBody"},"compId":490},{"type":"Script","props":{"runtime":"script/Game/UIMain_Aisle.ts"},"compId":491},{"type":"Label","props":{"text":"label","name":"yanse","alpha":0},"compId":492},{"type":"Script","props":{"width":48,"label":"interaction","isSensor":true,"height":82,"runtime":"laya.physics.BoxCollider"},"compId":493}]},{"type":"Sprite","props":{"y":212,"x":91,"width":82,"pivotY":11,"pivotX":41,"name":"down_Aisle_01","height":48},"compId":503,"child":[{"type":"Image","props":{"y":47,"x":80,"skin":"Room/ui_interaction_01.png","rotation":180,"name":"interaction"},"compId":504},{"type":"Image","props":{"y":7,"x":41.5,"skin":"Room/room_blue_wall.png","rotation":0,"pivotY":8,"pivotX":41,"name":"wall","height":17},"compId":505},{"type":"Image","props":{"y":7,"x":41.5,"width":81,"skin":"Room/room_blue_color.png","rotation":180,"pivotY":8,"pivotX":41,"name":"color","height":15},"compId":506},{"type":"Script","props":{"y":-17,"x":-18,"width":66,"label":"aisle","isSensor":true,"height":51,"runtime":"laya.physics.BoxCollider"},"compId":507},{"type":"Script","props":{"gravityScale":0,"bullet":true,"allowSleep":false,"allowRotation":false,"runtime":"laya.physics.RigidBody"},"compId":508},{"type":"Script","props":{"runtime":"script/Game/UIMain_Aisle.ts"},"compId":509},{"type":"Label","props":{"text":"label","name":"yanse","alpha":0},"compId":510},{"type":"Script","props":{"y":0,"x":0,"width":82,"label":"interaction","isSensor":true,"height":48,"runtime":"laya.physics.BoxCollider"},"compId":511}]}]},{"type":"Image","props":{"y":894,"x":560,"width":259,"var":"Room1","skin":"Room/room_green.png","sizeGrid":"23,22,24,20","pivotY":108,"pivotX":134,"name":"Room1","height":216},"compId":93,"child":[{"type":"Script","props":{"y":0,"x":1,"width":257,"isSensor":false,"height":216,"friction":0.2,"density":-1,"runtime":"laya.physics.BoxCollider"},"compId":94},{"type":"Script","props":{"type":"dynamic","group":1,"gravityScale":0,"bullet":true,"allowSleep":false,"runtime":"laya.physics.RigidBody"},"compId":95},{"type":"Script","props":{"y":1,"x":0,"runtime":"script/Game/UIMain_Room.ts"},"compId":102},{"type":"Sprite","props":{"y":-7,"x":244,"width":15,"name":"right_Wall","height":223},"compId":103,"child":[{"type":"Script","props":{"y":91,"x":-1,"width":16,"label":"wall","isSensor":true,"height":137,"runtime":"laya.physics.BoxCollider"},"compId":104},{"type":"Script","props":{"gravityScale":0,"bullet":true,"allowSleep":false,"runtime":"laya.physics.RigidBody"},"compId":105}]},{"type":"Sprite","props":{"y":46,"x":95,"texture":"Room/ui_window.png"},"compId":325},{"type":"Sprite","props":{"y":201,"x":-3,"width":270,"name":"Floor_01_Room1","height":16},"compId":345,"child":[{"type":"Script","props":{"y":0,"x":2,"width":264,"label":"floor","isSensor":true,"height":16,"runtime":"laya.physics.BoxCollider"},"compId":346},{"type":"Script","props":{"gravityScale":0,"bullet":true,"allowSleep":false,"allowRotation":true,"runtime":"laya.physics.RigidBody"},"compId":347}]},{"type":"Sprite","props":{"y":160,"x":2,"width":48,"pivotY":41,"pivotX":35,"name":"left_Aisle_01","height":82},"compId":494,"child":[{"type":"Image","props":{"y":80,"x":0.5,"width":78,"skin":"Room/ui_interaction_01.png","rotation":270,"name":"interaction","height":32},"compId":495},{"type":"Image","props":{"y":41.5,"x":40.5,"skin":"Room/room_blue_wall.png","rotation":90,"pivotY":8,"pivotX":41,"name":"wall","height":16.8},"compId":496},{"type":"Image","props":{"y":41.5,"x":40.5,"width":81,"skin":"Room/room_blue_color.png","rotation":-90,"pivotY":8,"pivotX":41,"name":"color","height":15},"compId":497},{"type":"Script","props":{"y":34,"x":23,"width":25,"label":"aisle","isSensor":true,"height":15,"runtime":"laya.physics.BoxCollider"},"compId":498},{"type":"Script","props":{"y":1,"x":0,"gravityScale":0,"bullet":true,"allowSleep":false,"allowRotation":false,"runtime":"laya.physics.RigidBody"},"compId":499},{"type":"Script","props":{"runtime":"script/Game/UIMain_Aisle.ts"},"compId":500},{"type":"Label","props":{"text":"label","name":"yanse","alpha":0},"compId":501},{"type":"Script","props":{"width":48,"label":"interaction","isSensor":true,"height":82,"runtime":"laya.physics.BoxCollider"},"compId":502}]}]},{"type":"Sprite","props":{"y":592,"x":177,"width":60,"pivotY":24,"pivotX":30,"name":"moveDog_01","height":48},"compId":444,"child":[{"type":"Image","props":{"y":25,"x":31,"width":60,"skin":"UI/1.png","pivotY":24,"pivotX":30,"name":"pic","height":47},"compId":445},{"type":"Script","props":{"y":-14,"x":9,"width":42,"label":"dog","isSensor":true,"height":63,"runtime":"laya.physics.BoxCollider"},"compId":446},{"type":"Script","props":{"gravityScale":0,"allowSleep":false,"allowRotation":false,"runtime":"laya.physics.RigidBody"},"compId":447},{"type":"Script","props":{"runtime":"script/Game/UIMain_Dog.ts"},"compId":448}]},{"type":"Sprite","props":{"y":761,"x":98,"width":57,"var":"Wangzi","pivotY":35,"pivotX":29,"name":"Wangzi","height":69},"compId":524,"child":[{"type":"Image","props":{"y":34,"x":29,"width":57,"skin":"UI/2.png","scaleX":-1,"pivotY":35,"pivotX":29,"name":"pic","height":70},"compId":525},{"type":"Script","props":{"width":57,"label":"wangzi","isSensor":true,"height":69,"runtime":"laya.physics.BoxCollider"},"compId":526},{"type":"Script","props":{"gravityScale":0,"allowSleep":true,"allowRotation":true,"runtime":"laya.physics.RigidBody"},"compId":527},{"type":"Script","props":{"runtime":"script/Game/UIMain_Wangzi.ts"},"compId":528}]},{"type":"Sprite","props":{"y":959.5,"x":474.5,"width":51,"var":"Gongzhu","rotation":0,"pivotY":32,"pivotX":26,"name":"Gongzhu","height":63},"compId":529,"child":[{"type":"Script","props":{"y":0,"x":6,"width":40,"label":"gongzhu","isSensor":true,"height":66,"runtime":"laya.physics.BoxCollider"},"compId":530},{"type":"Script","props":{"gravityScale":0,"allowSleep":false,"allowRotation":false,"runtime":"laya.physics.RigidBody"},"compId":531},{"type":"Image","props":{"y":23,"x":20,"width":52,"skin":"UI/3.png","pivotY":35,"pivotX":24,"name":"pic","height":70},"compId":532},{"type":"Script","props":{"runtime":"script/Game/UIMain_Gongzhu.ts"},"compId":533}]}],"loadList":["UI_new/conmmon/bg_yeloow.png","Room/room_yellow.png","Room/ui_ladder.png","UI/e14425d4-bce1-4a10-84a3-76fb55fa32e5.png","Room/ui_bookrack.png","UI/1.png","Room/ui_interaction_01.png","Room/room_blue_wall.png","Room/room_blue_color.png","Room/stick.png","Room/room_red.png","UI/ec8071c1-4577-4d6c-9231-2357a90145b1.png","Room/ui_window.png","Room/room_green.png","UI/2.png","UI/3.png"],"loadList3D":[]}