{"type":"View","props":{"width":720,"height":1280},"compId":2,"child":[{"type":"Image","props":{"y":0,"x":0,"width":720,"var":"background","skin":"UI_new/conmmon/bg_yeloow.png","name":"background","height":1280},"compId":3},{"type":"Image","props":{"y":540,"x":571,"width":264,"var":"Room2","skin":"Room/room_green.png","sizeGrid":"23,22,24,20","pivotY":87,"pivotX":132,"name":"Room2","height":173},"compId":4,"child":[{"type":"Script","props":{"y":1,"x":2,"width":260,"isSensor":false,"height":171,"friction":0.2,"density":-1,"runtime":"laya.physics.BoxCollider"},"compId":5},{"type":"Script","props":{"type":"dynamic","gravityScale":0,"allowSleep":false,"allowRotation":false,"runtime":"laya.physics.RigidBody"},"compId":6},{"type":"Sprite","props":{"y":0,"x":249,"width":14,"name":"left_Wall","height":170},"compId":11,"child":[{"type":"Script","props":{"y":0,"x":0,"width":14,"label":"wall","isSensor":true,"height":170,"runtime":"laya.physics.BoxCollider"},"compId":12},{"type":"Script","props":{"gravityScale":0,"bullet":true,"allowSleep":false,"runtime":"laya.physics.RigidBody"},"compId":13}]},{"type":"Script","props":{"runtime":"script/Game/UIMain_Room.ts"},"compId":14},{"type":"Sprite","props":{"y":158,"x":22,"width":240,"name":"Floor_01_Room2","height":14},"compId":118,"child":[{"type":"Image","props":{"skin":"UI/75b774cd-5d5f-4c0d-8bd0-7ec4d388c85d.png","alpha":0},"compId":95},{"type":"Script","props":{"y":0,"x":-21,"width":263,"label":"floor","isSensor":true,"height":14,"runtime":"laya.physics.BoxCollider"},"compId":102},{"type":"Script","props":{"gravityScale":0,"bullet":true,"allowSleep":false,"allowRotation":false,"runtime":"laya.physics.RigidBody"},"compId":103}]},{"type":"Sprite","props":{"y":40.5,"x":49,"texture":"Room/ui_window.png"},"compId":184},{"type":"Sprite","props":{"y":117,"x":1,"width":48,"pivotY":41,"pivotX":33,"name":"left_Aisle_01","height":82},"compId":441,"child":[{"type":"Image","props":{"y":80,"x":0.5,"width":78,"skin":"Room/ui_interaction_01.png","rotation":270,"name":"interaction","height":32},"compId":442},{"type":"Image","props":{"y":41.5,"x":40,"skin":"Room/room_blue_wall.png","rotation":90,"pivotY":8,"pivotX":41,"name":"wall","height":16},"compId":443},{"type":"Image","props":{"y":41.5,"x":40.5,"width":81,"skin":"Room/room_blue_color.png","rotation":-90,"pivotY":8,"pivotX":41,"name":"color","height":15},"compId":444},{"type":"Script","props":{"y":34,"x":23,"width":25,"label":"aisle","isSensor":true,"height":15,"runtime":"laya.physics.BoxCollider"},"compId":445},{"type":"Script","props":{"y":1,"x":0,"gravityScale":0,"bullet":true,"allowSleep":false,"allowRotation":false,"runtime":"laya.physics.RigidBody"},"compId":446},{"type":"Script","props":{"runtime":"script/Game/UIMain_Aisle.ts"},"compId":447},{"type":"Label","props":{"text":"label","name":"yanse","alpha":0},"compId":448},{"type":"Script","props":{"width":48,"label":"interaction","isSensor":true,"height":82,"runtime":"laya.physics.BoxCollider"},"compId":449}]}]},{"type":"Script","props":{"y":0,"x":0,"runtime":"script/Game/UIMain.ts"},"compId":55},{"type":"Image","props":{"y":1000,"x":305,"width":448,"skin":"Room/room_blue.png","sizeGrid":"23,22,24,20","pivotY":172,"pivotX":224,"name":"Room3","height":343},"compId":185,"child":[{"type":"Script","props":{"y":0,"x":1,"width":445,"isSensor":false,"height":342,"friction":0.2,"density":-1,"runtime":"laya.physics.BoxCollider"},"compId":186},{"type":"Script","props":{"type":"dynamic","gravityScale":0,"allowSleep":false,"allowRotation":false,"runtime":"laya.physics.RigidBody"},"compId":187},{"type":"Sprite","props":{"y":168,"x":21,"width":210,"name":"Floor_02_Room3","height":14},"compId":387,"child":[{"type":"Image","props":{"y":0,"x":219,"width":227,"skin":"Room/room_blue_floor_02.png","sizeGrid":"0,5,0,7","scaleX":-1,"height":14,"alpha":1},"compId":388},{"type":"Script","props":{"y":-1,"x":-19,"width":240,"label":"floor","isSensor":true,"height":22,"runtime":"laya.physics.BoxCollider"},"compId":389},{"type":"Script","props":{"y":0,"x":0,"width":1,"height":1,"gravityScale":0,"bullet":true,"allowSleep":false,"allowRotation":false,"runtime":"laya.physics.RigidBody"},"compId":390}]},{"type":"Script","props":{"runtime":"script/Game/UIMain_Room.ts"},"compId":211},{"type":"Sprite","props":{"y":4.5,"x":432,"width":14,"name":"right_Wall","height":337},"compId":212,"child":[{"type":"Script","props":{"y":0,"x":0,"width":14,"label":"wall","isSensor":true,"height":338,"runtime":"laya.physics.BoxCollider"},"compId":213},{"type":"Script","props":{"gravityScale":0,"bullet":true,"allowSleep":false,"runtime":"laya.physics.RigidBody"},"compId":214}]},{"type":"Sprite","props":{"y":328,"x":24,"width":240,"name":"Floor_01_Room3","height":14},"compId":405,"child":[{"type":"Image","props":{"skin":"UI/75b774cd-5d5f-4c0d-8bd0-7ec4d388c85d.png","alpha":0},"compId":406},{"type":"Script","props":{"y":0,"x":-21,"width":444,"label":"floor","isSensor":true,"height":14,"runtime":"laya.physics.BoxCollider"},"compId":407},{"type":"Script","props":{"gravityScale":0,"bullet":true,"allowSleep":false,"allowRotation":false,"runtime":"laya.physics.RigidBody"},"compId":408}]},{"type":"Sprite","props":{"y":283.5,"x":98,"width":92,"pivotY":45,"pivotX":46,"name":"doghouse","height":89},"compId":418,"child":[{"type":"Image","props":{"y":0,"x":0,"skin":"Room/ui_doghouse_01.png","name":"house"},"compId":419},{"type":"Image","props":{"y":-10,"x":69,"visible":false,"skin":"Room/ui_doghouse_02.png","name":"sleepPic","alpha":1},"compId":420},{"type":"Script","props":{"width":92,"label":"doghouse","isSensor":true,"height":89,"runtime":"laya.physics.BoxCollider"},"compId":421},{"type":"Script","props":{"gravityScale":0,"allowSleep":false,"allowRotation":false,"runtime":"laya.physics.RigidBody"},"compId":422}]},{"type":"Sprite","props":{"y":127,"x":1,"width":48,"pivotY":41,"pivotX":33,"name":"left_Aisle_01","height":82},"compId":423,"child":[{"type":"Image","props":{"y":80,"x":0.5,"width":78,"skin":"Room/ui_interaction_01.png","rotation":270,"name":"interaction","height":32},"compId":424},{"type":"Image","props":{"y":41.5,"x":40,"skin":"Room/room_blue_wall.png","rotation":90,"pivotY":8,"pivotX":41,"name":"wall","height":16},"compId":425},{"type":"Image","props":{"y":41.5,"x":40.5,"width":81,"skin":"Room/room_blue_color.png","rotation":-90,"pivotY":8,"pivotX":41,"name":"color","height":15},"compId":426},{"type":"Script","props":{"y":34,"x":23,"width":25,"label":"aisle","isSensor":true,"height":15,"runtime":"laya.physics.BoxCollider"},"compId":427},{"type":"Script","props":{"y":1,"x":0,"gravityScale":0,"bullet":true,"allowSleep":false,"allowRotation":false,"runtime":"laya.physics.RigidBody"},"compId":428},{"type":"Script","props":{"runtime":"script/Game/UIMain_Aisle.ts"},"compId":429},{"type":"Label","props":{"text":"label","name":"yanse","alpha":0},"compId":430},{"type":"Script","props":{"width":48,"label":"interaction","isSensor":true,"height":82,"runtime":"laya.physics.BoxCollider"},"compId":431}]}]},{"type":"Image","props":{"y":355,"x":222,"width":317,"var":"Room1","skin":"Room/room_purple.png","sizeGrid":"23,22,24,20","pivotY":100,"pivotX":159,"name":"Room1","height":199},"compId":15,"child":[{"type":"Script","props":{"y":0,"x":0,"width":316,"isSensor":false,"height":199,"friction":0.2,"density":-1,"runtime":"laya.physics.BoxCollider"},"compId":16},{"type":"Script","props":{"type":"dynamic","group":1,"gravityScale":0,"bullet":true,"allowSleep":false,"runtime":"laya.physics.RigidBody"},"compId":17},{"type":"Script","props":{"y":1,"x":0,"runtime":"script/Game/UIMain_Room.ts"},"compId":22},{"type":"Sprite","props":{"y":125,"x":132,"texture":"Room/ui_sofa.png"},"compId":323},{"type":"Sprite","props":{"y":182,"x":2,"width":311,"name":"Floor_02_Room1","height":17},"compId":104,"child":[{"type":"Image","props":{"y":102,"x":2,"width":296,"height":14,"alpha":0},"compId":105},{"type":"Script","props":{"y":1,"x":2,"width":311,"label":"floor","isSensor":true,"height":15,"runtime":"laya.physics.BoxCollider"},"compId":106},{"type":"Script","props":{"gravityScale":0,"allowSleep":false,"allowRotation":false,"runtime":"laya.physics.RigidBody"},"compId":107}]},{"type":"Sprite","props":{"y":42,"x":222,"texture":"Room/ui_window.png"},"compId":324},{"type":"Sprite","props":{"y":48.5,"x":41,"texture":"Room/ui_bookrack.png"},"compId":325},{"type":"Sprite","props":{"y":0,"x":0,"width":14,"name":"left_Wall","height":197},"compId":336,"child":[{"type":"Script","props":{"y":0,"x":0,"width":14,"label":"wall","isSensor":true,"height":196,"runtime":"laya.physics.BoxCollider"},"compId":337},{"type":"Script","props":{"gravityScale":0,"bullet":true,"allowSleep":false,"runtime":"laya.physics.RigidBody"},"compId":338}]},{"type":"Sprite","props":{"y":142,"x":316,"width":48,"pivotY":41,"pivotX":14,"name":"right_Aisle_01","height":82},"compId":409,"child":[{"type":"Image","props":{"y":2,"x":47,"width":78,"skin":"Room/ui_interaction_01.png","rotation":90,"name":"interaction","height":32},"compId":410},{"type":"Image","props":{"y":42,"x":7.7,"width":81,"skin":"Room/room_blue_wall.png","rotation":90,"pivotY":8,"pivotX":41,"name":"wall","height":16.4},"compId":411},{"type":"Image","props":{"y":41.5,"x":7.5,"skin":"Room/room_blue_color.png","rotation":90,"pivotY":8,"pivotX":41,"name":"color"},"compId":412},{"type":"Script","props":{"y":34,"x":0,"width":25,"label":"aisle","isSensor":true,"height":15,"runtime":"laya.physics.BoxCollider"},"compId":413},{"type":"Script","props":{"gravityScale":0,"bullet":true,"allowSleep":false,"allowRotation":false,"runtime":"laya.physics.RigidBody"},"compId":414},{"type":"Script","props":{"runtime":"script/Game/UIMain_Aisle.ts"},"compId":415},{"type":"Label","props":{"text":"label","name":"yanse","alpha":0},"compId":416},{"type":"Script","props":{"width":48,"label":"interaction","isSensor":true,"height":82,"runtime":"laya.physics.BoxCollider"},"compId":417}]}]},{"type":"Sprite","props":{"y":417,"x":186,"width":60,"pivotY":24,"pivotX":30,"name":"moveDog_01","height":48},"compId":291,"child":[{"type":"Image","props":{"y":25,"x":31,"width":60,"skin":"UI/1.png","pivotY":24,"pivotX":30,"name":"pic","height":47},"compId":292},{"type":"Script","props":{"y":-11,"x":9,"width":42,"label":"dog","isSensor":true,"height":64,"runtime":"laya.physics.BoxCollider"},"compId":293},{"type":"Script","props":{"gravityScale":0,"allowSleep":false,"allowRotation":false,"runtime":"laya.physics.RigidBody"},"compId":294},{"type":"Script","props":{"runtime":"script/Game/UIMain_Dog.ts"},"compId":295}]},{"type":"Sprite","props":{"y":417.5,"x":255,"width":60,"pivotY":24,"pivotX":30,"name":"moveDog_02","height":48},"compId":309,"child":[{"type":"Image","props":{"y":25,"x":31,"width":60,"skin":"UI/1.png","pivotY":24,"pivotX":30,"name":"pic","height":47},"compId":310},{"type":"Script","props":{"y":-11,"x":9,"width":42,"label":"dog","isSensor":true,"height":64,"runtime":"laya.physics.BoxCollider"},"compId":311},{"type":"Script","props":{"gravityScale":0,"allowSleep":false,"allowRotation":false,"runtime":"laya.physics.RigidBody"},"compId":312},{"type":"Script","props":{"runtime":"script/Game/UIMain_Dog.ts"},"compId":313}]},{"type":"Sprite","props":{"y":586,"x":604,"width":51,"var":"Gongzhu","rotation":0,"pivotY":32,"pivotX":26,"name":"Gongzhu","height":63},"compId":453,"child":[{"type":"Script","props":{"y":0,"x":6,"width":40,"label":"gongzhu","isSensor":true,"height":66,"runtime":"laya.physics.BoxCollider"},"compId":454},{"type":"Script","props":{"gravityScale":0,"allowSleep":false,"allowRotation":false,"runtime":"laya.physics.RigidBody"},"compId":455},{"type":"Image","props":{"y":23,"x":20,"width":52,"skin":"UI/3.png","pivotY":35,"pivotX":24,"name":"pic","height":70},"compId":456},{"type":"Script","props":{"runtime":"script/Game/UIMain_Gongzhu.ts"},"compId":457}]},{"type":"Sprite","props":{"y":1128,"x":455,"width":57,"var":"Wangzi","pivotY":35,"pivotX":29,"name":"Wangzi","height":69},"compId":458,"child":[{"type":"Image","props":{"y":34,"x":29,"width":57,"skin":"UI/2.png","scaleX":-1,"pivotY":35,"pivotX":29,"name":"pic","height":70},"compId":459},{"type":"Script","props":{"width":57,"label":"wangzi","isSensor":true,"height":69,"runtime":"laya.physics.BoxCollider"},"compId":460},{"type":"Script","props":{"gravityScale":0,"allowSleep":true,"allowRotation":true,"runtime":"laya.physics.RigidBody"},"compId":461},{"type":"Script","props":{"runtime":"script/Game/UIMain_Wangzi.ts"},"compId":462}]}],"loadList":["UI_new/conmmon/bg_yeloow.png","Room/room_green.png","UI/75b774cd-5d5f-4c0d-8bd0-7ec4d388c85d.png","Room/ui_window.png","Room/ui_interaction_01.png","Room/room_blue_wall.png","Room/room_blue_color.png","Room/room_blue.png","Room/room_blue_floor_02.png","Room/ui_doghouse_01.png","Room/ui_doghouse_02.png","Room/room_purple.png","Room/ui_sofa.png","Room/ui_bookrack.png","UI/1.png","UI/3.png","UI/2.png"],"loadList3D":[]}