{"type":"View","props":{"width":720,"name":"UIMain_007","height":1280},"compId":2,"child":[{"type":"Image","props":{"y":0,"x":0,"width":720,"var":"background","skin":"UI_new/conmmon/bg_yeloow.png","name":"background","height":1280},"compId":3},{"type":"Image","props":{"y":565,"x":561,"width":264,"var":"Room2","skin":"Room/room_green.png","sizeGrid":"23,22,24,20","pivotY":142,"pivotX":132,"name":"Room2","height":284},"compId":4,"child":[{"type":"Script","props":{"y":1,"x":2,"width":260,"isSensor":false,"height":281,"friction":0.2,"density":-1,"runtime":"laya.physics.BoxCollider"},"compId":5},{"type":"Script","props":{"type":"dynamic","gravityScale":0,"allowSleep":false,"allowRotation":false,"runtime":"laya.physics.RigidBody"},"compId":6},{"type":"Sprite","props":{"y":0,"x":249,"width":14,"name":"left_Wall","height":272},"compId":11,"child":[{"type":"Script","props":{"y":0,"x":0,"width":14,"label":"wall","isSensor":true,"height":274,"runtime":"laya.physics.BoxCollider"},"compId":12},{"type":"Script","props":{"gravityScale":0,"bullet":true,"allowSleep":false,"runtime":"laya.physics.RigidBody"},"compId":13}]},{"type":"Script","props":{"runtime":"script/Game/UIMain_Room.ts"},"compId":14},{"type":"Sprite","props":{"y":269,"x":21,"width":240,"presetID":1,"name":"Floor_01_Room2","height":14},"compId":118,"child":[{"type":"Image","props":{"skin":"UI/75b774cd-5d5f-4c0d-8bd0-7ec4d388c85d.png","presetID":2,"alpha":0},"compId":95},{"type":"Script","props":{"y":0,"x":-21,"width":263,"presetID":3,"label":"floor","isSensor":true,"height":14,"runtime":"laya.physics.BoxCollider"},"compId":102},{"type":"Script","props":{"presetID":4,"gravityScale":0,"bullet":true,"allowSleep":false,"allowRotation":false,"runtime":"laya.physics.RigidBody"},"compId":103}]},{"type":"Sprite","props":{"y":91,"x":48,"texture":"UI/2506dece-73cb-413b-93fd-6203f881c8d7.png"},"compId":184},{"type":"Sprite","props":{"y":194,"x":169,"texture":"UI/e557da62-7068-4f1c-9cff-b0b7bdc059d3.png"},"compId":243},{"type":"Sprite","props":{"y":228,"x":1,"width":48,"pivotY":41,"pivotX":33,"name":"left_Aisle_01","height":82},"compId":290,"child":[{"type":"Image","props":{"y":80,"x":0.5,"width":78,"skin":"Room/ui_interaction_01.png","rotation":270,"name":"interaction","height":32},"compId":291},{"type":"Image","props":{"y":41.5,"x":40,"width":81,"skin":"Room/room_blue_wall.png","rotation":90,"pivotY":8,"pivotX":41,"name":"wall","height":16},"compId":292},{"type":"Image","props":{"y":41.5,"x":40.5,"width":81,"skin":"Room/room_blue_color.png","rotation":-90,"pivotY":8,"pivotX":41,"name":"color","height":15},"compId":293},{"type":"Script","props":{"y":34,"x":23,"width":25,"label":"aisle","isSensor":true,"height":15,"runtime":"laya.physics.BoxCollider"},"compId":294},{"type":"Script","props":{"y":1,"x":0,"gravityScale":0,"bullet":true,"allowSleep":false,"allowRotation":false,"runtime":"laya.physics.RigidBody"},"compId":295},{"type":"Script","props":{"runtime":"script/Game/UIMain_Aisle.ts"},"compId":296},{"type":"Label","props":{"text":"label","name":"yanse","alpha":0},"compId":297},{"type":"Script","props":{"width":48,"label":"interaction","isSensor":true,"height":82,"runtime":"laya.physics.BoxCollider"},"compId":298}]}]},{"type":"Image","props":{"y":430,"x":195.5,"width":275,"var":"Room1","skin":"Room/room_bluish.png","sizeGrid":"23,22,24,20","pivotY":155,"pivotX":138,"name":"Room1","height":310},"compId":15,"child":[{"type":"Script","props":{"y":0,"x":1,"width":275,"isSensor":false,"height":309,"friction":0.2,"density":-1,"runtime":"laya.physics.BoxCollider"},"compId":16},{"type":"Script","props":{"type":"dynamic","group":1,"gravityScale":0,"bullet":true,"allowSleep":false,"runtime":"laya.physics.RigidBody"},"compId":17},{"type":"Script","props":{"y":1,"x":0,"runtime":"script/Game/UIMain_Room.ts"},"compId":22},{"type":"Sprite","props":{"y":293,"x":0,"width":277,"name":"Floor_02_Room1","height":17},"compId":104,"child":[{"type":"Image","props":{"y":102,"x":2,"width":296,"height":14,"alpha":0},"compId":105},{"type":"Script","props":{"y":1,"x":2,"width":272,"label":"floor","isSensor":true,"height":15,"runtime":"laya.physics.BoxCollider"},"compId":106},{"type":"Script","props":{"gravityScale":0,"allowSleep":false,"allowRotation":false,"runtime":"laya.physics.RigidBody"},"compId":107}]},{"type":"Sprite","props":{"y":263,"x":139.5,"width":27,"pivotY":29,"pivotX":14,"name":"Stick","height":58},"compId":268,"child":[{"type":"Image","props":{"y":9,"x":12.5,"width":22,"skin":"Room/stick.png","pivotY":31,"pivotX":10,"height":78},"compId":269},{"type":"Script","props":{"y":-21,"x":0,"width":27,"label":"stick","isSensor":true,"height":79,"runtime":"laya.physics.BoxCollider"},"compId":270},{"type":"Script","props":{"gravityScale":0,"bullet":true,"allowSleep":false,"allowRotation":false,"runtime":"laya.physics.RigidBody"},"compId":271}]},{"type":"Sprite","props":{"y":252,"x":0,"width":48,"pivotY":41,"pivotX":33,"name":"left_Aisle_01","height":82},"compId":272,"child":[{"type":"Image","props":{"y":80,"x":0.5,"width":78,"skin":"Room/ui_interaction_01.png","rotation":270,"name":"interaction","height":32},"compId":273},{"type":"Image","props":{"y":41.5,"x":40.4,"width":81,"skin":"Room/room_blue_wall.png","rotation":90,"pivotY":8,"pivotX":41,"name":"wall","height":16.4},"compId":274},{"type":"Image","props":{"y":41.5,"x":40.5,"width":81,"skin":"Room/room_blue_color.png","rotation":-90,"pivotY":8,"pivotX":41,"name":"color","height":15},"compId":275},{"type":"Script","props":{"y":34,"x":23,"width":25,"label":"aisle","isSensor":true,"height":15,"runtime":"laya.physics.BoxCollider"},"compId":276},{"type":"Script","props":{"y":1,"x":0,"gravityScale":0,"bullet":true,"allowSleep":false,"allowRotation":false,"runtime":"laya.physics.RigidBody"},"compId":277},{"type":"Script","props":{"runtime":"script/Game/UIMain_Aisle.ts"},"compId":278},{"type":"Label","props":{"text":"label","name":"yanse","alpha":0},"compId":279},{"type":"Script","props":{"width":48,"label":"interaction","isSensor":true,"height":82,"runtime":"laya.physics.BoxCollider"},"compId":280}]},{"type":"Sprite","props":{"y":253,"x":274,"width":48,"pivotY":41,"pivotX":14,"name":"right_Aisle_01","height":82},"compId":281,"child":[{"type":"Image","props":{"y":2,"x":47,"width":78,"skin":"Room/ui_interaction_01.png","rotation":90,"name":"interaction","height":32},"compId":282},{"type":"Image","props":{"y":42,"x":7.6,"width":81,"skin":"Room/room_blue_wall.png","rotation":90,"pivotY":8,"pivotX":41,"name":"wall","height":16.4},"compId":283},{"type":"Image","props":{"y":41.5,"x":7.5,"skin":"Room/room_blue_color.png","rotation":90,"pivotY":8,"pivotX":41,"name":"color"},"compId":284},{"type":"Script","props":{"y":34,"x":0,"width":25,"label":"aisle","isSensor":true,"height":15,"runtime":"laya.physics.BoxCollider"},"compId":285},{"type":"Script","props":{"gravityScale":0,"bullet":true,"allowSleep":false,"allowRotation":false,"runtime":"laya.physics.RigidBody"},"compId":286},{"type":"Script","props":{"runtime":"script/Game/UIMain_Aisle.ts"},"compId":287},{"type":"Label","props":{"text":"label","name":"yanse","alpha":0},"compId":288},{"type":"Script","props":{"width":48,"label":"interaction","isSensor":true,"height":82,"runtime":"laya.physics.BoxCollider"},"compId":289}]}]},{"type":"Script","props":{"y":0,"x":0,"runtime":"script/Game/UIMain.ts"},"compId":55},{"type":"Image","props":{"y":866,"x":311,"width":319,"skin":"Room/room_blue.png","sizeGrid":"23,22,24,20","pivotY":111,"pivotX":160,"name":"Room3","height":222},"compId":185,"child":[{"type":"Script","props":{"y":0,"x":0,"width":318,"isSensor":false,"height":221,"friction":0.2,"density":-1,"runtime":"laya.physics.BoxCollider"},"compId":186},{"type":"Script","props":{"type":"dynamic","gravityScale":0,"allowSleep":false,"allowRotation":false,"runtime":"laya.physics.RigidBody"},"compId":187},{"type":"Sprite","props":{"y":207,"x":5,"width":312,"name":"Floor_01_Room3","height":14},"compId":207,"child":[{"type":"Image","props":{"y":0,"x":-7,"width":285,"skin":"UI/75b774cd-5d5f-4c0d-8bd0-7ec4d388c85d.png","height":14,"alpha":0},"compId":208},{"type":"Script","props":{"y":0,"x":-7,"width":321,"label":"floor","isSensor":true,"height":15,"runtime":"laya.physics.BoxCollider"},"compId":209},{"type":"Script","props":{"gravityScale":0,"bullet":true,"allowSleep":false,"allowRotation":false,"runtime":"laya.physics.RigidBody"},"compId":210}]},{"type":"Script","props":{"runtime":"script/Game/UIMain_Room.ts"},"compId":211},{"type":"Sprite","props":{"y":0,"x":0,"width":14,"name":"right_Wall","height":222},"compId":212,"child":[{"type":"Script","props":{"y":0,"x":0,"width":14,"label":"wall","isSensor":true,"height":221,"runtime":"laya.physics.BoxCollider"},"compId":213},{"type":"Script","props":{"gravityScale":0,"bullet":true,"allowSleep":false,"runtime":"laya.physics.RigidBody"},"compId":214}]},{"type":"Sprite","props":{"y":167,"x":318,"width":48,"pivotY":41,"pivotX":14,"name":"right_Aisle_01","height":82},"compId":308,"child":[{"type":"Image","props":{"y":2,"x":47,"width":78,"skin":"Room/ui_interaction_01.png","rotation":90,"name":"interaction","height":32},"compId":309},{"type":"Image","props":{"y":42,"x":7.6,"width":81,"skin":"Room/room_blue_wall.png","rotation":90,"pivotY":8,"pivotX":41,"name":"wall","height":16.2},"compId":310},{"type":"Image","props":{"y":41.5,"x":7.5,"skin":"Room/room_blue_color.png","rotation":90,"pivotY":8,"pivotX":41,"name":"color"},"compId":311},{"type":"Script","props":{"y":34,"x":0,"width":25,"label":"aisle","isSensor":true,"height":15,"runtime":"laya.physics.BoxCollider"},"compId":312},{"type":"Script","props":{"gravityScale":0,"bullet":true,"allowSleep":false,"allowRotation":false,"runtime":"laya.physics.RigidBody"},"compId":313},{"type":"Script","props":{"runtime":"script/Game/UIMain_Aisle.ts"},"compId":314},{"type":"Label","props":{"text":"label","name":"yanse","alpha":0},"compId":315},{"type":"Script","props":{"width":48,"label":"interaction","isSensor":true,"height":82,"runtime":"laya.physics.BoxCollider"},"compId":316}]},{"type":"Sprite","props":{"y":183,"x":131,"width":60,"pivotY":24,"pivotX":30,"name":"staticDog_01","height":48},"compId":321,"child":[{"type":"Image","props":{"y":25,"x":28,"width":60,"skin":"UI/1.png","scaleX":-1,"pivotY":24,"pivotX":30,"name":"pic","height":47},"compId":322},{"type":"Script","props":{"y":0,"x":9,"width":42,"label":"dog","isSensor":true,"height":48,"runtime":"laya.physics.BoxCollider"},"compId":323},{"type":"Script","props":{"gravityScale":0,"allowSleep":false,"allowRotation":false,"runtime":"laya.physics.RigidBody"},"compId":324},{"type":"Script","props":{"runtime":"script/Game/UIMain_StaticDog.ts"},"compId":326}]}]},{"type":"Sprite","props":{"y":667,"x":591,"width":47,"var":"Gongzhu","rotation":0,"pivotY":32,"pivotX":26,"name":"Gongzhu","height":63},"compId":56,"child":[{"type":"Script","props":{"y":0,"x":6,"width":40,"label":"gongzhu","isSensor":true,"height":66,"runtime":"laya.physics.BoxCollider"},"compId":58},{"type":"Script","props":{"gravityScale":0,"allowSleep":false,"allowRotation":false,"runtime":"laya.physics.RigidBody"},"compId":59},{"type":"Image","props":{"y":23,"x":20,"width":52,"skin":"UI_new/GameStart/person_gongzhu.png","pivotY":35,"pivotX":24,"name":"pic","height":70},"compId":134},{"type":"Script","props":{"runtime":"script/Game/UIMain_Gongzhu.ts"},"compId":348}]},{"type":"Sprite","props":{"y":929,"x":213,"width":57,"var":"Wangzi","pivotY":35,"pivotX":29,"name":"Wangzi","height":69},"compId":342,"child":[{"type":"Image","props":{"y":34,"x":29,"width":57,"skin":"UI/2.png","scaleX":-1,"pivotY":35,"pivotX":29,"name":"pic","height":70},"compId":343},{"type":"Script","props":{"y":0,"x":0,"width":57,"label":"wangzi","isSensor":true,"height":77,"runtime":"laya.physics.BoxCollider"},"compId":344},{"type":"Script","props":{"gravityScale":0,"allowSleep":true,"allowRotation":true,"runtime":"laya.physics.RigidBody"},"compId":345},{"type":"Script","props":{"runtime":"script/Game/UIMain_Wangzi.ts"},"compId":346}]}],"loadList":["UI_new/conmmon/bg_yeloow.png","Room/room_green.png","prefab/Floor.prefab","UI/75b774cd-5d5f-4c0d-8bd0-7ec4d388c85d.png","UI/2506dece-73cb-413b-93fd-6203f881c8d7.png","UI/e557da62-7068-4f1c-9cff-b0b7bdc059d3.png","Room/ui_interaction_01.png","Room/room_blue_wall.png","Room/room_blue_color.png","Room/room_bluish.png","Room/stick.png","Room/room_blue.png","UI/1.png","UI_new/GameStart/person_gongzhu.png","UI/2.png"],"loadList3D":[]}