{"type":"View","props":{"width":720,"height":1280},"compId":2,"child":[{"type":"Image","props":{"y":0,"x":0,"width":720,"var":"background","skin":"UI_new/conmmon/bg_yeloow.png","name":"background","height":1280},"compId":3},{"type":"Image","props":{"y":698,"x":205,"width":341,"var":"Room2","skin":"Room/room_purple.png","sizeGrid":"23,22,24,20","pivotY":109,"pivotX":171,"name":"Room2","height":217},"compId":4,"child":[{"type":"Script","props":{"y":1,"x":1,"width":339,"isSensor":false,"height":213,"friction":0.2,"density":-1,"runtime":"laya.physics.BoxCollider"},"compId":5},{"type":"Script","props":{"type":"dynamic","gravityScale":0,"allowSleep":false,"allowRotation":false,"runtime":"laya.physics.RigidBody"},"compId":6},{"type":"Sprite","props":{"y":111,"x":249,"width":71,"pivotY":96,"pivotX":36,"name":"ladder_01","height":192},"compId":236,"child":[{"type":"Sprite","props":{"y":37,"x":12,"texture":"Room/ui_ladder.png"},"compId":237},{"type":"Sprite","props":{"y":-1,"x":12,"texture":"Room/ui_ladder.png"},"compId":238},{"type":"Sprite","props":{"y":73,"x":12,"texture":"Room/ui_ladder.png"},"compId":239},{"type":"Sprite","props":{"y":111,"x":12,"texture":"Room/ui_ladder.png"},"compId":240},{"type":"Sprite","props":{"y":149,"x":12,"width":47,"texture":"Room/ui_ladder.png","height":38},"compId":241},{"type":"Script","props":{"y":-3,"x":25,"width":21,"label":"ladder","isSensor":true,"height":190,"runtime":"laya.physics.BoxCollider"},"compId":242},{"type":"Script","props":{"gravityScale":0,"bullet":true,"allowSleep":false,"allowRotation":false,"runtime":"laya.physics.RigidBody"},"compId":243}]},{"type":"Sprite","props":{"y":91,"x":326,"width":14,"name":"left_Wall","height":120},"compId":7,"child":[{"type":"Script","props":{"y":13,"x":0,"width":14,"label":"wall","isSensor":true,"height":109,"runtime":"laya.physics.BoxCollider"},"compId":8},{"type":"Script","props":{"gravityScale":0,"bullet":true,"allowSleep":false,"runtime":"laya.physics.RigidBody"},"compId":9}]},{"type":"Sprite","props":{"y":202,"x":6,"width":334,"name":"Floor_01_Room2","height":14},"compId":17,"child":[{"type":"Image","props":{"y":0,"x":0,"width":186,"skin":"UI/ec8071c1-4577-4d6c-9231-2357a90145b1.png","sizeGrid":"0,4,0,8","height":14,"alpha":0},"compId":18},{"type":"Script","props":{"y":0,"x":-7,"width":342,"label":"floor","isSensor":true,"height":14,"runtime":"laya.physics.BoxCollider"},"compId":19},{"type":"Script","props":{"gravityScale":0,"bullet":true,"allowSleep":false,"allowRotation":false,"runtime":"laya.physics.RigidBody"},"compId":20}]},{"type":"Script","props":{"runtime":"script/Game/UIMain_Room.ts"},"compId":10},{"type":"Sprite","props":{"y":61,"x":1,"width":14,"name":"right_Wall","height":148},"compId":61,"child":[{"type":"Script","props":{"y":45,"x":0,"width":14,"label":"wall","isSensor":true,"height":107,"runtime":"laya.physics.BoxCollider"},"compId":62},{"type":"Script","props":{"gravityScale":0,"bullet":true,"allowSleep":false,"runtime":"laya.physics.RigidBody"},"compId":63}]},{"type":"Sprite","props":{"y":50,"x":102,"texture":"Room/ui_bookrack.png"},"compId":64},{"type":"Sprite","props":{"y":0,"x":249,"width":82,"pivotY":33,"pivotX":41,"name":"up_Aisle_01","height":48},"compId":325,"child":[{"type":"Image","props":{"y":1,"x":2,"skin":"Room/ui_interaction_01.png","rotation":0,"name":"interaction"},"compId":326},{"type":"Image","props":{"y":39.8,"x":41.5,"skin":"Room/room_blue_wall.png","rotation":0,"pivotY":8,"pivotX":41,"name":"wall","height":17.2},"compId":327},{"type":"Image","props":{"y":40,"x":41.5,"skin":"Room/room_blue_color.png","rotation":0,"pivotY":8,"pivotX":41,"name":"color"},"compId":328},{"type":"Script","props":{"y":22.5,"x":33,"width":15,"label":"aisle","isSensor":true,"height":25,"runtime":"laya.physics.BoxCollider"},"compId":329},{"type":"Script","props":{"gravityScale":0,"bullet":true,"allowSleep":false,"allowRotation":false,"runtime":"laya.physics.RigidBody"},"compId":330},{"type":"Script","props":{"runtime":"script/Game/UIMain_Aisle.ts"},"compId":331},{"type":"Label","props":{"text":"label","name":"yanse","alpha":0},"compId":332},{"type":"Script","props":{"y":0,"x":0,"width":82,"label":"interaction","isSensor":true,"height":48,"runtime":"laya.physics.BoxCollider"},"compId":333}]}]},{"type":"Script","props":{"runtime":"script/Game/UIMain.ts"},"compId":60},{"type":"Image","props":{"y":1025,"x":480,"width":316,"var":"Room1","skin":"Room/room_bluish.png","sizeGrid":"23,22,24,20","pivotY":108,"pivotX":158,"name":"Room1","height":216},"compId":93,"child":[{"type":"Script","props":{"y":1,"x":1,"width":316,"isSensor":false,"height":215,"friction":0.2,"density":-1,"runtime":"laya.physics.BoxCollider"},"compId":94},{"type":"Script","props":{"type":"dynamic","group":1,"gravityScale":0,"bullet":true,"allowSleep":false,"runtime":"laya.physics.RigidBody"},"compId":95},{"type":"Script","props":{"y":1,"x":0,"runtime":"script/Game/UIMain_Room.ts"},"compId":102},{"type":"Sprite","props":{"y":110,"x":97,"width":71,"pivotY":96,"pivotX":36,"name":"ladder_01","height":192},"compId":228,"child":[{"type":"Sprite","props":{"y":37,"x":12,"texture":"Room/ui_ladder.png"},"compId":229},{"type":"Sprite","props":{"y":-1,"x":12,"texture":"Room/ui_ladder.png"},"compId":230},{"type":"Sprite","props":{"y":73,"x":12,"texture":"Room/ui_ladder.png"},"compId":231},{"type":"Sprite","props":{"y":111,"x":12,"texture":"Room/ui_ladder.png"},"compId":232},{"type":"Sprite","props":{"y":149,"x":12,"width":47,"texture":"Room/ui_ladder.png","height":38},"compId":233},{"type":"Script","props":{"y":-14,"x":27,"width":14,"label":"ladder","isSensor":true,"height":202,"runtime":"laya.physics.BoxCollider"},"compId":234},{"type":"Script","props":{"gravityScale":0,"bullet":true,"allowSleep":false,"allowRotation":false,"runtime":"laya.physics.RigidBody"},"compId":235}]},{"type":"Sprite","props":{"y":-9,"x":301,"width":15,"name":"right_Wall","height":223},"compId":103,"child":[{"type":"Script","props":{"y":115,"x":-1,"width":16,"label":"wall","isSensor":true,"height":108,"runtime":"laya.physics.BoxCollider"},"compId":104},{"type":"Script","props":{"gravityScale":0,"bullet":true,"allowSleep":false,"runtime":"laya.physics.RigidBody"},"compId":105}]},{"type":"Sprite","props":{"y":134,"x":0,"width":14,"name":"left_Wall","height":81},"compId":106,"child":[{"type":"Script","props":{"y":-11,"x":0,"width":14,"label":"wall","isSensor":true,"height":92,"runtime":"laya.physics.BoxCollider"},"compId":107},{"type":"Script","props":{"gravityScale":0,"bullet":true,"allowSleep":false,"runtime":"laya.physics.RigidBody"},"compId":108}]},{"type":"Sprite","props":{"y":200,"x":10.5,"width":301,"name":"Floor_02_Room1","height":17},"compId":109,"child":[{"type":"Image","props":{"y":0,"x":0,"width":186,"skin":"UI/ec8071c1-4577-4d6c-9231-2357a90145b1.png","sizeGrid":"0,4,0,8","height":14,"alpha":0},"compId":110},{"type":"Script","props":{"y":1,"x":-10,"width":317,"label":"floor","isSensor":true,"height":14,"runtime":"laya.physics.BoxCollider"},"compId":111},{"type":"Script","props":{"gravityScale":0,"bullet":true,"allowSleep":false,"allowRotation":false,"runtime":"laya.physics.RigidBody"},"compId":112}]},{"type":"Sprite","props":{"y":0,"x":95.5,"width":82,"pivotY":33,"pivotX":41,"name":"up_Aisle_01","height":48},"compId":334,"child":[{"type":"Image","props":{"y":1,"x":2,"skin":"Room/ui_interaction_01.png","rotation":0,"name":"interaction"},"compId":335},{"type":"Image","props":{"y":39.7,"x":41.5,"skin":"Room/room_blue_wall.png","rotation":0,"pivotY":8,"pivotX":41,"name":"wall","height":17},"compId":336},{"type":"Image","props":{"y":40,"x":41.5,"skin":"Room/room_blue_color.png","rotation":0,"pivotY":8,"pivotX":41,"name":"color"},"compId":337},{"type":"Script","props":{"y":22.5,"x":33,"width":15,"label":"aisle","isSensor":true,"height":25,"runtime":"laya.physics.BoxCollider"},"compId":338},{"type":"Script","props":{"gravityScale":0,"bullet":true,"allowSleep":false,"allowRotation":false,"runtime":"laya.physics.RigidBody"},"compId":339},{"type":"Script","props":{"runtime":"script/Game/UIMain_Aisle.ts"},"compId":340},{"type":"Label","props":{"text":"label","name":"yanse","alpha":0},"compId":341},{"type":"Script","props":{"y":0,"x":0,"width":82,"label":"interaction","isSensor":true,"height":48,"runtime":"laya.physics.BoxCollider"},"compId":342}]}]},{"type":"Image","props":{"y":376,"x":433,"width":478,"skin":"Room/room_green.png","sizeGrid":"23,22,24,20","pivotY":108,"pivotX":239,"name":"Room3","height":216},"compId":157,"child":[{"type":"Script","props":{"y":0,"x":0,"width":477,"isSensor":false,"height":215,"friction":0.2,"density":-1,"runtime":"laya.physics.BoxCollider"},"compId":158},{"type":"Script","props":{"type":"dynamic","group":1,"gravityScale":0,"bullet":true,"allowSleep":false,"allowRotation":false,"runtime":"laya.physics.RigidBody"},"compId":159},{"type":"Script","props":{"y":2,"x":0,"runtime":"script/Game/UIMain_Room.ts"},"compId":166},{"type":"Sprite","props":{"y":175,"x":416,"width":60,"pivotY":24,"pivotX":30,"name":"staticDog_01","height":48},"compId":271,"child":[{"type":"Image","props":{"y":1,"x":1,"width":60,"skin":"UI/1.png","name":"pic","height":47},"compId":272},{"type":"Script","props":{"y":0,"x":9,"width":42,"label":"dog","isSensor":true,"height":48,"runtime":"laya.physics.BoxCollider"},"compId":273},{"type":"Script","props":{"gravityScale":0,"allowSleep":false,"allowRotation":false,"runtime":"laya.physics.RigidBody"},"compId":274},{"type":"Script","props":{"runtime":"script/Game/UIMain_StaticDog.ts"},"compId":369}]},{"type":"Sprite","props":{"y":-1,"x":462,"width":15,"name":"right_Wall","height":213},"compId":173,"child":[{"type":"Script","props":{"y":4,"x":-1,"width":16,"label":"wall","isSensor":true,"height":210,"runtime":"laya.physics.BoxCollider"},"compId":174},{"type":"Script","props":{"gravityScale":0,"bullet":true,"allowSleep":false,"runtime":"laya.physics.RigidBody"},"compId":175}]},{"type":"Sprite","props":{"y":0,"x":0,"width":19,"name":"left_Wall","height":215},"compId":176,"child":[{"type":"Script","props":{"y":0,"x":0,"width":16,"label":"wall","isSensor":true,"height":216,"runtime":"laya.physics.BoxCollider"},"compId":177},{"type":"Script","props":{"gravityScale":0,"bullet":true,"allowSleep":false,"runtime":"laya.physics.RigidBody"},"compId":178}]},{"type":"Sprite","props":{"y":199,"x":11,"width":465,"name":"Floor_02_Room3","height":17},"compId":179,"child":[{"type":"Image","props":{"y":0,"x":0,"width":186,"skin":"UI/ec8071c1-4577-4d6c-9231-2357a90145b1.png","sizeGrid":"0,4,0,8","height":14,"alpha":0},"compId":180},{"type":"Script","props":{"y":2,"x":-9,"width":472,"label":"floor","isSensor":true,"height":14,"runtime":"laya.physics.BoxCollider"},"compId":181},{"type":"Script","props":{"gravityScale":0,"bullet":true,"allowSleep":false,"allowRotation":false,"runtime":"laya.physics.RigidBody"},"compId":182}]},{"type":"Sprite","props":{},"compId":288},{"type":"Sprite","props":{"y":215,"x":99,"width":82,"pivotY":15,"pivotX":40,"name":"down_Aisle_01","height":48},"compId":343,"child":[{"type":"Image","props":{"y":47,"x":80,"skin":"Room/ui_interaction_01.png","rotation":180,"name":"interaction"},"compId":344},{"type":"Image","props":{"y":8,"x":41.5,"skin":"Room/room_blue_wall.png","rotation":0,"pivotY":8,"pivotX":41,"name":"wall","height":16},"compId":345},{"type":"Image","props":{"y":7,"x":41.5,"width":81,"skin":"Room/room_blue_color.png","rotation":180,"pivotY":8,"pivotX":41,"name":"color","height":15},"compId":346},{"type":"Script","props":{"y":-15,"x":-29,"width":77,"label":"aisle","isSensor":true,"height":50,"runtime":"laya.physics.BoxCollider"},"compId":347},{"type":"Script","props":{"gravityScale":0,"bullet":true,"allowSleep":false,"allowRotation":false,"runtime":"laya.physics.RigidBody"},"compId":348},{"type":"Script","props":{"runtime":"script/Game/UIMain_Aisle.ts"},"compId":349},{"type":"Label","props":{"text":"label","name":"yanse","alpha":0},"compId":350},{"type":"Script","props":{"y":0,"x":0,"width":82,"label":"interaction","isSensor":true,"height":48,"runtime":"laya.physics.BoxCollider"},"compId":351}]},{"type":"Sprite","props":{"y":215,"x":294,"width":82,"pivotY":15,"pivotX":40,"name":"down_Aisle_02","height":48},"compId":352,"child":[{"type":"Image","props":{"y":47,"x":80,"skin":"Room/ui_interaction_01.png","rotation":180,"name":"interaction"},"compId":353},{"type":"Image","props":{"y":8,"x":41.5,"skin":"Room/room_blue_wall.png","rotation":0,"pivotY":8,"pivotX":41,"name":"wall","height":16},"compId":354},{"type":"Image","props":{"y":7,"x":41.5,"width":81,"skin":"Room/room_blue_color.png","rotation":180,"pivotY":8,"pivotX":41,"name":"color","height":15},"compId":355},{"type":"Script","props":{"y":-15,"x":33,"width":15,"label":"aisle","isSensor":true,"height":40,"runtime":"laya.physics.BoxCollider"},"compId":356},{"type":"Script","props":{"gravityScale":0,"bullet":true,"allowSleep":false,"allowRotation":false,"runtime":"laya.physics.RigidBody"},"compId":357},{"type":"Script","props":{"runtime":"script/Game/UIMain_Aisle.ts"},"compId":358},{"type":"Label","props":{"text":"label","name":"yanse","alpha":0},"compId":359},{"type":"Script","props":{"y":0,"x":0,"width":82,"label":"interaction","isSensor":true,"height":48,"runtime":"laya.physics.BoxCollider"},"compId":360}]},{"type":"Sprite","props":{"y":63.5,"x":191,"texture":"Room/ui_bookrack.png"},"compId":361}]},{"type":"Sprite","props":{"y":187,"x":105,"width":69,"var":"BtnSet","texture":"UI/770947bf-ac61-4198-919a-734bd94d7e40.png","pivotY":37,"pivotX":35,"name":"BtnSet","height":73,"alpha":0},"compId":295},{"type":"Sprite","props":{"y":767,"x":83.5,"width":51,"var":"Gongzhu","rotation":0,"pivotY":32,"pivotX":26,"name":"Gongzhu","height":63},"compId":371,"child":[{"type":"Script","props":{"y":0,"x":6,"width":40,"label":"gongzhu","isSensor":true,"height":66,"runtime":"laya.physics.BoxCollider"},"compId":372},{"type":"Script","props":{"gravityScale":0,"allowSleep":false,"allowRotation":false,"runtime":"laya.physics.RigidBody"},"compId":373},{"type":"Image","props":{"y":23,"x":20,"width":52,"skin":"UI/3.png","pivotY":35,"pivotX":24,"name":"pic","height":70},"compId":374},{"type":"Script","props":{"runtime":"script/Game/UIMain_Gongzhu.ts"},"compId":375}]},{"type":"Sprite","props":{"y":1089,"x":567,"width":57,"var":"Wangzi","pivotY":35,"pivotX":29,"name":"Wangzi","height":69},"compId":376,"child":[{"type":"Image","props":{"y":34,"x":29,"width":57,"skin":"UI/2.png","scaleX":-1,"pivotY":35,"pivotX":29,"name":"pic","height":70},"compId":377},{"type":"Script","props":{"width":57,"label":"wangzi","isSensor":true,"height":69,"runtime":"laya.physics.BoxCollider"},"compId":378},{"type":"Script","props":{"gravityScale":0,"allowSleep":true,"allowRotation":true,"runtime":"laya.physics.RigidBody"},"compId":379},{"type":"Script","props":{"runtime":"script/Game/UIMain_Wangzi.ts"},"compId":380}]}],"loadList":["UI_new/conmmon/bg_yeloow.png","Room/room_purple.png","Room/ui_ladder.png","UI/ec8071c1-4577-4d6c-9231-2357a90145b1.png","Room/ui_bookrack.png","Room/ui_interaction_01.png","Room/room_blue_wall.png","Room/room_blue_color.png","Room/room_bluish.png","Room/room_green.png","UI/1.png","UI/770947bf-ac61-4198-919a-734bd94d7e40.png","UI/3.png","UI/2.png"],"loadList3D":[]}