{"type":"View","props":{"width":720,"height":1280},"compId":2,"child":[{"type":"Script","props":{"y":0,"x":0,"runtime":"script/Game/UIMain.ts"},"compId":60},{"type":"Image","props":{"y":0,"x":0,"var":"background","skin":"UI_new/conmmon/bg_yeloow.png","name":"background"},"compId":3},{"type":"Image","props":{"y":600,"x":205,"width":311,"skin":"Room/room_bluish.png","sizeGrid":"23,22,24,20","pivotY":108,"pivotX":155,"name":"Room2","height":216},"compId":592,"child":[{"type":"Script","props":{"y":0,"x":1,"width":308,"isSensor":false,"height":216,"friction":0.2,"density":-1,"runtime":"laya.physics.BoxCollider"},"compId":593},{"type":"Script","props":{"type":"dynamic","group":1,"gravityScale":0,"bullet":true,"allowSleep":false,"allowRotation":false,"runtime":"laya.physics.RigidBody"},"compId":594},{"type":"Script","props":{"y":2,"x":0,"runtime":"script/Game/UIMain_Room.ts"},"compId":595},{"type":"Sprite","props":{"y":159,"x":1,"width":48,"pivotY":41,"pivotX":33,"name":"left_Aisle_01","height":82},"compId":722,"child":[{"type":"Image","props":{"y":80,"x":0.5,"width":78,"skin":"Room/ui_interaction_01.png","rotation":270,"name":"interaction","height":32},"compId":723},{"type":"Image","props":{"y":41.5,"x":40,"skin":"Room/room_blue_wall.png","rotation":90,"pivotY":8,"pivotX":41,"name":"wall"},"compId":724},{"type":"Image","props":{"y":41.5,"x":40.5,"width":81,"skin":"Room/room_blue_color.png","rotation":-90,"pivotY":8,"pivotX":41,"name":"color","height":15},"compId":725},{"type":"Script","props":{"y":34,"x":23,"width":25,"label":"aisle","isSensor":true,"height":15,"runtime":"laya.physics.BoxCollider"},"compId":726},{"type":"Script","props":{"y":1,"x":0,"gravityScale":0,"bullet":true,"allowSleep":false,"allowRotation":false,"runtime":"laya.physics.RigidBody"},"compId":727},{"type":"Script","props":{"runtime":"script/Game/UIMain_Aisle.ts"},"compId":728},{"type":"Label","props":{"text":"label","name":"yanse","alpha":0},"compId":729},{"type":"Script","props":{"width":48,"label":"interaction","isSensor":true,"height":82,"runtime":"laya.physics.BoxCollider"},"compId":730}]},{"type":"Sprite","props":{"y":200,"x":11,"width":297,"name":"Floor_01_Room2","height":17},"compId":596,"child":[{"type":"Image","props":{"y":0,"x":0,"width":186,"skin":"UI/ec8071c1-4577-4d6c-9231-2357a90145b1.png","sizeGrid":"0,4,0,8","height":14,"alpha":0},"compId":597},{"type":"Script","props":{"y":1,"x":-9,"width":309,"label":"floor","isSensor":true,"height":14,"runtime":"laya.physics.BoxCollider"},"compId":598},{"type":"Script","props":{"gravityScale":0,"bullet":true,"allowSleep":false,"allowRotation":false,"runtime":"laya.physics.RigidBody"},"compId":599}]},{"type":"Sprite","props":{"y":41,"x":49,"texture":"Room/ui_window.png"},"compId":600},{"type":"Sprite","props":{"y":7.5,"x":297,"width":14,"name":"right_Wall_01","height":198},"compId":606,"child":[{"type":"Script","props":{"y":102,"x":0,"width":14,"label":"wall","isSensor":true,"height":96,"runtime":"laya.physics.BoxCollider"},"compId":607},{"type":"Script","props":{"gravityScale":0,"bullet":true,"allowSleep":false,"runtime":"laya.physics.RigidBody"},"compId":608}]},{"type":"Sprite","props":{"y":108,"x":255.5,"width":71,"pivotY":96,"pivotX":36,"name":"ladder_01","height":111},"compId":740,"child":[{"type":"Sprite","props":{"y":37,"x":12,"texture":"Room/ui_ladder.png"},"compId":741},{"type":"Sprite","props":{"y":-1,"x":12,"texture":"Room/ui_ladder.png"},"compId":742},{"type":"Sprite","props":{"y":73,"x":12,"texture":"Room/ui_ladder.png"},"compId":745},{"type":"Script","props":{"y":-1,"x":29,"width":14,"label":"ladder","isSensor":true,"height":107,"runtime":"laya.physics.BoxCollider"},"compId":746},{"type":"Script","props":{"gravityScale":0,"bullet":true,"allowSleep":false,"allowRotation":false,"runtime":"laya.physics.RigidBody"},"compId":747}]},{"type":"Sprite","props":{"y":1,"x":256.5,"width":82,"pivotY":33,"pivotX":41,"name":"up_Aisle_01","height":48},"compId":748,"child":[{"type":"Image","props":{"y":1,"x":2,"skin":"Room/ui_interaction_01.png","rotation":0,"name":"interaction"},"compId":749},{"type":"Image","props":{"y":39.5,"x":41.5,"skin":"Room/room_blue_wall.png","rotation":0,"pivotY":8,"pivotX":41,"name":"wall","height":16.5},"compId":750},{"type":"Image","props":{"y":40,"x":41.5,"skin":"Room/room_blue_color.png","rotation":0,"pivotY":8,"pivotX":41,"name":"color"},"compId":751},{"type":"Script","props":{"y":18,"x":33,"width":15,"label":"aisle","isSensor":true,"height":29,"runtime":"laya.physics.BoxCollider"},"compId":752},{"type":"Script","props":{"gravityScale":0,"bullet":true,"allowSleep":false,"allowRotation":false,"runtime":"laya.physics.RigidBody"},"compId":753},{"type":"Script","props":{"runtime":"script/Game/UIMain_Aisle.ts"},"compId":754},{"type":"Label","props":{"text":"label","name":"yanse","alpha":0},"compId":755},{"type":"Script","props":{"y":0,"x":0,"width":82,"label":"interaction","isSensor":true,"height":48,"runtime":"laya.physics.BoxCollider"},"compId":756}]},{"type":"Sprite","props":{"y":157,"x":171.5,"width":92,"pivotY":45,"pivotX":46,"name":"doghouse","height":89},"compId":792,"child":[{"type":"Image","props":{"y":0,"x":0,"skin":"Room/ui_doghouse_01.png","name":"house"},"compId":793},{"type":"Image","props":{"y":-10,"x":69,"visible":false,"skin":"Room/ui_doghouse_02.png","name":"sleepPic","alpha":1},"compId":794},{"type":"Script","props":{"y":0,"x":26,"width":43,"label":"doghouse","isSensor":true,"height":89,"runtime":"laya.physics.BoxCollider"},"compId":795},{"type":"Script","props":{"gravityScale":0,"allowSleep":false,"allowRotation":false,"runtime":"laya.physics.RigidBody"},"compId":796}]},{"type":"Sprite","props":{"y":183,"x":78,"width":55,"pivotY":28,"pivotX":28,"name":"dogfood","height":56},"compId":797,"child":[{"type":"Sprite","props":{"y":27,"x":28,"texture":"Room/icon_dogfood.png","scaleY":0.7,"scaleX":0.7,"pivotY":29,"pivotX":41},"compId":798},{"type":"Script","props":{"y":3,"x":19,"width":21,"label":"dogfood","isSensor":true,"height":52,"runtime":"laya.physics.BoxCollider"},"compId":799},{"type":"Script","props":{"gravityScale":0,"bullet":true,"allowSleep":false,"allowRotation":false,"runtime":"laya.physics.RigidBody"},"compId":800}]}]},{"type":"Image","props":{"y":301,"x":420,"width":298,"skin":"Room/room_red.png","sizeGrid":"23,22,24,20","pivotY":108,"pivotX":149,"name":"Room3","height":216},"compId":157,"child":[{"type":"Script","props":{"y":0,"x":1,"width":297,"isSensor":false,"height":216,"friction":0.2,"density":-1,"runtime":"laya.physics.BoxCollider"},"compId":158},{"type":"Script","props":{"type":"dynamic","group":1,"gravityScale":0,"bullet":true,"allowSleep":false,"allowRotation":false,"runtime":"laya.physics.RigidBody"},"compId":159},{"type":"Script","props":{"y":2,"x":0,"runtime":"script/Game/UIMain_Room.ts"},"compId":166},{"type":"Sprite","props":{"y":200,"x":11,"width":285,"name":"Floor_01_Room3","height":17},"compId":179,"child":[{"type":"Image","props":{"y":0,"x":0,"width":186,"skin":"UI/ec8071c1-4577-4d6c-9231-2357a90145b1.png","sizeGrid":"0,4,0,8","height":14,"alpha":0},"compId":180},{"type":"Script","props":{"y":1,"x":-7,"width":293,"label":"floor","isSensor":true,"height":14,"runtime":"laya.physics.BoxCollider"},"compId":181},{"type":"Script","props":{"gravityScale":0,"bullet":true,"allowSleep":false,"allowRotation":false,"runtime":"laya.physics.RigidBody"},"compId":182}]},{"type":"Sprite","props":{"y":41,"x":49,"texture":"Room/ui_window.png"},"compId":326},{"type":"Sprite","props":{"y":2,"x":284,"width":14,"name":"right_Wall_01","height":198},"compId":580,"child":[{"type":"Script","props":{"y":110,"x":0,"width":14,"label":"wall","isSensor":true,"height":88,"runtime":"laya.physics.BoxCollider"},"compId":581},{"type":"Script","props":{"gravityScale":0,"bullet":true,"allowSleep":false,"runtime":"laya.physics.RigidBody"},"compId":582}]},{"type":"Sprite","props":{"y":9,"x":1,"width":14,"name":"right_Wall","height":198},"compId":577,"child":[{"type":"Script","props":{"y":101,"x":0,"width":14,"label":"wall","isSensor":true,"height":97,"runtime":"laya.physics.BoxCollider"},"compId":578},{"type":"Script","props":{"gravityScale":0,"bullet":true,"allowSleep":false,"runtime":"laya.physics.RigidBody"},"compId":579}]},{"type":"Sprite","props":{"y":216,"x":64.5,"width":82,"pivotY":15,"pivotX":40,"name":"down_Aisle_01","height":48},"compId":583,"child":[{"type":"Image","props":{"y":47,"x":80,"skin":"Room/ui_interaction_01.png","rotation":180,"name":"interaction"},"compId":584},{"type":"Image","props":{"y":7.5,"x":41.5,"skin":"Room/room_blue_wall.png","rotation":0,"pivotY":8,"pivotX":41,"name":"wall","height":16.5},"compId":585},{"type":"Image","props":{"y":7,"x":41.5,"width":81,"skin":"Room/room_blue_color.png","rotation":180,"pivotY":8,"pivotX":41,"name":"color","height":15},"compId":586},{"type":"Script","props":{"y":-17,"x":-7,"width":57,"label":"aisle","isSensor":true,"height":51,"runtime":"laya.physics.BoxCollider"},"compId":587},{"type":"Script","props":{"gravityScale":0,"bullet":true,"allowSleep":false,"allowRotation":false,"runtime":"laya.physics.RigidBody"},"compId":588},{"type":"Script","props":{"runtime":"script/Game/UIMain_Aisle.ts"},"compId":589},{"type":"Label","props":{"text":"label","name":"yanse","alpha":0},"compId":590},{"type":"Script","props":{"y":0,"x":0,"width":82,"label":"interaction","isSensor":true,"height":48,"runtime":"laya.physics.BoxCollider"},"compId":591}]}]},{"type":"Image","props":{"y":648,"x":541,"width":259,"skin":"Room/room_pink.png","sizeGrid":"23,22,24,20","pivotY":108,"pivotX":130,"name":"Room5","height":216},"compId":757,"child":[{"type":"Script","props":{"y":0,"x":1,"width":257,"isSensor":false,"height":216,"friction":0.2,"density":-1,"runtime":"laya.physics.BoxCollider"},"compId":758},{"type":"Script","props":{"type":"dynamic","group":1,"gravityScale":0,"bullet":true,"allowSleep":false,"runtime":"laya.physics.RigidBody"},"compId":759},{"type":"Script","props":{"y":1,"x":0,"runtime":"script/Game/UIMain_Room.ts"},"compId":760},{"type":"Sprite","props":{"y":46,"x":95,"texture":"Room/ui_window.png"},"compId":761},{"type":"Sprite","props":{"y":1,"x":-5.5,"width":270,"name":"Floor_02_Room1","height":16},"compId":762,"child":[{"type":"Script","props":{"y":0,"x":2,"width":264,"label":"floor","isSensor":true,"height":16,"runtime":"laya.physics.BoxCollider"},"compId":763},{"type":"Script","props":{"gravityScale":0,"bullet":true,"allowSleep":false,"allowRotation":true,"runtime":"laya.physics.RigidBody"},"compId":764}]},{"type":"Sprite","props":{"y":201,"x":-3,"width":270,"name":"Floor_01_Room5","height":16},"compId":765,"child":[{"type":"Script","props":{"y":0,"x":6,"width":255,"label":"floor","isSensor":true,"height":16,"runtime":"laya.physics.BoxCollider"},"compId":766},{"type":"Script","props":{"gravityScale":0,"bullet":true,"allowSleep":false,"allowRotation":true,"runtime":"laya.physics.RigidBody"},"compId":767}]},{"type":"Sprite","props":{"y":9,"x":1,"width":14,"name":"right_Wall","height":198},"compId":771,"child":[{"type":"Script","props":{"y":109,"x":0,"width":14,"label":"wall","isSensor":true,"height":89,"runtime":"laya.physics.BoxCollider"},"compId":772},{"type":"Script","props":{"gravityScale":0,"bullet":true,"allowSleep":false,"runtime":"laya.physics.RigidBody"},"compId":773}]},{"type":"Sprite","props":{"y":159,"x":258,"width":48,"pivotY":41,"pivotX":14,"name":"right_Aisle_01","height":82},"compId":774,"child":[{"type":"Image","props":{"y":2,"x":47,"width":78,"skin":"Room/ui_interaction_01.png","rotation":90,"name":"interaction","height":32},"compId":775},{"type":"Image","props":{"y":42,"x":7.8,"width":81,"skin":"Room/room_blue_wall.png","rotation":90,"pivotY":8,"pivotX":41,"name":"wall","height":16.5},"compId":776},{"type":"Image","props":{"y":41.5,"x":7.5,"skin":"Room/room_blue_color.png","rotation":90,"pivotY":8,"pivotX":41,"name":"color"},"compId":777},{"type":"Script","props":{"y":34,"x":0,"width":25,"label":"aisle","isSensor":true,"height":15,"runtime":"laya.physics.BoxCollider"},"compId":778},{"type":"Script","props":{"gravityScale":0,"bullet":true,"allowSleep":false,"allowRotation":false,"runtime":"laya.physics.RigidBody"},"compId":779},{"type":"Script","props":{"runtime":"script/Game/UIMain_Aisle.ts"},"compId":780},{"type":"Label","props":{"text":"label","name":"yanse","alpha":0},"compId":781},{"type":"Script","props":{"width":48,"label":"interaction","isSensor":true,"height":82,"runtime":"laya.physics.BoxCollider"},"compId":782}]},{"type":"Sprite","props":{"y":216,"x":64,"width":82,"pivotY":15,"pivotX":40,"name":"down_Aisle_01","height":48},"compId":783,"child":[{"type":"Image","props":{"y":47,"x":80,"skin":"Room/ui_interaction_01.png","rotation":180,"name":"interaction"},"compId":784},{"type":"Image","props":{"y":7.2,"x":41.5,"skin":"Room/room_blue_wall.png","rotation":0,"pivotY":8,"pivotX":41,"name":"wall","height":16.5},"compId":785},{"type":"Image","props":{"y":7,"x":41.5,"width":81,"skin":"Room/room_blue_color.png","rotation":180,"pivotY":8,"pivotX":41,"name":"color","height":15},"compId":786},{"type":"Script","props":{"y":-17,"x":-10,"width":58,"label":"aisle","isSensor":true,"height":51,"runtime":"laya.physics.BoxCollider"},"compId":787},{"type":"Script","props":{"gravityScale":0,"bullet":true,"allowSleep":false,"allowRotation":false,"runtime":"laya.physics.RigidBody"},"compId":788},{"type":"Script","props":{"runtime":"script/Game/UIMain_Aisle.ts"},"compId":789},{"type":"Label","props":{"text":"label","name":"yanse","alpha":0},"compId":790},{"type":"Script","props":{"y":0,"x":0,"width":82,"label":"interaction","isSensor":true,"height":48,"runtime":"laya.physics.BoxCollider"},"compId":791}]},{"type":"Sprite","props":{"y":202.5,"x":181,"width":48,"pivotY":29,"pivotX":26,"name":"kettle","height":29},"compId":815,"child":[{"type":"Sprite","props":{"y":14.5,"x":21.4,"width":88,"texture":"Room/icon_kettle.png","scaleY":0.6,"scaleX":0.6,"pivotY":28,"pivotX":44,"name":"","height":55},"compId":816},{"type":"Script","props":{"y":-5,"x":8,"width":32,"name":"","label":"kettle","isSensor":true,"height":38,"runtime":"laya.physics.BoxCollider"},"compId":817},{"type":"Script","props":{"gravityScale":0,"bullet":true,"allowSleep":false,"allowRotation":false,"runtime":"laya.physics.RigidBody"},"compId":818}]}]},{"type":"Image","props":{"y":901,"x":536,"width":259,"var":"Room1","skin":"Room/room_green.png","sizeGrid":"23,22,24,20","pivotY":108,"pivotX":130,"name":"Room1","height":216},"compId":93,"child":[{"type":"Script","props":{"y":0,"x":1,"width":257,"isSensor":false,"height":216,"friction":0.2,"density":-1,"runtime":"laya.physics.BoxCollider"},"compId":94},{"type":"Script","props":{"type":"dynamic","group":1,"gravityScale":0,"bullet":true,"allowSleep":false,"runtime":"laya.physics.RigidBody"},"compId":95},{"type":"Script","props":{"y":1,"x":0,"runtime":"script/Game/UIMain_Room.ts"},"compId":102},{"type":"Sprite","props":{"y":46,"x":95,"texture":"Room/ui_window.png"},"compId":325},{"type":"Sprite","props":{"y":201,"x":-3,"width":270,"name":"Floor_01_Room1","height":16},"compId":345,"child":[{"type":"Script","props":{"y":0,"x":2,"width":259,"label":"floor","isSensor":true,"height":16,"runtime":"laya.physics.BoxCollider"},"compId":346},{"type":"Script","props":{"gravityScale":0,"bullet":true,"allowSleep":false,"allowRotation":true,"runtime":"laya.physics.RigidBody"},"compId":347}]},{"type":"Sprite","props":{"y":9,"x":1,"width":14,"name":"right_Wall","height":198},"compId":559,"child":[{"type":"Script","props":{"y":118,"x":0,"width":14,"label":"wall","isSensor":true,"height":80,"runtime":"laya.physics.BoxCollider"},"compId":560},{"type":"Script","props":{"gravityScale":0,"bullet":true,"allowSleep":false,"runtime":"laya.physics.RigidBody"},"compId":561}]},{"type":"Sprite","props":{"y":159,"x":258,"width":48,"pivotY":41,"pivotX":14,"name":"right_Aisle_01","height":82},"compId":708,"child":[{"type":"Image","props":{"y":2,"x":47,"width":78,"skin":"Room/ui_interaction_01.png","rotation":90,"name":"interaction","height":32},"compId":709},{"type":"Image","props":{"y":42,"x":7.8,"width":81,"skin":"Room/room_blue_wall.png","rotation":90,"pivotY":8,"pivotX":41,"name":"wall","height":16.5},"compId":710},{"type":"Image","props":{"y":41.5,"x":7.5,"skin":"Room/room_blue_color.png","rotation":90,"pivotY":8,"pivotX":41,"name":"color"},"compId":711},{"type":"Script","props":{"y":34,"x":0,"width":25,"label":"aisle","isSensor":true,"height":15,"runtime":"laya.physics.BoxCollider"},"compId":712},{"type":"Script","props":{"gravityScale":0,"bullet":true,"allowSleep":false,"allowRotation":false,"runtime":"laya.physics.RigidBody"},"compId":713},{"type":"Script","props":{"runtime":"script/Game/UIMain_Aisle.ts"},"compId":714},{"type":"Label","props":{"text":"label","name":"yanse","alpha":0},"compId":715},{"type":"Script","props":{"width":48,"label":"interaction","isSensor":true,"height":82,"runtime":"laya.physics.BoxCollider"},"compId":716}]}]},{"type":"Image","props":{"y":934,"x":212,"width":324,"skin":"Room/room_yellowish.png","sizeGrid":"23,22,24,20","pivotY":108,"pivotX":162,"name":"Room4","height":216},"compId":645,"child":[{"type":"Script","props":{"y":0,"x":1,"width":323,"isSensor":false,"height":216,"friction":0.2,"density":-1,"runtime":"laya.physics.BoxCollider"},"compId":646},{"type":"Script","props":{"type":"dynamic","group":1,"gravityScale":0,"bullet":true,"allowSleep":false,"allowRotation":false,"runtime":"laya.physics.RigidBody"},"compId":647},{"type":"Script","props":{"y":2,"x":0,"runtime":"script/Game/UIMain_Room.ts"},"compId":648},{"type":"Sprite","props":{"y":200,"x":11,"width":308,"name":"Floor_01_Room4","height":17},"compId":653,"child":[{"type":"Image","props":{"y":0,"x":0,"width":186,"skin":"UI/ec8071c1-4577-4d6c-9231-2357a90145b1.png","sizeGrid":"0,4,0,8","height":14,"alpha":0},"compId":654},{"type":"Script","props":{"y":1,"x":-9,"width":316,"label":"floor","isSensor":true,"height":14,"runtime":"laya.physics.BoxCollider"},"compId":655},{"type":"Script","props":{"gravityScale":0,"bullet":true,"allowSleep":false,"allowRotation":false,"runtime":"laya.physics.RigidBody"},"compId":656}]},{"type":"Sprite","props":{"y":41,"x":49,"texture":"Room/ui_window.png"},"compId":657},{"type":"Sprite","props":{"y":7.5,"x":310,"width":14,"name":"right_Wall_01","height":198},"compId":658,"child":[{"type":"Script","props":{"y":113,"x":0,"width":14,"label":"wall","isSensor":true,"height":85,"runtime":"laya.physics.BoxCollider"},"compId":659},{"type":"Script","props":{"gravityScale":0,"bullet":true,"allowSleep":false,"runtime":"laya.physics.RigidBody"},"compId":660}]},{"type":"Sprite","props":{"y":110.5,"x":268.5,"width":71,"pivotY":96,"pivotX":36,"name":"ladder_01","height":188},"compId":677,"child":[{"type":"Sprite","props":{"y":37,"x":12,"texture":"Room/ui_ladder.png"},"compId":678},{"type":"Sprite","props":{"y":-1,"x":12,"texture":"Room/ui_ladder.png"},"compId":679},{"type":"Sprite","props":{"y":111,"x":12,"texture":"Room/ui_ladder.png"},"compId":692},{"type":"Sprite","props":{"y":149,"x":12,"texture":"Room/ui_ladder.png"},"compId":693},{"type":"Sprite","props":{"y":73,"x":12,"texture":"Room/ui_ladder.png"},"compId":680},{"type":"Script","props":{"y":-1,"x":29,"width":14,"label":"ladder","isSensor":true,"height":186,"runtime":"laya.physics.BoxCollider"},"compId":681},{"type":"Script","props":{"gravityScale":0,"bullet":true,"allowSleep":false,"allowRotation":false,"runtime":"laya.physics.RigidBody"},"compId":682}]},{"type":"Sprite","props":{"y":1,"x":268.5,"width":82,"pivotY":33,"pivotX":41,"name":"up_Aisle_01","height":48},"compId":683,"child":[{"type":"Image","props":{"y":1,"x":2,"skin":"Room/ui_interaction_01.png","rotation":0,"name":"interaction"},"compId":684},{"type":"Image","props":{"y":39.2,"x":41.5,"skin":"Room/room_blue_wall.png","rotation":0,"pivotY":8,"pivotX":41,"name":"wall","height":16.5},"compId":685},{"type":"Image","props":{"y":40,"x":41.5,"skin":"Room/room_blue_color.png","rotation":0,"pivotY":8,"pivotX":41,"name":"color"},"compId":686},{"type":"Script","props":{"y":18,"x":33,"width":15,"label":"aisle","isSensor":true,"height":29,"runtime":"laya.physics.BoxCollider"},"compId":687},{"type":"Script","props":{"gravityScale":0,"bullet":true,"allowSleep":false,"allowRotation":false,"runtime":"laya.physics.RigidBody"},"compId":688},{"type":"Script","props":{"runtime":"script/Game/UIMain_Aisle.ts"},"compId":689},{"type":"Label","props":{"text":"label","name":"yanse","alpha":0},"compId":690},{"type":"Script","props":{"y":0,"x":0,"width":82,"label":"interaction","isSensor":true,"height":48,"runtime":"laya.physics.BoxCollider"},"compId":691}]},{"type":"Sprite","props":{"y":161,"x":0,"width":48,"pivotY":41,"pivotX":33,"name":"left_Aisle_01","height":82},"compId":731,"child":[{"type":"Image","props":{"y":80,"x":0.5,"width":78,"skin":"Room/ui_interaction_01.png","rotation":270,"name":"interaction","height":32},"compId":732},{"type":"Image","props":{"y":41.5,"x":40.8,"skin":"Room/room_blue_wall.png","rotation":90,"pivotY":8,"pivotX":41,"name":"wall","height":16.5},"compId":733},{"type":"Image","props":{"y":41.5,"x":40.5,"width":81,"skin":"Room/room_blue_color.png","rotation":-90,"pivotY":8,"pivotX":41,"name":"color","height":15},"compId":734},{"type":"Script","props":{"y":34,"x":23,"width":25,"label":"aisle","isSensor":true,"height":15,"runtime":"laya.physics.BoxCollider"},"compId":735},{"type":"Script","props":{"y":1,"x":0,"gravityScale":0,"bullet":true,"allowSleep":false,"allowRotation":false,"runtime":"laya.physics.RigidBody"},"compId":736},{"type":"Script","props":{"runtime":"script/Game/UIMain_Aisle.ts"},"compId":737},{"type":"Label","props":{"text":"label","name":"yanse","alpha":0},"compId":738},{"type":"Script","props":{"width":48,"label":"interaction","isSensor":true,"height":82,"runtime":"laya.physics.BoxCollider"},"compId":739}]},{"type":"Sprite","props":{"y":177,"x":88,"width":54,"pivotY":30,"pivotX":29,"name":"bonfire","height":59},"compId":819,"child":[{"type":"Script","props":{"y":1,"x":4,"width":47,"label":"bonfire","isSensor":true,"height":55,"runtime":"laya.physics.BoxCollider"},"compId":820},{"type":"Script","props":{"gravityScale":0,"allowSleep":false,"allowRotation":false,"runtime":"laya.physics.RigidBody"},"compId":821},{"type":"Image","props":{"y":-12,"x":-3.5,"skin":"Room/ani_fire_01.png","scaleY":0.6,"scaleX":0.6,"name":"ani"},"compId":822},{"type":"Script","props":{"runtime":"script/Game/UIMain_Bonfire.ts"},"compId":823}]}]},{"type":"Sprite","props":{"y":969.5,"x":490.5,"width":51,"var":"Gongzhu","rotation":0,"pivotY":32,"pivotX":26,"name":"Gongzhu","height":63},"compId":801,"child":[{"type":"Script","props":{"y":0,"x":6,"width":40,"label":"gongzhu","isSensor":true,"height":66,"runtime":"laya.physics.BoxCollider"},"compId":802},{"type":"Script","props":{"gravityScale":0,"allowSleep":false,"allowRotation":false,"runtime":"laya.physics.RigidBody"},"compId":803},{"type":"Image","props":{"y":23,"x":20,"width":52,"skin":"UI_new/GameStart/person_gongzhu.png","pivotY":35,"pivotX":24,"name":"pic","height":70},"compId":804},{"type":"Script","props":{"runtime":"script/Game/UIMain_Gongzhu.ts"},"compId":805}]},{"type":"Sprite","props":{"y":718,"x":511.5,"width":60,"pivotY":24,"pivotX":30,"name":"moveDog_01","height":48},"compId":806,"child":[{"type":"Image","props":{"y":25,"x":31,"width":60,"skin":"UI/1.png","pivotY":24,"pivotX":30,"name":"pic","height":47},"compId":807},{"type":"Script","props":{"y":-11,"x":9,"width":42,"label":"dog","isSensor":true,"height":64,"runtime":"laya.physics.BoxCollider"},"compId":808},{"type":"Script","props":{"gravityScale":0,"allowSleep":false,"allowRotation":false,"runtime":"laya.physics.RigidBody"},"compId":809},{"type":"Script","props":{"runtime":"script/Game/UIMain_Dog.ts"},"compId":810}]},{"type":"Sprite","props":{"y":1004,"x":215,"width":51,"var":"Rival","rotation":0,"pivotY":32,"pivotX":26,"name":"Rival","height":63},"compId":824,"child":[{"type":"Script","props":{"y":0,"x":6,"width":40,"label":"rival","isSensor":true,"height":64,"runtime":"laya.physics.BoxCollider"},"compId":825},{"type":"Script","props":{"gravityScale":0,"allowSleep":false,"allowRotation":false,"runtime":"laya.physics.RigidBody"},"compId":826},{"type":"Image","props":{"y":23,"x":20,"width":52,"skin":"UI/3.png","pivotY":35,"pivotX":24,"name":"pic","height":70},"compId":827},{"type":"Script","props":{"runtime":"script/Game/UIMain_Rival.ts"},"compId":828}]},{"type":"Sprite","props":{"y":362,"x":471,"width":57,"var":"Wangzi","pivotY":35,"pivotX":29,"name":"Wangzi","height":69},"compId":829,"child":[{"type":"Image","props":{"y":34,"x":29,"width":57,"skin":"UI/2.png","scaleX":1,"pivotY":35,"pivotX":29,"name":"pic","height":70},"compId":830},{"type":"Script","props":{"width":57,"label":"wangzi","isSensor":true,"height":69,"runtime":"laya.physics.BoxCollider"},"compId":831},{"type":"Script","props":{"gravityScale":0,"allowSleep":true,"allowRotation":true,"runtime":"laya.physics.RigidBody"},"compId":832},{"type":"Script","props":{"runtime":"script/Game/UIMain_Wangzi.ts"},"compId":833}]}],"loadList":["UI_new/conmmon/bg_yeloow.png","Room/room_bluish.png","Room/ui_interaction_01.png","Room/room_blue_wall.png","Room/room_blue_color.png","UI/ec8071c1-4577-4d6c-9231-2357a90145b1.png","Room/ui_window.png","Room/ui_ladder.png","Room/ui_doghouse_01.png","Room/ui_doghouse_02.png","Room/icon_dogfood.png","Room/room_red.png","Room/room_pink.png","Room/icon_kettle.png","Room/room_green.png","Room/room_yellowish.png","Room/ani_fire_01.png","UI_new/GameStart/person_gongzhu.png","UI/1.png","UI/3.png","UI/2.png"],"loadList3D":[]}