{"type":"View","props":{"width":720,"height":1280},"compId":2,"child":[{"type":"Image","props":{"y":0,"x":0,"width":720,"var":"background","skin":"UI_new/conmmon/bg_yeloow.png","name":"background","height":1280},"compId":3},{"type":"Image","props":{"y":287,"x":214,"width":341,"var":"Room2","skin":"Room/room_purple.png","sizeGrid":"23,22,24,20","pivotY":109,"pivotX":171,"name":"Room2","height":217},"compId":4,"child":[{"type":"Script","props":{"y":1,"x":1,"width":339,"isSensor":false,"height":213,"friction":0.2,"density":-1,"runtime":"laya.physics.BoxCollider"},"compId":5},{"type":"Script","props":{"type":"dynamic","gravityScale":0,"allowSleep":false,"allowRotation":false,"runtime":"laya.physics.RigidBody"},"compId":6},{"type":"Sprite","props":{"y":202,"x":6,"width":334,"name":"Floor_01_Room2","height":14},"compId":17,"child":[{"type":"Image","props":{"y":0,"x":0,"width":186,"skin":"UI/ec8071c1-4577-4d6c-9231-2357a90145b1.png","sizeGrid":"0,4,0,8","height":14,"alpha":0},"compId":18},{"type":"Script","props":{"y":0,"x":-7,"width":342,"label":"floor","isSensor":true,"height":14,"runtime":"laya.physics.BoxCollider"},"compId":19},{"type":"Script","props":{"gravityScale":0,"bullet":true,"allowSleep":false,"allowRotation":false,"runtime":"laya.physics.RigidBody"},"compId":20}]},{"type":"Script","props":{"runtime":"script/Game/UIMain_Room.ts"},"compId":10},{"type":"Sprite","props":{"y":61,"x":1,"width":14,"name":"right_Wall","height":148},"compId":61,"child":[{"type":"Script","props":{"y":45,"x":0,"width":14,"label":"wall","isSensor":true,"height":107,"runtime":"laya.physics.BoxCollider"},"compId":62},{"type":"Script","props":{"gravityScale":0,"bullet":true,"allowSleep":false,"runtime":"laya.physics.RigidBody"},"compId":63}]},{"type":"Sprite","props":{"y":50,"x":102,"texture":"Room/ui_bookrack.png"},"compId":64},{"type":"Sprite","props":{"y":162,"x":339,"width":48,"pivotY":41,"pivotX":14,"name":"right_Aisle_01","height":82},"compId":370,"child":[{"type":"Image","props":{"y":2,"x":47,"width":78,"skin":"Room/ui_interaction_01.png","rotation":90,"name":"interaction","height":32},"compId":371},{"type":"Image","props":{"y":42,"x":8,"width":81,"skin":"Room/room_blue_wall.png","rotation":90,"pivotY":8,"pivotX":41,"name":"wall","height":16.6},"compId":372},{"type":"Image","props":{"y":41.5,"x":7.5,"skin":"Room/room_blue_color.png","rotation":90,"pivotY":8,"pivotX":41,"name":"color"},"compId":373},{"type":"Script","props":{"y":34,"x":0,"width":25,"label":"aisle","isSensor":true,"height":15,"runtime":"laya.physics.BoxCollider"},"compId":374},{"type":"Script","props":{"gravityScale":0,"bullet":true,"allowSleep":false,"allowRotation":false,"runtime":"laya.physics.RigidBody"},"compId":375},{"type":"Script","props":{"runtime":"script/Game/UIMain_Aisle.ts"},"compId":376},{"type":"Label","props":{"text":"label","name":"yanse","alpha":0},"compId":377},{"type":"Script","props":{"width":48,"label":"interaction","isSensor":true,"height":82,"runtime":"laya.physics.BoxCollider"},"compId":378}]}]},{"type":"Script","props":{"runtime":"script/Game/UIMain.ts"},"compId":60},{"type":"Image","props":{"y":776,"x":528,"width":316,"var":"Room1","skin":"Room/room_bluish.png","sizeGrid":"23,22,24,20","pivotY":108,"pivotX":158,"name":"Room1","height":211},"compId":93,"child":[{"type":"Script","props":{"y":1,"x":1,"width":316,"isSensor":false,"height":210,"friction":0.2,"density":-1,"runtime":"laya.physics.BoxCollider"},"compId":94},{"type":"Script","props":{"type":"dynamic","group":1,"gravityScale":0,"bullet":true,"allowSleep":false,"runtime":"laya.physics.RigidBody"},"compId":95},{"type":"Script","props":{"y":1,"x":0,"runtime":"script/Game/UIMain_Room.ts"},"compId":102},{"type":"Sprite","props":{"y":-14,"x":301,"width":15,"name":"right_Wall","height":223},"compId":103,"child":[{"type":"Script","props":{"y":115,"x":-1,"width":16,"label":"wall","isSensor":true,"height":108,"runtime":"laya.physics.BoxCollider"},"compId":104},{"type":"Script","props":{"gravityScale":0,"bullet":true,"allowSleep":false,"runtime":"laya.physics.RigidBody"},"compId":105}]},{"type":"Sprite","props":{"y":196,"x":10.5,"width":301,"name":"Floor_02_Room1","height":17},"compId":109,"child":[{"type":"Image","props":{"y":0,"x":0,"width":186,"skin":"UI/ec8071c1-4577-4d6c-9231-2357a90145b1.png","sizeGrid":"0,4,0,8","height":14,"alpha":0},"compId":110},{"type":"Script","props":{"y":1,"x":-10,"width":317,"label":"floor","isSensor":true,"height":14,"runtime":"laya.physics.BoxCollider"},"compId":111},{"type":"Script","props":{"gravityScale":0,"bullet":true,"allowSleep":false,"allowRotation":false,"runtime":"laya.physics.RigidBody"},"compId":112}]},{"type":"Sprite","props":{"y":-16,"x":0,"width":15,"name":"left_Wall","height":223},"compId":409,"child":[{"type":"Script","props":{"y":115,"x":-1,"width":16,"label":"wall","isSensor":true,"height":108,"runtime":"laya.physics.BoxCollider"},"compId":410},{"type":"Script","props":{"gravityScale":0,"bullet":true,"allowSleep":false,"runtime":"laya.physics.RigidBody"},"compId":411}]},{"type":"Sprite","props":{"y":44,"x":58,"width":71,"pivotY":40,"pivotX":36,"name":"ladder_02","height":79},"compId":437,"child":[{"type":"Sprite","props":{"y":37,"x":12,"texture":"Room/ui_ladder.png"},"compId":438},{"type":"Sprite","props":{"y":-1,"x":12,"texture":"Room/ui_ladder.png"},"compId":439},{"type":"Script","props":{"y":-1,"x":29,"width":13,"label":"ladder","isSensor":true,"height":75,"runtime":"laya.physics.BoxCollider"},"compId":443},{"type":"Script","props":{"gravityScale":0,"bullet":true,"allowSleep":false,"allowRotation":false,"runtime":"laya.physics.RigidBody"},"compId":444}]},{"type":"Sprite","props":{"y":105,"x":184,"width":71,"pivotY":96,"pivotX":36,"name":"ladder_01","height":192},"compId":420,"child":[{"type":"Sprite","props":{"y":37,"x":12,"texture":"Room/ui_ladder.png"},"compId":422},{"type":"Sprite","props":{"y":-1,"x":12,"texture":"Room/ui_ladder.png"},"compId":423},{"type":"Sprite","props":{"y":73,"x":12,"texture":"Room/ui_ladder.png"},"compId":424},{"type":"Sprite","props":{"y":111,"x":12,"texture":"Room/ui_ladder.png"},"compId":425},{"type":"Sprite","props":{"y":149,"x":12,"width":47,"texture":"Room/ui_ladder.png","height":38},"compId":426},{"type":"Script","props":{"y":-1,"x":29,"width":14,"label":"ladder","isSensor":true,"height":189,"runtime":"laya.physics.BoxCollider"},"compId":427},{"type":"Script","props":{"gravityScale":0,"bullet":true,"allowSleep":false,"allowRotation":false,"runtime":"laya.physics.RigidBody"},"compId":428}]},{"type":"Sprite","props":{"y":2,"x":181.5,"width":82,"pivotY":34,"pivotX":41,"name":"up_Aisle_01","height":48},"compId":494,"child":[{"type":"Image","props":{"y":1,"x":2,"skin":"Room/ui_interaction_01.png","rotation":0,"name":"interaction"},"compId":495},{"type":"Image","props":{"y":40,"x":41.5,"width":81,"skin":"Room/room_blue_wall.png","rotation":0,"pivotY":8,"pivotX":41,"name":"wall","height":16.5},"compId":496},{"type":"Image","props":{"y":40,"x":41.5,"skin":"Room/room_blue_color.png","rotation":0,"pivotY":8,"pivotX":41,"name":"color"},"compId":497},{"type":"Script","props":{"y":22.5,"x":33,"width":15,"label":"aisle","isSensor":true,"height":25,"runtime":"laya.physics.BoxCollider"},"compId":498},{"type":"Script","props":{"gravityScale":0,"bullet":true,"allowSleep":false,"allowRotation":false,"runtime":"laya.physics.RigidBody"},"compId":499},{"type":"Script","props":{"runtime":"script/Game/UIMain_Aisle.ts"},"compId":500},{"type":"Label","props":{"text":"label","name":"yanse","alpha":0},"compId":501},{"type":"Script","props":{"y":0,"x":0,"width":82,"label":"interaction","isSensor":true,"height":48,"runtime":"laya.physics.BoxCollider"},"compId":502}]},{"type":"Sprite","props":{"y":1,"x":57,"width":82,"pivotY":34,"pivotX":41,"name":"up_Aisle_02","height":48},"compId":503,"child":[{"type":"Image","props":{"y":1,"x":2,"skin":"Room/ui_interaction_01.png","rotation":0,"name":"interaction"},"compId":504},{"type":"Image","props":{"y":40,"x":41.5,"width":81,"skin":"Room/room_blue_wall.png","rotation":0,"pivotY":8,"pivotX":41,"name":"wall","height":16.5},"compId":505},{"type":"Image","props":{"y":40,"x":41.5,"skin":"Room/room_blue_color.png","rotation":0,"pivotY":8,"pivotX":41,"name":"color"},"compId":506},{"type":"Script","props":{"y":22.5,"x":33,"width":15,"label":"aisle","isSensor":true,"height":25,"runtime":"laya.physics.BoxCollider"},"compId":507},{"type":"Script","props":{"gravityScale":0,"bullet":true,"allowSleep":false,"allowRotation":false,"runtime":"laya.physics.RigidBody"},"compId":508},{"type":"Script","props":{"runtime":"script/Game/UIMain_Aisle.ts"},"compId":509},{"type":"Label","props":{"text":"label","name":"yanse","alpha":0},"compId":510},{"type":"Script","props":{"y":0,"x":0,"width":82,"label":"interaction","isSensor":true,"height":48,"runtime":"laya.physics.BoxCollider"},"compId":511}]}]},{"type":"Image","props":{"y":559,"x":446,"width":478,"skin":"Room/room_green.png","sizeGrid":"23,22,24,20","pivotY":108,"pivotX":239,"name":"Room3","height":216},"compId":157,"child":[{"type":"Script","props":{"y":0,"x":0,"width":477,"isSensor":false,"height":215,"friction":0.2,"density":-1,"runtime":"laya.physics.BoxCollider"},"compId":158},{"type":"Script","props":{"type":"dynamic","group":1,"gravityScale":0,"bullet":true,"allowSleep":false,"allowRotation":false,"runtime":"laya.physics.RigidBody"},"compId":159},{"type":"Script","props":{"y":2,"x":0,"runtime":"script/Game/UIMain_Room.ts"},"compId":166},{"type":"Sprite","props":{"y":199,"x":11,"width":465,"name":"Floor_02_Room3","height":17},"compId":179,"child":[{"type":"Image","props":{"y":0,"x":0,"width":186,"skin":"UI/ec8071c1-4577-4d6c-9231-2357a90145b1.png","sizeGrid":"0,4,0,8","height":14,"alpha":0},"compId":180},{"type":"Script","props":{"y":2,"x":-9,"width":472,"label":"floor","isSensor":true,"height":14,"runtime":"laya.physics.BoxCollider"},"compId":181},{"type":"Script","props":{"gravityScale":0,"bullet":true,"allowSleep":false,"allowRotation":false,"runtime":"laya.physics.RigidBody"},"compId":182}]},{"type":"Sprite","props":{},"compId":288},{"type":"Sprite","props":{"y":63.5,"x":191,"texture":"Room/ui_bookrack.png"},"compId":361},{"type":"Sprite","props":{"y":161,"x":1,"width":48,"pivotY":41,"pivotX":33,"name":"left_Aisle_01","height":82},"compId":397,"child":[{"type":"Image","props":{"y":80,"x":0.5,"width":78,"skin":"Room/ui_interaction_01.png","rotation":270,"name":"interaction","height":32},"compId":398},{"type":"Image","props":{"y":41.5,"x":40,"skin":"Room/room_blue_wall.png","rotation":90,"pivotY":8,"pivotX":41,"name":"wall","height":16},"compId":399},{"type":"Image","props":{"y":41.5,"x":40.5,"width":81,"skin":"Room/room_blue_color.png","rotation":-90,"pivotY":8,"pivotX":41,"name":"color","height":15},"compId":400},{"type":"Script","props":{"y":34,"x":23,"width":25,"label":"aisle","isSensor":true,"height":15,"runtime":"laya.physics.BoxCollider"},"compId":401},{"type":"Script","props":{"y":1,"x":0,"gravityScale":0,"bullet":true,"allowSleep":false,"allowRotation":false,"runtime":"laya.physics.RigidBody"},"compId":402},{"type":"Script","props":{"runtime":"script/Game/UIMain_Aisle.ts"},"compId":403},{"type":"Label","props":{"text":"label","name":"yanse","alpha":0},"compId":404},{"type":"Script","props":{"width":48,"label":"interaction","isSensor":true,"height":82,"runtime":"laya.physics.BoxCollider"},"compId":405}]},{"type":"Sprite","props":{"y":216,"x":219,"width":82,"pivotY":15,"pivotX":41,"name":"down_Aisle_02","height":48},"compId":466,"child":[{"type":"Image","props":{"y":47,"x":80,"skin":"Room/ui_interaction_01.png","rotation":180,"name":"interaction"},"compId":467},{"type":"Image","props":{"y":7.8,"x":41.5,"skin":"Room/room_blue_wall.png","rotation":0,"pivotY":8,"pivotX":41,"name":"wall","height":16.4},"compId":468},{"type":"Image","props":{"y":7,"x":41.5,"width":81,"skin":"Room/room_blue_color.png","rotation":180,"pivotY":8,"pivotX":41,"name":"color","height":15},"compId":469},{"type":"Script","props":{"y":-17,"x":33,"width":15,"label":"aisle","isSensor":true,"height":51,"runtime":"laya.physics.BoxCollider"},"compId":470},{"type":"Script","props":{"gravityScale":0,"bullet":true,"allowSleep":false,"allowRotation":false,"runtime":"laya.physics.RigidBody"},"compId":471},{"type":"Script","props":{"runtime":"script/Game/UIMain_Aisle.ts"},"compId":472},{"type":"Label","props":{"text":"label","name":"yanse","alpha":0},"compId":473},{"type":"Script","props":{"y":0,"x":0,"width":82,"label":"interaction","isSensor":true,"height":48,"runtime":"laya.physics.BoxCollider"},"compId":474}]},{"type":"Sprite","props":{"y":215,"x":345,"width":82,"pivotY":14,"pivotX":41,"name":"down_Aisle_01","height":48},"compId":457,"child":[{"type":"Image","props":{"y":47,"x":80,"skin":"Room/ui_interaction_01.png","rotation":180,"name":"interaction"},"compId":458},{"type":"Image","props":{"y":7.8,"x":41.5,"skin":"Room/room_blue_wall.png","rotation":0,"pivotY":8,"pivotX":41,"name":"wall","height":16},"compId":459},{"type":"Image","props":{"y":7,"x":41.5,"width":81,"skin":"Room/room_blue_color.png","rotation":180,"pivotY":8,"pivotX":41,"name":"color","height":15},"compId":460},{"type":"Script","props":{"y":-17,"x":33,"width":15,"label":"aisle","isSensor":true,"height":51,"runtime":"laya.physics.BoxCollider"},"compId":461},{"type":"Script","props":{"gravityScale":0,"bullet":true,"allowSleep":false,"allowRotation":false,"runtime":"laya.physics.RigidBody"},"compId":462},{"type":"Script","props":{"runtime":"script/Game/UIMain_Aisle.ts"},"compId":463},{"type":"Label","props":{"text":"label","name":"yanse","alpha":0},"compId":464},{"type":"Script","props":{"y":0,"x":0,"width":82,"label":"interaction","isSensor":true,"height":48,"runtime":"laya.physics.BoxCollider"},"compId":465}]},{"type":"Sprite","props":{"y":184,"x":284,"width":55,"pivotY":28,"pivotX":28,"name":"dogfood","height":56},"compId":517,"child":[{"type":"Sprite","props":{"y":27,"x":28,"texture":"Room/icon_dogfood.png","scaleY":0.7,"scaleX":0.7,"pivotY":29,"pivotX":41},"compId":518},{"type":"Script","props":{"y":3,"x":19,"width":21,"label":"dogfood","isSensor":true,"height":52,"runtime":"laya.physics.BoxCollider"},"compId":519},{"type":"Script","props":{"gravityScale":0,"bullet":true,"allowSleep":false,"allowRotation":false,"runtime":"laya.physics.RigidBody"},"compId":520}]},{"type":"Sprite","props":{"y":5,"x":464,"width":13,"name":"right_Wall","height":210},"compId":521,"child":[{"type":"Script","props":{"y":115,"x":-1,"width":16,"label":"wall","isSensor":true,"height":93,"runtime":"laya.physics.BoxCollider"},"compId":522},{"type":"Script","props":{"gravityScale":0,"bullet":true,"allowSleep":false,"runtime":"laya.physics.RigidBody"},"compId":523}]}]},{"type":"Sprite","props":{"y":187,"x":105,"width":69,"var":"BtnSet","texture":"UI/770947bf-ac61-4198-919a-734bd94d7e40.png","pivotY":37,"pivotX":35,"name":"BtnSet","height":73,"alpha":0},"compId":295},{"type":"Sprite","props":{"y":840,"x":481,"width":47,"var":"Wangzi","pivotY":35,"pivotX":29,"name":"Wangzi","height":69},"compId":484,"child":[{"type":"Image","props":{"y":34,"x":29,"width":57,"skin":"UI/2.png","scaleX":-1,"pivotY":35,"pivotX":29,"name":"pic","height":70},"compId":485},{"type":"Script","props":{"y":0,"x":7,"width":33,"label":"wangzi","isSensor":true,"height":69,"runtime":"laya.physics.BoxCollider"},"compId":486},{"type":"Script","props":{"gravityScale":0,"allowSleep":true,"allowRotation":true,"runtime":"laya.physics.RigidBody"},"compId":487},{"type":"Script","props":{"runtime":"script/Game/UIMain_Wangzi.ts"},"compId":488}]},{"type":"Sprite","props":{"y":359,"x":114,"width":51,"var":"Gongzhu","rotation":0,"pivotY":32,"pivotX":26,"name":"Gongzhu","height":63},"compId":489,"child":[{"type":"Script","props":{"y":0,"x":6,"width":40,"label":"gongzhu","isSensor":true,"height":66,"runtime":"laya.physics.BoxCollider"},"compId":490},{"type":"Script","props":{"gravityScale":0,"allowSleep":false,"allowRotation":false,"runtime":"laya.physics.RigidBody"},"compId":491},{"type":"Image","props":{"y":23,"x":20,"width":52,"skin":"UI_new/GameStart/person_gongzhu.png","pivotY":35,"pivotX":24,"name":"pic","height":70},"compId":492},{"type":"Script","props":{"runtime":"script/Game/UIMain_Gongzhu.ts"},"compId":493}]},{"type":"Sprite","props":{"y":629,"x":641,"width":60,"pivotY":24,"pivotX":30,"name":"moveDog_01","height":48},"compId":512,"child":[{"type":"Image","props":{"y":25,"x":31,"width":60,"skin":"UI/1.png","pivotY":24,"pivotX":30,"name":"pic","height":47},"compId":513},{"type":"Script","props":{"y":-11,"x":9,"width":42,"label":"dog","isSensor":true,"height":64,"runtime":"laya.physics.BoxCollider"},"compId":514},{"type":"Script","props":{"gravityScale":0,"allowSleep":false,"allowRotation":false,"runtime":"laya.physics.RigidBody"},"compId":515},{"type":"Script","props":{"runtime":"script/Game/UIMain_Dog.ts"},"compId":516}]}],"loadList":["UI_new/conmmon/bg_yeloow.png","Room/room_purple.png","UI/ec8071c1-4577-4d6c-9231-2357a90145b1.png","Room/ui_bookrack.png","Room/ui_interaction_01.png","Room/room_blue_wall.png","Room/room_blue_color.png","Room/room_bluish.png","Room/ui_ladder.png","Room/room_green.png","Room/icon_dogfood.png","UI/770947bf-ac61-4198-919a-734bd94d7e40.png","UI/2.png","UI_new/GameStart/person_gongzhu.png","UI/1.png"],"loadList3D":[]}