{"type":"View","props":{"width":720,"height":1280},"compId":2,"child":[{"type":"Script","props":{"y":0,"x":0,"runtime":"script/Game/UIMain.ts"},"compId":60},{"type":"Image","props":{"y":0,"x":0,"var":"background","skin":"UI_new/conmmon/bg_yeloow.png","name":"background"},"compId":3},{"type":"Image","props":{"y":769,"x":195,"width":233,"skin":"Room/room_bluish.png","sizeGrid":"23,22,24,20","pivotY":108,"pivotX":116,"name":"Room2","height":216},"compId":592,"child":[{"type":"Script","props":{"y":0,"x":1,"width":233,"isSensor":false,"height":216,"friction":0.2,"density":-1,"runtime":"laya.physics.BoxCollider"},"compId":593},{"type":"Script","props":{"type":"dynamic","group":1,"gravityScale":0,"bullet":true,"allowSleep":false,"allowRotation":false,"runtime":"laya.physics.RigidBody"},"compId":594},{"type":"Script","props":{"y":2,"x":0,"runtime":"script/Game/UIMain_Room.ts"},"compId":595},{"type":"Sprite","props":{"y":159,"x":1,"width":48,"pivotY":41,"pivotX":33,"name":"left_Aisle_01","height":82},"compId":722,"child":[{"type":"Image","props":{"y":80,"x":0.5,"width":78,"skin":"Room/ui_interaction_01.png","rotation":270,"name":"interaction","height":32},"compId":723},{"type":"Image","props":{"y":41.5,"x":40,"skin":"Room/room_blue_wall.png","rotation":90,"pivotY":8,"pivotX":41,"name":"wall","height":16.5},"compId":724},{"type":"Image","props":{"y":41.5,"x":40.5,"width":81,"skin":"Room/room_blue_color.png","rotation":-90,"pivotY":8,"pivotX":41,"name":"color","height":15},"compId":725},{"type":"Script","props":{"y":34,"x":23,"width":25,"label":"aisle","isSensor":true,"height":15,"runtime":"laya.physics.BoxCollider"},"compId":726},{"type":"Script","props":{"y":1,"x":0,"gravityScale":0,"bullet":true,"allowSleep":false,"allowRotation":false,"runtime":"laya.physics.RigidBody"},"compId":727},{"type":"Script","props":{"runtime":"script/Game/UIMain_Aisle.ts"},"compId":728},{"type":"Label","props":{"text":"label","name":"yanse","alpha":0},"compId":729},{"type":"Script","props":{"width":48,"label":"interaction","isSensor":true,"height":82,"runtime":"laya.physics.BoxCollider"},"compId":730}]},{"type":"Sprite","props":{"y":200,"x":11,"width":220,"name":"Floor_01_Room2","height":17},"compId":596,"child":[{"type":"Image","props":{"y":0,"x":0,"width":186,"skin":"UI/ec8071c1-4577-4d6c-9231-2357a90145b1.png","sizeGrid":"0,4,0,8","height":14,"alpha":0},"compId":597},{"type":"Script","props":{"y":1,"x":-9,"width":227,"label":"floor","isSensor":true,"height":14,"runtime":"laya.physics.BoxCollider"},"compId":598},{"type":"Script","props":{"gravityScale":0,"bullet":true,"allowSleep":false,"allowRotation":false,"runtime":"laya.physics.RigidBody"},"compId":599}]},{"type":"Sprite","props":{"y":41,"x":49,"texture":"Room/ui_window.png"},"compId":600},{"type":"Sprite","props":{"y":159,"x":231,"width":48,"pivotY":41,"pivotX":14,"name":"right_Aisle_01","height":82},"compId":749,"child":[{"type":"Image","props":{"y":2,"x":47,"width":78,"skin":"Room/ui_interaction_01.png","rotation":90,"name":"interaction","height":32},"compId":750},{"type":"Image","props":{"y":42,"x":7.8,"width":81,"skin":"Room/room_blue_wall.png","rotation":90,"pivotY":8,"pivotX":41,"name":"wall","height":16.5},"compId":751},{"type":"Image","props":{"y":41.5,"x":7.5,"skin":"Room/room_blue_color.png","rotation":90,"pivotY":8,"pivotX":41,"name":"color"},"compId":752},{"type":"Script","props":{"y":34,"x":0,"width":25,"label":"aisle","isSensor":true,"height":15,"runtime":"laya.physics.BoxCollider"},"compId":753},{"type":"Script","props":{"gravityScale":0,"bullet":true,"allowSleep":false,"allowRotation":false,"runtime":"laya.physics.RigidBody"},"compId":754},{"type":"Script","props":{"runtime":"script/Game/UIMain_Aisle.ts"},"compId":755},{"type":"Label","props":{"text":"label","name":"yanse","alpha":0},"compId":756},{"type":"Script","props":{"width":48,"label":"interaction","isSensor":true,"height":82,"runtime":"laya.physics.BoxCollider"},"compId":757}]},{"type":"Sprite","props":{"y":175.5,"x":108,"width":49,"pivotY":25,"pivotX":25,"name":"necklace","height":49},"compId":790,"child":[{"type":"Sprite","props":{"y":1,"x":-2,"width":52,"texture":"Room/icon_necklace.png","height":50},"compId":791},{"type":"Script","props":{"y":3,"x":3,"width":44,"label":"necklace","isSensor":true,"height":45,"runtime":"laya.physics.BoxCollider"},"compId":792},{"type":"Script","props":{"gravityScale":0,"bullet":true,"allowSleep":false,"allowRotation":false,"runtime":"laya.physics.RigidBody"},"compId":793}]}]},{"type":"Image","props":{"y":524,"x":444,"width":360,"skin":"Room/room_red.png","sizeGrid":"23,22,24,20","pivotY":108,"pivotX":180,"name":"Room3","height":216},"compId":157,"child":[{"type":"Script","props":{"y":0,"x":1,"width":360,"isSensor":false,"height":216,"friction":0.2,"density":-1,"runtime":"laya.physics.BoxCollider"},"compId":158},{"type":"Script","props":{"type":"dynamic","group":1,"gravityScale":0,"bullet":true,"allowSleep":false,"allowRotation":false,"runtime":"laya.physics.RigidBody"},"compId":159},{"type":"Script","props":{"y":2,"x":0,"runtime":"script/Game/UIMain_Room.ts"},"compId":166},{"type":"Sprite","props":{"y":200,"x":11,"width":346,"name":"Floor_01_Room3","height":17},"compId":179,"child":[{"type":"Image","props":{"y":0,"x":0,"width":186,"skin":"UI/ec8071c1-4577-4d6c-9231-2357a90145b1.png","sizeGrid":"0,4,0,8","height":14,"alpha":0},"compId":180},{"type":"Script","props":{"y":1,"x":-9,"width":358,"label":"floor","isSensor":true,"height":14,"runtime":"laya.physics.BoxCollider"},"compId":181},{"type":"Script","props":{"gravityScale":0,"bullet":true,"allowSleep":false,"allowRotation":false,"runtime":"laya.physics.RigidBody"},"compId":182}]},{"type":"Sprite","props":{"y":41,"x":49,"texture":"Room/ui_window.png"},"compId":326},{"type":"Sprite","props":{"y":9,"x":1,"width":14,"name":"right_Wall","height":198},"compId":577,"child":[{"type":"Script","props":{"y":101,"x":0,"width":14,"label":"wall","isSensor":true,"height":97,"runtime":"laya.physics.BoxCollider"},"compId":578},{"type":"Script","props":{"gravityScale":0,"bullet":true,"allowSleep":false,"runtime":"laya.physics.RigidBody"},"compId":579}]},{"type":"Sprite","props":{"y":159,"x":360,"width":48,"pivotY":41,"pivotX":14,"name":"right_Aisle_01","height":82},"compId":740,"child":[{"type":"Image","props":{"y":2,"x":47,"width":78,"skin":"Room/ui_interaction_01.png","rotation":90,"name":"interaction","height":32},"compId":741},{"type":"Image","props":{"y":42,"x":7.5,"width":81,"skin":"Room/room_blue_wall.png","rotation":90,"pivotY":8,"pivotX":41,"name":"wall","height":17},"compId":742},{"type":"Image","props":{"y":41.5,"x":7,"skin":"Room/room_blue_color.png","rotation":90,"pivotY":8,"pivotX":41,"name":"color"},"compId":743},{"type":"Script","props":{"y":34,"x":0,"width":25,"label":"aisle","isSensor":true,"height":15,"runtime":"laya.physics.BoxCollider"},"compId":744},{"type":"Script","props":{"gravityScale":0,"bullet":true,"allowSleep":false,"allowRotation":false,"runtime":"laya.physics.RigidBody"},"compId":745},{"type":"Script","props":{"runtime":"script/Game/UIMain_Aisle.ts"},"compId":746},{"type":"Label","props":{"text":"label","name":"yanse","alpha":0},"compId":747},{"type":"Script","props":{"width":48,"label":"interaction","isSensor":true,"height":82,"runtime":"laya.physics.BoxCollider"},"compId":748}]},{"type":"Sprite","props":{"y":174,"x":202,"width":55,"pivotY":25,"pivotX":25,"name":"houzi","height":56},"compId":777,"child":[{"type":"Image","props":{"y":28,"x":28,"width":82,"skin":"Room/room_bluish.png","pivotY":29,"pivotX":41,"name":"pic","height":57},"compId":778},{"type":"Script","props":{"y":3,"x":3,"width":51,"label":"houzi","isSensor":true,"height":52,"runtime":"laya.physics.BoxCollider"},"compId":779},{"type":"Script","props":{"gravityScale":0,"bullet":true,"allowSleep":false,"allowRotation":false,"runtime":"laya.physics.RigidBody"},"compId":780},{"type":"Sprite","props":{"y":-19,"x":28,"width":83,"pivotY":13,"pivotX":42,"name":"Progress","height":25},"compId":781,"child":[{"type":"Image","props":{"y":5,"x":0,"width":82,"skin":"UI_new/Loding/ui_progress.png","sizeGrid":"10,24,12,18","height":19},"compId":782},{"type":"Image","props":{"y":29,"x":3,"width":76,"skin":"UI_new/Loding/ui_progress&bar.png","sizeGrid":"6,24,9,25","pivotY":21,"name":"ProgressBar","height":12},"compId":783,"child":[{"type":"Sprite","props":{"y":-10,"x":-1,"width":78,"texture":"UI_new/Loding/ui_progress&bar.png","renderType":"mask","name":"Mask","height":29},"compId":784}]}]},{"type":"Script","props":{"eatSpeed":"1","runtime":"script/Game/UIMain_Houzi.ts"},"compId":785}]}]},{"type":"Image","props":{"y":903,"x":520,"width":259,"var":"Room1","skin":"Room/room_green.png","sizeGrid":"23,22,24,20","pivotY":108,"pivotX":130,"name":"Room1","height":216},"compId":93,"child":[{"type":"Script","props":{"y":0,"x":1,"width":257,"isSensor":false,"height":216,"friction":0.2,"density":-1,"runtime":"laya.physics.BoxCollider"},"compId":94},{"type":"Script","props":{"type":"dynamic","group":1,"gravityScale":0,"bullet":true,"allowSleep":false,"runtime":"laya.physics.RigidBody"},"compId":95},{"type":"Script","props":{"y":1,"x":0,"runtime":"script/Game/UIMain_Room.ts"},"compId":102},{"type":"Sprite","props":{"y":46,"x":95,"texture":"Room/ui_window.png"},"compId":325},{"type":"Sprite","props":{"y":201,"x":-3,"width":270,"name":"Floor_01_Room1","height":16},"compId":345,"child":[{"type":"Script","props":{"y":0,"x":2,"width":256,"label":"floor","isSensor":true,"height":16,"runtime":"laya.physics.BoxCollider"},"compId":346},{"type":"Script","props":{"gravityScale":0,"bullet":true,"allowSleep":false,"allowRotation":true,"runtime":"laya.physics.RigidBody"},"compId":347}]},{"type":"Sprite","props":{"y":3,"x":245,"width":14,"name":"right_Wall_01","height":203},"compId":562,"child":[{"type":"Script","props":{"y":116,"x":0,"width":14,"label":"wall","isSensor":true,"height":87,"runtime":"laya.physics.BoxCollider"},"compId":563},{"type":"Script","props":{"gravityScale":0,"bullet":true,"allowSleep":false,"runtime":"laya.physics.RigidBody"},"compId":564}]},{"type":"Sprite","props":{"y":160,"x":0,"width":48,"pivotY":41,"pivotX":33,"name":"left_Aisle_01","height":82},"compId":731,"child":[{"type":"Image","props":{"y":80,"x":0.5,"width":78,"skin":"Room/ui_interaction_01.png","rotation":270,"name":"interaction","height":32},"compId":732},{"type":"Image","props":{"y":41.5,"x":40.8,"skin":"Room/room_blue_wall.png","rotation":90,"pivotY":8,"pivotX":41,"name":"wall","height":16.6},"compId":733},{"type":"Image","props":{"y":41.5,"x":40.5,"width":81,"skin":"Room/room_blue_color.png","rotation":-90,"pivotY":8,"pivotX":41,"name":"color","height":15},"compId":734},{"type":"Script","props":{"y":34,"x":23,"width":25,"label":"aisle","isSensor":true,"height":15,"runtime":"laya.physics.BoxCollider"},"compId":735},{"type":"Script","props":{"y":1,"x":0,"gravityScale":0,"bullet":true,"allowSleep":false,"allowRotation":false,"runtime":"laya.physics.RigidBody"},"compId":736},{"type":"Script","props":{"runtime":"script/Game/UIMain_Aisle.ts"},"compId":737},{"type":"Label","props":{"text":"label","name":"yanse","alpha":0},"compId":738},{"type":"Script","props":{"width":48,"label":"interaction","isSensor":true,"height":82,"runtime":"laya.physics.BoxCollider"},"compId":739}]}]},{"type":"Sprite","props":{"y":968,"x":520,"width":51,"var":"Gongzhu","rotation":0,"pivotY":32,"pivotX":26,"name":"Gongzhu","height":63},"compId":758,"child":[{"type":"Script","props":{"y":0,"x":6,"width":40,"label":"gongzhu","isSensor":true,"height":66,"runtime":"laya.physics.BoxCollider"},"compId":759},{"type":"Script","props":{"gravityScale":0,"allowSleep":false,"allowRotation":false,"runtime":"laya.physics.RigidBody"},"compId":760},{"type":"Image","props":{"y":23,"x":20,"width":52,"skin":"UI_new/GameStart/person_gongzhu.png","pivotY":35,"pivotX":24,"name":"pic","height":70},"compId":761},{"type":"Script","props":{"runtime":"script/Game/UIMain_Gongzhu.ts"},"compId":762}]},{"type":"Sprite","props":{"y":587,"x":360,"width":57,"var":"Wangzi","pivotY":35,"pivotX":29,"name":"Wangzi","height":69},"compId":763,"child":[{"type":"Image","props":{"y":34,"x":29,"width":57,"skin":"UI/2.png","scaleX":-1,"pivotY":35,"pivotX":29,"name":"pic","height":70},"compId":764},{"type":"Script","props":{"width":57,"label":"wangzi","isSensor":true,"height":69,"runtime":"laya.physics.BoxCollider"},"compId":765},{"type":"Script","props":{"gravityScale":0,"allowSleep":true,"allowRotation":true,"runtime":"laya.physics.RigidBody"},"compId":766},{"type":"Script","props":{"runtime":"script/Game/UIMain_Wangzi.ts"},"compId":767}]}],"loadList":["UI_new/conmmon/bg_yeloow.png","Room/room_bluish.png","Room/ui_interaction_01.png","Room/room_blue_wall.png","Room/room_blue_color.png","UI/ec8071c1-4577-4d6c-9231-2357a90145b1.png","Room/ui_window.png","Room/icon_necklace.png","Room/room_red.png","UI_new/Loding/ui_progress.png","UI_new/Loding/ui_progress&bar.png","Room/room_green.png","UI_new/GameStart/person_gongzhu.png","UI/2.png"],"loadList3D":[]}