{"type":"View","props":{"width":720,"name":"UIMain_00","height":1280},"compId":2,"child":[{"type":"Image","props":{"y":0,"x":0,"width":720,"var":"background","skin":"UI_new/conmmon/bg_yeloow.png","name":"background","height":1280},"compId":3},{"type":"Image","props":{"y":585,"x":555,"width":264,"var":"Room2","skin":"Room/room_green.png","sizeGrid":"23,22,24,20","pivotY":142,"pivotX":132,"name":"Room2","height":284},"compId":4,"child":[{"type":"Script","props":{"y":1,"x":2,"width":260,"isSensor":false,"height":281,"friction":0.2,"density":-1,"runtime":"laya.physics.BoxCollider"},"compId":5},{"type":"Script","props":{"type":"dynamic","gravityScale":0,"allowSleep":false,"allowRotation":false,"runtime":"laya.physics.RigidBody"},"compId":6},{"type":"Sprite","props":{"y":0,"x":249,"width":14,"name":"left_Wall","height":272},"compId":11,"child":[{"type":"Script","props":{"y":0,"x":0,"width":14,"label":"wall","isSensor":true,"height":274,"runtime":"laya.physics.BoxCollider"},"compId":12},{"type":"Script","props":{"gravityScale":0,"bullet":true,"allowSleep":false,"runtime":"laya.physics.RigidBody"},"compId":13}]},{"type":"Script","props":{"runtime":"script/Game/UIMain_Room.ts"},"compId":14},{"type":"Sprite","props":{"y":269,"x":21,"width":240,"name":"Floor_01_Room2","height":14},"compId":118,"child":[{"type":"Image","props":{"skin":"UI/75b774cd-5d5f-4c0d-8bd0-7ec4d388c85d.png","alpha":0},"compId":95},{"type":"Script","props":{"y":0,"x":-21,"width":263,"label":"floor","isSensor":true,"height":14,"runtime":"laya.physics.BoxCollider"},"compId":102},{"type":"Script","props":{"gravityScale":0,"bullet":true,"allowSleep":false,"allowRotation":false,"runtime":"laya.physics.RigidBody"},"compId":103}]},{"type":"Sprite","props":{"y":91,"x":48,"texture":"UI/2506dece-73cb-413b-93fd-6203f881c8d7.png"},"compId":184},{"type":"Sprite","props":{"y":194,"x":169,"texture":"UI/e557da62-7068-4f1c-9cff-b0b7bdc059d3.png"},"compId":243},{"type":"Sprite","props":{"y":228,"x":0,"width":48,"pivotY":41,"pivotX":33,"name":"left_Aisle_01","height":82},"compId":383,"child":[{"type":"Image","props":{"y":80,"x":0.5,"width":78,"skin":"Room/ui_interaction_01.png","rotation":270,"name":"interaction","height":32},"compId":384},{"type":"Image","props":{"y":41.5,"x":40.7,"skin":"Room/room_blue_wall.png","rotation":90,"pivotY":8,"pivotX":41,"name":"wall","height":17},"compId":385},{"type":"Image","props":{"y":41.5,"x":40.5,"width":81,"skin":"Room/room_blue_color.png","rotation":-90,"pivotY":8,"pivotX":41,"name":"color","height":15},"compId":386},{"type":"Script","props":{"y":34,"x":23,"width":25,"label":"aisle","isSensor":true,"height":15,"runtime":"laya.physics.BoxCollider"},"compId":387},{"type":"Script","props":{"y":1,"x":0,"gravityScale":0,"bullet":true,"allowSleep":false,"allowRotation":false,"runtime":"laya.physics.RigidBody"},"compId":388},{"type":"Script","props":{"runtime":"script/Game/UIMain_Aisle.ts"},"compId":389},{"type":"Label","props":{"text":"label","name":"yanse","alpha":0},"compId":390},{"type":"Script","props":{"width":48,"label":"interaction","isSensor":true,"height":82,"runtime":"laya.physics.BoxCollider"},"compId":391}]}]},{"type":"Script","props":{"y":0,"x":0,"runtime":"script/Game/UIMain.ts"},"compId":55},{"type":"Image","props":{"y":885,"x":303,"width":362,"skin":"Room/room_bluish.png","sizeGrid":"23,22,24,20","pivotY":106,"pivotX":181,"name":"Room3","height":211},"compId":185,"child":[{"type":"Script","props":{"y":0,"x":0,"width":361,"isSensor":false,"height":211,"friction":0.2,"density":-1,"runtime":"laya.physics.BoxCollider"},"compId":186},{"type":"Script","props":{"type":"dynamic","gravityScale":0,"allowSleep":false,"allowRotation":false,"runtime":"laya.physics.RigidBody"},"compId":187},{"type":"Sprite","props":{"y":197,"x":3,"width":358,"name":"Floor_01_Room3","height":14},"compId":207,"child":[{"type":"Image","props":{"y":0,"x":-7,"width":315,"skin":"UI/75b774cd-5d5f-4c0d-8bd0-7ec4d388c85d.png","height":14,"alpha":0},"compId":208},{"type":"Script","props":{"y":-1,"x":0,"width":357,"label":"floor","isSensor":true,"height":15,"runtime":"laya.physics.BoxCollider"},"compId":209},{"type":"Script","props":{"y":0,"x":0,"width":1,"height":1,"gravityScale":0,"bullet":true,"allowSleep":false,"allowRotation":false,"runtime":"laya.physics.RigidBody"},"compId":210}]},{"type":"Script","props":{"runtime":"script/Game/UIMain_Room.ts"},"compId":211},{"type":"Sprite","props":{"y":3.5,"x":1,"width":14,"name":"left_Wall","height":204},"compId":212,"child":[{"type":"Script","props":{"y":0,"x":0,"width":14,"label":"wall","isSensor":true,"height":206,"runtime":"laya.physics.BoxCollider"},"compId":213},{"type":"Script","props":{"gravityScale":0,"bullet":true,"allowSleep":false,"runtime":"laya.physics.RigidBody"},"compId":214}]},{"type":"Sprite","props":{"y":156,"x":361,"width":48,"pivotY":41,"pivotX":14,"name":"right_Aisle_01","height":82},"compId":392,"child":[{"type":"Image","props":{"y":2,"x":47,"width":78,"skin":"Room/ui_interaction_01.png","rotation":90,"name":"interaction","height":32},"compId":393},{"type":"Image","props":{"y":42,"x":7.6,"width":81,"skin":"Room/room_blue_wall.png","rotation":90,"pivotY":8,"pivotX":41,"name":"wall","height":16.4},"compId":394},{"type":"Image","props":{"y":41.5,"x":7.5,"skin":"Room/room_blue_color.png","rotation":90,"pivotY":8,"pivotX":41,"name":"color"},"compId":395},{"type":"Script","props":{"y":34,"x":0,"width":25,"label":"aisle","isSensor":true,"height":15,"runtime":"laya.physics.BoxCollider"},"compId":396},{"type":"Script","props":{"gravityScale":0,"bullet":true,"allowSleep":false,"allowRotation":false,"runtime":"laya.physics.RigidBody"},"compId":397},{"type":"Script","props":{"runtime":"script/Game/UIMain_Aisle.ts"},"compId":398},{"type":"Label","props":{"text":"label","name":"yanse","alpha":0},"compId":399},{"type":"Script","props":{"width":48,"label":"interaction","isSensor":true,"height":82,"runtime":"laya.physics.BoxCollider"},"compId":400}]}]},{"type":"Image","props":{"y":270,"x":238,"width":317,"var":"Room1","skin":"Room/room_purple.png","sizeGrid":"23,22,24,20","pivotY":100,"pivotX":159,"name":"Room1","height":199},"compId":15,"child":[{"type":"Script","props":{"y":0,"x":0,"width":317,"isSensor":false,"height":199,"friction":0.2,"density":-1,"runtime":"laya.physics.BoxCollider"},"compId":16},{"type":"Script","props":{"type":"dynamic","group":1,"gravityScale":0,"bullet":true,"allowSleep":false,"runtime":"laya.physics.RigidBody"},"compId":17},{"type":"Script","props":{"y":1,"x":0,"runtime":"script/Game/UIMain_Room.ts"},"compId":22},{"type":"Sprite","props":{"y":84,"x":133,"texture":"UI/1b8bda18-0d62-4b87-a356-8d690b4bc348.png"},"compId":326},{"type":"Sprite","props":{"y":143,"x":132,"texture":"UI/e62eab3c-a17c-41f0-a7c8-8a56fe855c9e.png"},"compId":323},{"type":"Sprite","props":{"y":182,"x":2,"width":311,"name":"Floor_02_Room1","height":17},"compId":104,"child":[{"type":"Image","props":{"y":102,"x":2,"width":296,"height":14,"alpha":0},"compId":105},{"type":"Script","props":{"y":1,"x":2,"width":311,"label":"floor","isSensor":true,"height":15,"runtime":"laya.physics.BoxCollider"},"compId":106},{"type":"Script","props":{"gravityScale":0,"allowSleep":false,"allowRotation":false,"runtime":"laya.physics.RigidBody"},"compId":107}]},{"type":"Sprite","props":{"y":42,"x":222,"texture":"UI/2506dece-73cb-413b-93fd-6203f881c8d7.png"},"compId":324},{"type":"Sprite","props":{"y":48.5,"x":41,"texture":"UI/1b8bda18-0d62-4b87-a356-8d690b4bc348.png"},"compId":325},{"type":"Sprite","props":{"y":142,"x":1,"width":48,"pivotY":41,"pivotX":33,"name":"left_Aisle_01","height":82},"compId":374,"child":[{"type":"Image","props":{"y":80,"x":0.5,"width":78,"skin":"Room/ui_interaction_01.png","rotation":270,"name":"interaction","height":32},"compId":375},{"type":"Image","props":{"y":41.5,"x":40,"skin":"Room/room_blue_wall.png","rotation":90,"pivotY":8,"pivotX":41,"name":"wall","height":16},"compId":376},{"type":"Image","props":{"y":41.5,"x":40.5,"width":81,"skin":"Room/room_blue_color.png","rotation":-90,"pivotY":8,"pivotX":41,"name":"color","height":15},"compId":377},{"type":"Script","props":{"y":34,"x":23,"width":25,"label":"aisle","isSensor":true,"height":15,"runtime":"laya.physics.BoxCollider"},"compId":378},{"type":"Script","props":{"y":1,"x":0,"gravityScale":0,"bullet":true,"allowSleep":false,"allowRotation":false,"runtime":"laya.physics.RigidBody"},"compId":379},{"type":"Script","props":{"runtime":"script/Game/UIMain_Aisle.ts"},"compId":380},{"type":"Label","props":{"text":"label","name":"yanse","alpha":0},"compId":381},{"type":"Script","props":{"width":48,"label":"interaction","isSensor":true,"height":82,"runtime":"laya.physics.BoxCollider"},"compId":382}]},{"type":"Sprite","props":{"y":51.5,"x":245,"width":38,"visible":false,"rotation":0,"pivotY":25,"pivotX":19,"name":"drumstick","height":49},"compId":417,"child":[{"type":"Script","props":{"y":2,"x":2,"width":35,"label":"drumstick","isSensor":true,"height":46,"runtime":"laya.physics.BoxCollider"},"compId":418},{"type":"Script","props":{"gravityScale":0,"allowSleep":false,"allowRotation":false,"runtime":"laya.physics.RigidBody"},"compId":419},{"type":"Image","props":{"y":11,"x":10,"skin":"Room/icon_drumstick.png","scaleY":0.6,"scaleX":0.6,"name":"pic"},"compId":420}]},{"type":"Sprite","props":{"y":143,"x":316,"width":48,"pivotY":41,"pivotX":14,"name":"right_Aisle_01","height":82},"compId":433,"child":[{"type":"Image","props":{"y":2,"x":47,"width":78,"skin":"Room/ui_interaction_01.png","rotation":90,"name":"interaction","height":32},"compId":434},{"type":"Image","props":{"y":42,"x":7,"width":81,"skin":"Room/room_blue_wall.png","rotation":90,"pivotY":8,"pivotX":41,"name":"wall","height":15},"compId":435},{"type":"Image","props":{"y":41.5,"x":7.5,"skin":"Room/room_blue_color.png","rotation":90,"pivotY":8,"pivotX":41,"name":"color"},"compId":436},{"type":"Script","props":{"y":34,"x":0,"width":25,"label":"aisle","isSensor":true,"height":15,"runtime":"laya.physics.BoxCollider"},"compId":437},{"type":"Script","props":{"gravityScale":0,"bullet":true,"allowSleep":false,"allowRotation":false,"runtime":"laya.physics.RigidBody"},"compId":438},{"type":"Script","props":{"runtime":"script/Game/UIMain_Aisle.ts"},"compId":439},{"type":"Label","props":{"text":"label","name":"yanse","alpha":0},"compId":440},{"type":"Script","props":{"width":48,"label":"interaction","isSensor":true,"height":82,"runtime":"laya.physics.BoxCollider"},"compId":441}]}]},{"type":"Sprite","props":{"y":951,"x":272,"width":60,"pivotY":24,"pivotX":30,"name":"moveDog_01","height":48},"compId":291,"child":[{"type":"Image","props":{"y":25,"x":31,"width":60,"skin":"UI/1.png","pivotY":24,"pivotX":30,"name":"pic","height":47},"compId":292},{"type":"Script","props":{"y":-11,"x":9,"width":42,"label":"dog","isSensor":true,"height":64,"runtime":"laya.physics.BoxCollider"},"compId":293},{"type":"Script","props":{"gravityScale":0,"allowSleep":false,"allowRotation":false,"runtime":"laya.physics.RigidBody"},"compId":294},{"type":"Script","props":{"runtime":"script/Game/UIMain_Dog.ts"},"compId":295}]},{"type":"Sprite","props":{"y":951,"x":341.5,"width":60,"pivotY":24,"pivotX":30,"name":"moveDog_02","height":48},"compId":309,"child":[{"type":"Image","props":{"y":25,"x":31,"width":60,"skin":"UI/1.png","pivotY":24,"pivotX":30,"name":"pic","height":47},"compId":310},{"type":"Script","props":{"y":-11,"x":9,"width":42,"label":"dog","isSensor":true,"height":64,"runtime":"laya.physics.BoxCollider"},"compId":311},{"type":"Script","props":{"gravityScale":0,"allowSleep":false,"allowRotation":false,"runtime":"laya.physics.RigidBody"},"compId":312},{"type":"Script","props":{"runtime":"script/Game/UIMain_Dog.ts"},"compId":313}]},{"type":"Sprite","props":{"y":946,"x":190.5,"width":57,"var":"Wangzi","pivotY":35,"pivotX":29,"name":"Wangzi","height":69},"compId":403,"child":[{"type":"Image","props":{"y":34,"x":29,"width":57,"skin":"UI/2.png","scaleX":-1,"pivotY":35,"pivotX":29,"name":"pic","height":70},"compId":404},{"type":"Script","props":{"width":57,"label":"wangzi","isSensor":true,"height":69,"runtime":"laya.physics.BoxCollider"},"compId":405},{"type":"Script","props":{"gravityScale":0,"allowSleep":true,"allowRotation":true,"runtime":"laya.physics.RigidBody"},"compId":406},{"type":"Script","props":{"runtime":"script/Game/UIMain_Wangzi.ts"},"compId":407}]},{"type":"Sprite","props":{"y":687,"x":542,"width":51,"var":"Gongzhu","rotation":0,"pivotY":32,"pivotX":26,"name":"Gongzhu","height":63},"compId":408,"child":[{"type":"Script","props":{"y":0,"x":6,"width":40,"label":"gongzhu","isSensor":true,"height":66,"runtime":"laya.physics.BoxCollider"},"compId":409},{"type":"Script","props":{"gravityScale":0,"allowSleep":false,"allowRotation":false,"runtime":"laya.physics.RigidBody"},"compId":410},{"type":"Image","props":{"y":23,"x":20,"width":52,"skin":"UI/3.png","pivotY":35,"pivotX":24,"name":"pic","height":70},"compId":411},{"type":"Script","props":{"runtime":"script/Game/UIMain_Gongzhu.ts"},"compId":412}]}],"loadList":["UI_new/conmmon/bg_yeloow.png","Room/room_green.png","UI/75b774cd-5d5f-4c0d-8bd0-7ec4d388c85d.png","UI/2506dece-73cb-413b-93fd-6203f881c8d7.png","UI/e557da62-7068-4f1c-9cff-b0b7bdc059d3.png","Room/ui_interaction_01.png","Room/room_blue_wall.png","Room/room_blue_color.png","Room/room_bluish.png","Room/room_purple.png","UI/1b8bda18-0d62-4b87-a356-8d690b4bc348.png","UI/e62eab3c-a17c-41f0-a7c8-8a56fe855c9e.png","Room/icon_drumstick.png","UI/1.png","UI/2.png","UI/3.png"],"loadList3D":[]}