{"type":"View","props":{"width":720,"height":1280},"compId":2,"child":[{"type":"Image","props":{"y":0,"x":0,"width":720,"var":"background","skin":"UI_new/conmmon/bg_yeloow.png","name":"background","height":1280},"compId":3},{"type":"Image","props":{"y":647,"x":525.5,"width":264,"var":"Room2","skin":"Room/room_green.png","sizeGrid":"23,22,24,20","pivotY":86.5,"pivotX":132,"name":"Room2","height":173},"compId":4,"child":[{"type":"Script","props":{"y":1,"x":2,"width":260,"isSensor":false,"height":171,"friction":0.2,"density":-1,"runtime":"laya.physics.BoxCollider"},"compId":5},{"type":"Script","props":{"type":"dynamic","gravityScale":0,"allowSleep":false,"allowRotation":false,"runtime":"laya.physics.RigidBody"},"compId":6},{"type":"Sprite","props":{"y":1,"x":0,"width":14,"name":"left_Wall","height":170},"compId":11,"child":[{"type":"Script","props":{"y":0,"x":0,"width":14,"label":"wall","isSensor":true,"height":170,"runtime":"laya.physics.BoxCollider"},"compId":12},{"type":"Script","props":{"gravityScale":0,"bullet":true,"allowSleep":false,"runtime":"laya.physics.RigidBody"},"compId":13}]},{"type":"Script","props":{"runtime":"script/Game/UIMain_Room.ts"},"compId":14},{"type":"Sprite","props":{"y":158,"x":22,"width":240,"name":"Floor_01_Room2","height":14},"compId":118,"child":[{"type":"Image","props":{"skin":"UI/75b774cd-5d5f-4c0d-8bd0-7ec4d388c85d.png","alpha":0},"compId":95},{"type":"Script","props":{"y":0,"x":-21,"width":263,"label":"floor","isSensor":true,"height":14,"runtime":"laya.physics.BoxCollider"},"compId":102},{"type":"Script","props":{"gravityScale":0,"bullet":true,"allowSleep":false,"allowRotation":false,"runtime":"laya.physics.RigidBody"},"compId":103}]},{"type":"Sprite","props":{"y":40.5,"x":49,"texture":"Room/ui_window.png"},"compId":184},{"type":"Sprite","props":{"y":84,"x":176,"texture":"Room/ui_door.png"},"compId":565},{"type":"Sprite","props":{"y":117,"x":262,"width":48,"pivotY":41,"pivotX":14,"name":"right_Aisle_01","height":82},"compId":584,"child":[{"type":"Image","props":{"y":2,"x":47,"width":78,"skin":"Room/ui_interaction_01.png","rotation":90,"name":"interaction","height":32},"compId":585},{"type":"Image","props":{"y":42,"x":8,"width":81,"skin":"Room/room_blue_wall.png","rotation":90,"pivotY":8,"pivotX":41,"name":"wall","height":16.8},"compId":586},{"type":"Image","props":{"y":41.5,"x":7.5,"skin":"Room/room_blue_color.png","rotation":90,"pivotY":8,"pivotX":41,"name":"color"},"compId":587},{"type":"Script","props":{"y":34,"x":0,"width":25,"label":"aisle","isSensor":true,"height":15,"runtime":"laya.physics.BoxCollider"},"compId":588},{"type":"Script","props":{"gravityScale":0,"bullet":true,"allowSleep":false,"allowRotation":false,"runtime":"laya.physics.RigidBody"},"compId":589},{"type":"Script","props":{"runtime":"script/Game/UIMain_Aisle.ts"},"compId":590},{"type":"Label","props":{"text":"label","name":"yanse","alpha":0},"compId":591},{"type":"Script","props":{"width":48,"label":"interaction","isSensor":true,"height":82,"runtime":"laya.physics.BoxCollider"},"compId":592}]}]},{"type":"Script","props":{"y":0,"x":0,"runtime":"script/Game/UIMain.ts"},"compId":55},{"type":"Image","props":{"y":945,"x":243,"width":325,"skin":"Room/room_purple.png","sizeGrid":"23,22,24,20","pivotY":118,"pivotX":163,"name":"Room3","height":236},"compId":185,"child":[{"type":"Script","props":{"y":1,"x":0,"width":324,"isSensor":false,"height":234,"friction":0.2,"density":-1,"runtime":"laya.physics.BoxCollider"},"compId":186},{"type":"Script","props":{"type":"dynamic","gravityScale":0,"allowSleep":false,"allowRotation":false,"runtime":"laya.physics.RigidBody"},"compId":187},{"type":"Script","props":{"runtime":"script/Game/UIMain_Room.ts"},"compId":211},{"type":"Sprite","props":{"y":118,"x":311,"width":14,"name":"left_Wall","height":117},"compId":212,"child":[{"type":"Script","props":{"y":0,"x":0,"width":14,"label":"wall","isSensor":true,"height":117,"runtime":"laya.physics.BoxCollider"},"compId":213},{"type":"Script","props":{"gravityScale":0,"bullet":true,"allowSleep":false,"runtime":"laya.physics.RigidBody"},"compId":214}]},{"type":"Sprite","props":{"y":222,"x":23,"width":240,"name":"Floor_01_Room3","height":14},"compId":405,"child":[{"type":"Image","props":{"skin":"UI/75b774cd-5d5f-4c0d-8bd0-7ec4d388c85d.png","alpha":0},"compId":406},{"type":"Script","props":{"y":0,"x":-21,"width":322,"label":"floor","isSensor":true,"height":14,"runtime":"laya.physics.BoxCollider"},"compId":407},{"type":"Script","props":{"gravityScale":0,"bullet":true,"allowSleep":false,"allowRotation":false,"runtime":"laya.physics.RigidBody"},"compId":408}]},{"type":"Sprite","props":{"y":1,"x":0,"width":14,"name":"right_Wall","height":234},"compId":450,"child":[{"type":"Script","props":{"y":90,"x":0,"width":14,"label":"wall","isSensor":true,"height":144,"runtime":"laya.physics.BoxCollider"},"compId":451},{"type":"Script","props":{"gravityScale":0,"bullet":true,"allowSleep":false,"runtime":"laya.physics.RigidBody"},"compId":452}]},{"type":"Sprite","props":{"y":228,"x":246,"width":82,"pivotY":10,"pivotX":41,"name":"down_Aisle_01","height":48},"compId":632,"child":[{"type":"Image","props":{"y":47,"x":80,"skin":"Room/ui_interaction_01.png","rotation":180,"name":"interaction"},"compId":633},{"type":"Image","props":{"y":7.4,"x":41.5,"skin":"Room/room_blue_wall.png","rotation":0,"pivotY":8,"pivotX":41,"name":"wall","height":16.2},"compId":634},{"type":"Image","props":{"y":7,"x":41.5,"width":81,"skin":"Room/room_blue_color.png","rotation":180,"pivotY":8,"pivotX":41,"name":"color","height":15},"compId":635},{"type":"Script","props":{"y":-23,"x":33,"width":73,"label":"aisle","isSensor":true,"height":59,"runtime":"laya.physics.BoxCollider"},"compId":636},{"type":"Script","props":{"gravityScale":0,"bullet":true,"allowSleep":false,"allowRotation":false,"runtime":"laya.physics.RigidBody"},"compId":637},{"type":"Script","props":{"runtime":"script/Game/UIMain_Aisle.ts"},"compId":638},{"type":"Label","props":{"text":"label","name":"yanse","alpha":0},"compId":639},{"type":"Script","props":{"y":0,"x":0,"width":82,"label":"interaction","isSensor":true,"height":48,"runtime":"laya.physics.BoxCollider"},"compId":640}]}]},{"type":"Image","props":{"y":337,"x":396.5,"width":296,"var":"Room1","skin":"Room/room_blue.png","sizeGrid":"23,22,24,20","pivotY":102.5,"pivotX":148,"name":"Room1","height":205},"compId":15,"child":[{"type":"Script","props":{"y":1,"x":0,"width":296,"isSensor":false,"height":202,"friction":0.2,"density":-1,"runtime":"laya.physics.BoxCollider"},"compId":16},{"type":"Script","props":{"type":"dynamic","group":1,"gravityScale":0,"bullet":true,"allowSleep":false,"runtime":"laya.physics.RigidBody"},"compId":17},{"type":"Script","props":{"y":1,"x":0,"runtime":"script/Game/UIMain_Room.ts"},"compId":22},{"type":"Sprite","props":{"y":189,"x":2,"width":294,"name":"Floor_02_Room1","height":17},"compId":104,"child":[{"type":"Image","props":{"y":102,"x":2,"width":296,"height":14,"alpha":0},"compId":105},{"type":"Script","props":{"y":1,"x":2,"width":290,"label":"floor","isSensor":true,"height":15,"runtime":"laya.physics.BoxCollider"},"compId":106},{"type":"Script","props":{"gravityScale":0,"allowSleep":false,"allowRotation":false,"runtime":"laya.physics.RigidBody"},"compId":107}]},{"type":"Sprite","props":{"y":0,"x":0,"width":14,"name":"left_Wall","height":199},"compId":336,"child":[{"type":"Script","props":{"y":97,"x":0,"width":14,"label":"wall","isSensor":true,"height":103,"runtime":"laya.physics.BoxCollider"},"compId":337},{"type":"Script","props":{"gravityScale":0,"bullet":true,"allowSleep":false,"runtime":"laya.physics.RigidBody"},"compId":338}]},{"type":"Sprite","props":{"y":99,"x":231,"width":71,"pivotY":96,"pivotX":36,"name":"ladder_01","height":192},"compId":557,"child":[{"type":"Sprite","props":{"y":37,"x":12,"texture":"Room/ui_ladder.png"},"compId":558},{"type":"Sprite","props":{"y":-1,"x":12,"texture":"Room/ui_ladder.png"},"compId":559},{"type":"Sprite","props":{"y":73,"x":12,"texture":"Room/ui_ladder.png"},"compId":560},{"type":"Sprite","props":{"y":111,"x":12,"texture":"Room/ui_ladder.png"},"compId":561},{"type":"Sprite","props":{"y":149,"x":12,"width":47,"texture":"Room/ui_ladder.png","height":38},"compId":562},{"type":"Script","props":{"y":-1,"x":29,"width":14,"label":"ladder","isSensor":true,"height":189,"runtime":"laya.physics.BoxCollider"},"compId":563},{"type":"Script","props":{"gravityScale":0,"bullet":true,"allowSleep":false,"allowRotation":false,"runtime":"laya.physics.RigidBody"},"compId":564}]},{"type":"Sprite","props":{"y":0,"x":231,"width":82,"pivotY":33,"pivotX":41,"name":"up_Aisle_01","height":48},"compId":530,"child":[{"type":"Image","props":{"y":1,"x":2,"skin":"Room/ui_interaction_01.png","rotation":0,"name":"interaction"},"compId":531},{"type":"Image","props":{"y":40,"x":41.5,"skin":"Room/room_blue_wall.png","rotation":0,"pivotY":8,"pivotX":41,"name":"wall","height":16.8},"compId":532},{"type":"Image","props":{"y":40,"x":41.5,"skin":"Room/room_blue_color.png","rotation":0,"pivotY":8,"pivotX":41,"name":"color"},"compId":533},{"type":"Script","props":{"y":22.5,"x":33,"width":15,"label":"aisle","isSensor":true,"height":25,"runtime":"laya.physics.BoxCollider"},"compId":534},{"type":"Script","props":{"gravityScale":0,"bullet":true,"allowSleep":false,"allowRotation":false,"runtime":"laya.physics.RigidBody"},"compId":535},{"type":"Script","props":{"runtime":"script/Game/UIMain_Aisle.ts"},"compId":536},{"type":"Label","props":{"text":"label","name":"yanse","alpha":0},"compId":537},{"type":"Script","props":{"y":0,"x":0,"width":82,"label":"interaction","isSensor":true,"height":48,"runtime":"laya.physics.BoxCollider"},"compId":538}]},{"type":"Sprite","props":{"y":78,"x":281,"width":14,"name":"right_Wall","height":124},"compId":575,"child":[{"type":"Script","props":{"y":0,"x":0,"width":14,"label":"wall","isSensor":true,"height":125,"runtime":"laya.physics.BoxCollider"},"compId":576},{"type":"Script","props":{"gravityScale":0,"bullet":true,"allowSleep":false,"runtime":"laya.physics.RigidBody"},"compId":577}]}]},{"type":"Image","props":{"y":616,"x":174,"width":257,"skin":"Room/room_bluish.png","sizeGrid":"23,22,24,20","pivotY":117.5,"pivotX":128.5,"name":"Room4","height":235},"compId":500,"child":[{"type":"Script","props":{"y":0,"x":1,"width":256,"isSensor":false,"height":235,"friction":0.2,"density":-1,"runtime":"laya.physics.BoxCollider"},"compId":501},{"type":"Script","props":{"type":"dynamic","group":1,"gravityScale":0,"bullet":true,"allowSleep":false,"runtime":"laya.physics.RigidBody"},"compId":502},{"type":"Script","props":{"y":1,"x":0,"runtime":"script/Game/UIMain_Room.ts"},"compId":503},{"type":"Sprite","props":{"y":218,"x":0,"width":277,"name":"Floor_02_Room4","height":17},"compId":504,"child":[{"type":"Image","props":{"y":102,"x":2,"width":296,"height":14,"alpha":0},"compId":505},{"type":"Script","props":{"y":1,"x":2,"width":252,"label":"floor","isSensor":true,"height":15,"runtime":"laya.physics.BoxCollider"},"compId":506},{"type":"Script","props":{"gravityScale":0,"allowSleep":false,"allowRotation":false,"runtime":"laya.physics.RigidBody"},"compId":507}]},{"type":"Sprite","props":{"y":178,"x":0,"width":48,"pivotY":41,"pivotX":33,"name":"left_Aisle_01","height":82},"compId":512,"child":[{"type":"Image","props":{"y":80,"x":0.5,"width":78,"skin":"Room/ui_interaction_01.png","rotation":270,"name":"interaction","height":32},"compId":513},{"type":"Image","props":{"y":41.5,"x":40.6,"skin":"Room/room_blue_wall.png","rotation":90,"pivotY":8,"pivotX":41,"name":"wall","height":16.7},"compId":514},{"type":"Image","props":{"y":41.5,"x":40.5,"width":81,"skin":"Room/room_blue_color.png","rotation":-90,"pivotY":8,"pivotX":41,"name":"color","height":15},"compId":515},{"type":"Script","props":{"y":34,"x":23,"width":25,"label":"aisle","isSensor":true,"height":15,"runtime":"laya.physics.BoxCollider"},"compId":516},{"type":"Script","props":{"y":1,"x":0,"gravityScale":0,"bullet":true,"allowSleep":false,"allowRotation":false,"runtime":"laya.physics.RigidBody"},"compId":517},{"type":"Script","props":{"runtime":"script/Game/UIMain_Aisle.ts"},"compId":518},{"type":"Label","props":{"text":"label","name":"yanse","alpha":0},"compId":519},{"type":"Script","props":{"width":48,"label":"interaction","isSensor":true,"height":82,"runtime":"laya.physics.BoxCollider"},"compId":520}]},{"type":"Sprite","props":{"y":229.5,"x":177,"width":82,"pivotY":10,"pivotX":41,"name":"down_Aisle_01","height":48},"compId":620,"child":[{"type":"Image","props":{"y":47,"x":80,"skin":"Room/ui_interaction_01.png","rotation":180,"name":"interaction"},"compId":621},{"type":"Image","props":{"y":7.4,"x":41.5,"skin":"Room/room_blue_wall.png","rotation":0,"pivotY":8,"pivotX":41,"name":"wall","height":16.2},"compId":622},{"type":"Image","props":{"y":7,"x":41.5,"width":81,"skin":"Room/room_blue_color.png","rotation":180,"pivotY":8,"pivotX":41,"name":"color","height":15},"compId":623},{"type":"Script","props":{"y":-23,"x":33,"width":73,"label":"aisle","isSensor":true,"height":59,"runtime":"laya.physics.BoxCollider"},"compId":624},{"type":"Script","props":{"gravityScale":0,"bullet":true,"allowSleep":false,"allowRotation":false,"runtime":"laya.physics.RigidBody"},"compId":625},{"type":"Script","props":{"runtime":"script/Game/UIMain_Aisle.ts"},"compId":626},{"type":"Label","props":{"text":"label","name":"yanse","alpha":0},"compId":627},{"type":"Script","props":{"y":0,"x":0,"width":82,"label":"interaction","isSensor":true,"height":48,"runtime":"laya.physics.BoxCollider"},"compId":628}]},{"type":"Sprite","props":{"y":56.5,"x":242,"width":14,"name":"left_Wall","height":170},"compId":641,"child":[{"type":"Script","props":{"y":0,"x":0,"width":14,"label":"wall","isSensor":true,"height":170,"runtime":"laya.physics.BoxCollider"},"compId":642},{"type":"Script","props":{"gravityScale":0,"bullet":true,"allowSleep":false,"runtime":"laya.physics.RigidBody"},"compId":643}]}]},{"type":"Sprite","props":{"y":694,"x":474.5,"width":51,"var":"Gongzhu","rotation":0,"pivotY":32,"pivotX":26,"name":"Gongzhu","height":63},"compId":644,"child":[{"type":"Script","props":{"y":0,"x":6,"width":40,"label":"gongzhu","isSensor":true,"height":66,"runtime":"laya.physics.BoxCollider"},"compId":645},{"type":"Script","props":{"gravityScale":0,"allowSleep":false,"allowRotation":false,"runtime":"laya.physics.RigidBody"},"compId":646},{"type":"Image","props":{"y":23,"x":20,"width":52,"skin":"UI_new/GameStart/person_gongzhu.png","pivotY":35,"pivotX":24,"name":"pic","height":70},"compId":647},{"type":"Script","props":{"runtime":"script/Game/UIMain_Gongzhu.ts"},"compId":648}]},{"type":"Sprite","props":{"y":695,"x":544.5,"width":51,"var":"Rival","rotation":0,"pivotY":32,"pivotX":26,"name":"Rival","height":63},"compId":649,"child":[{"type":"Script","props":{"y":0,"x":6,"width":40,"label":"rival","isSensor":true,"height":64,"runtime":"laya.physics.BoxCollider"},"compId":650},{"type":"Script","props":{"gravityScale":0,"allowSleep":false,"allowRotation":false,"runtime":"laya.physics.RigidBody"},"compId":651},{"type":"Image","props":{"y":23,"x":20,"width":52,"skin":"UI/3.png","pivotY":35,"pivotX":24,"name":"pic","height":70},"compId":652},{"type":"Script","props":{"runtime":"script/Game/UIMain_Rival.ts"},"compId":653}]},{"type":"Sprite","props":{"y":693,"x":109,"width":51,"rotation":0,"pivotY":32,"pivotX":26,"name":"Rival","height":63},"compId":659,"child":[{"type":"Script","props":{"y":0,"x":6,"width":40,"label":"rival","isSensor":true,"height":64,"runtime":"laya.physics.BoxCollider"},"compId":660},{"type":"Script","props":{"gravityScale":0,"allowSleep":false,"allowRotation":false,"runtime":"laya.physics.RigidBody"},"compId":661},{"type":"Image","props":{"y":23,"x":20,"width":52,"skin":"UI/3.png","pivotY":35,"pivotX":24,"name":"pic","height":70},"compId":662},{"type":"Script","props":{"runtime":"script/Game/UIMain_Rival.ts"},"compId":663}]},{"type":"Sprite","props":{"y":399,"x":321,"width":51,"rotation":0,"pivotY":32,"pivotX":26,"name":"Rival","height":63},"compId":664,"child":[{"type":"Script","props":{"y":0,"x":6,"width":40,"label":"rival","isSensor":true,"height":64,"runtime":"laya.physics.BoxCollider"},"compId":665},{"type":"Script","props":{"gravityScale":0,"allowSleep":false,"allowRotation":false,"runtime":"laya.physics.RigidBody"},"compId":666},{"type":"Image","props":{"y":23,"x":20,"width":52,"skin":"UI/3.png","pivotY":35,"pivotX":24,"name":"pic","height":70},"compId":667},{"type":"Script","props":{"runtime":"script/Game/UIMain_Rival.ts"},"compId":668}]},{"type":"Sprite","props":{"y":1016,"x":145.5,"width":57,"var":"Wangzi","pivotY":35,"pivotX":29,"name":"Wangzi","height":69},"compId":669,"child":[{"type":"Image","props":{"y":34,"x":29,"width":57,"skin":"UI/2.png","scaleX":-1,"pivotY":35,"pivotX":29,"name":"pic","height":70},"compId":670},{"type":"Script","props":{"width":57,"label":"wangzi","isSensor":true,"height":69,"runtime":"laya.physics.BoxCollider"},"compId":671},{"type":"Script","props":{"gravityScale":0,"allowSleep":true,"allowRotation":true,"runtime":"laya.physics.RigidBody"},"compId":672},{"type":"Script","props":{"runtime":"script/Game/UIMain_Wangzi.ts"},"compId":673}]}],"loadList":["UI_new/conmmon/bg_yeloow.png","Room/room_green.png","UI/75b774cd-5d5f-4c0d-8bd0-7ec4d388c85d.png","Room/ui_window.png","Room/ui_door.png","Room/ui_interaction_01.png","Room/room_blue_wall.png","Room/room_blue_color.png","Room/room_purple.png","Room/room_blue.png","Room/ui_ladder.png","Room/room_bluish.png","UI_new/GameStart/person_gongzhu.png","UI/3.png","UI/2.png"],"loadList3D":[]}