{"type":"View","props":{"width":720,"name":"UIMain_005","height":1280},"compId":2,"child":[{"type":"Image","props":{"y":0,"x":0,"width":720,"var":"background","skin":"UI_new/conmmon/bg_yeloow.png","name":"background","height":1280},"compId":3},{"type":"Image","props":{"y":698,"x":205,"width":341,"var":"Room2","skin":"Room/room_purple.png","sizeGrid":"23,22,24,20","pivotY":109,"pivotX":171,"name":"Room2","height":217},"compId":4,"child":[{"type":"Script","props":{"y":1,"x":1,"width":339,"isSensor":false,"height":213,"friction":0.2,"density":-1,"runtime":"laya.physics.BoxCollider"},"compId":5},{"type":"Script","props":{"type":"dynamic","gravityScale":0,"allowSleep":false,"allowRotation":false,"runtime":"laya.physics.RigidBody"},"compId":6},{"type":"Sprite","props":{"y":202,"x":6,"width":334,"name":"Floor_01_Room2","height":14},"compId":17,"child":[{"type":"Image","props":{"y":0,"x":0,"width":186,"skin":"UI/ec8071c1-4577-4d6c-9231-2357a90145b1.png","sizeGrid":"0,4,0,8","height":14,"alpha":0},"compId":18},{"type":"Script","props":{"y":0,"x":-7,"width":342,"label":"floor","isSensor":true,"height":14,"runtime":"laya.physics.BoxCollider"},"compId":19},{"type":"Script","props":{"gravityScale":0,"bullet":true,"allowSleep":false,"allowRotation":false,"runtime":"laya.physics.RigidBody"},"compId":20}]},{"type":"Script","props":{"runtime":"script/Game/UIMain_Room.ts"},"compId":10},{"type":"Sprite","props":{"y":61,"x":1,"width":14,"name":"right_Wall","height":148},"compId":61,"child":[{"type":"Script","props":{"y":45,"x":0,"width":14,"label":"wall","isSensor":true,"height":107,"runtime":"laya.physics.BoxCollider"},"compId":62},{"type":"Script","props":{"gravityScale":0,"bullet":true,"allowSleep":false,"runtime":"laya.physics.RigidBody"},"compId":63}]},{"type":"Sprite","props":{"y":50,"x":102,"texture":"Room/ui_bookrack.png"},"compId":64},{"type":"Sprite","props":{"y":162,"x":339,"width":48,"pivotY":41,"pivotX":14,"name":"right_Aisle_01","height":82},"compId":370,"child":[{"type":"Image","props":{"y":2,"x":47,"width":78,"skin":"Room/ui_interaction_01.png","rotation":90,"name":"interaction","height":32},"compId":371},{"type":"Image","props":{"y":42,"x":8.3,"width":81,"skin":"Room/room_blue_wall.png","rotation":90,"pivotY":8,"pivotX":41,"name":"wall","height":16.6},"compId":372},{"type":"Image","props":{"y":41.5,"x":7.5,"skin":"Room/room_blue_color.png","rotation":90,"pivotY":8,"pivotX":41,"name":"color"},"compId":373},{"type":"Script","props":{"y":34,"x":0,"width":25,"label":"aisle","isSensor":true,"height":15,"runtime":"laya.physics.BoxCollider"},"compId":374},{"type":"Script","props":{"gravityScale":0,"bullet":true,"allowSleep":false,"allowRotation":false,"runtime":"laya.physics.RigidBody"},"compId":375},{"type":"Script","props":{"runtime":"script/Game/UIMain_Aisle.ts"},"compId":376},{"type":"Label","props":{"text":"label","name":"yanse","alpha":0},"compId":377},{"type":"Script","props":{"width":48,"label":"interaction","isSensor":true,"height":82,"runtime":"laya.physics.BoxCollider"},"compId":378}]}]},{"type":"Script","props":{"runtime":"script/Game/UIMain.ts"},"compId":60},{"type":"Image","props":{"y":1025,"x":480,"width":316,"var":"Room1","skin":"Room/room_bluish.png","sizeGrid":"23,22,24,20","pivotY":108,"pivotX":158,"name":"Room1","height":216},"compId":93,"child":[{"type":"Script","props":{"y":1,"x":1,"width":316,"isSensor":false,"height":215,"friction":0.2,"density":-1,"runtime":"laya.physics.BoxCollider"},"compId":94},{"type":"Script","props":{"type":"dynamic","group":1,"gravityScale":0,"bullet":true,"allowSleep":false,"runtime":"laya.physics.RigidBody"},"compId":95},{"type":"Script","props":{"y":1,"x":0,"runtime":"script/Game/UIMain_Room.ts"},"compId":102},{"type":"Sprite","props":{"y":-9,"x":301,"width":15,"name":"right_Wall","height":223},"compId":103,"child":[{"type":"Script","props":{"y":115,"x":-1,"width":16,"label":"wall","isSensor":true,"height":108,"runtime":"laya.physics.BoxCollider"},"compId":104},{"type":"Script","props":{"gravityScale":0,"bullet":true,"allowSleep":false,"runtime":"laya.physics.RigidBody"},"compId":105}]},{"type":"Sprite","props":{"y":200,"x":10.5,"width":301,"name":"Floor_02_Room1","height":17},"compId":109,"child":[{"type":"Image","props":{"y":0,"x":0,"width":186,"skin":"UI/ec8071c1-4577-4d6c-9231-2357a90145b1.png","sizeGrid":"0,4,0,8","height":14,"alpha":0},"compId":110},{"type":"Script","props":{"y":1,"x":-10,"width":317,"label":"floor","isSensor":true,"height":14,"runtime":"laya.physics.BoxCollider"},"compId":111},{"type":"Script","props":{"gravityScale":0,"bullet":true,"allowSleep":false,"allowRotation":false,"runtime":"laya.physics.RigidBody"},"compId":112}]},{"type":"Sprite","props":{"y":160.5,"x":1,"width":48,"pivotY":41,"pivotX":33,"name":"left_Aisle_01","height":82},"compId":379,"child":[{"type":"Image","props":{"y":80,"x":0.5,"width":78,"skin":"Room/ui_interaction_01.png","rotation":270,"name":"interaction","height":32},"compId":380},{"type":"Image","props":{"y":41.5,"x":40,"skin":"Room/room_blue_wall.png","rotation":90,"pivotY":8,"pivotX":41,"name":"wall","height":16.6},"compId":381},{"type":"Image","props":{"y":41.5,"x":40.5,"width":81,"skin":"Room/room_blue_color.png","rotation":-90,"pivotY":8,"pivotX":41,"name":"color","height":15},"compId":382},{"type":"Script","props":{"y":34,"x":23,"width":25,"label":"aisle","isSensor":true,"height":15,"runtime":"laya.physics.BoxCollider"},"compId":383},{"type":"Script","props":{"y":1,"x":0,"gravityScale":0,"bullet":true,"allowSleep":false,"allowRotation":false,"runtime":"laya.physics.RigidBody"},"compId":384},{"type":"Script","props":{"runtime":"script/Game/UIMain_Aisle.ts"},"compId":385},{"type":"Label","props":{"text":"label","name":"yanse","alpha":0},"compId":386},{"type":"Script","props":{"width":48,"label":"interaction","isSensor":true,"height":82,"runtime":"laya.physics.BoxCollider"},"compId":387}]}]},{"type":"Image","props":{"y":376,"x":433,"width":478,"skin":"Room/room_green.png","sizeGrid":"23,22,24,20","pivotY":108,"pivotX":239,"name":"Room3","height":216},"compId":157,"child":[{"type":"Script","props":{"y":0,"x":1,"width":476,"isSensor":false,"height":215,"friction":0.2,"density":-1,"runtime":"laya.physics.BoxCollider"},"compId":158},{"type":"Script","props":{"type":"dynamic","group":1,"gravityScale":0,"bullet":true,"allowSleep":false,"allowRotation":false,"runtime":"laya.physics.RigidBody"},"compId":159},{"type":"Script","props":{"y":2,"x":0,"runtime":"script/Game/UIMain_Room.ts"},"compId":166},{"type":"Sprite","props":{"y":199,"x":11,"width":465,"name":"Floor_02_Room3","height":17},"compId":179,"child":[{"type":"Image","props":{"y":0,"x":0,"width":186,"skin":"UI/ec8071c1-4577-4d6c-9231-2357a90145b1.png","sizeGrid":"0,4,0,8","height":14,"alpha":0},"compId":180},{"type":"Script","props":{"y":2,"x":-9,"width":472,"label":"floor","isSensor":true,"height":14,"runtime":"laya.physics.BoxCollider"},"compId":181},{"type":"Script","props":{"gravityScale":0,"bullet":true,"allowSleep":false,"allowRotation":false,"runtime":"laya.physics.RigidBody"},"compId":182}]},{"type":"Sprite","props":{},"compId":288},{"type":"Sprite","props":{"y":63.5,"x":191,"texture":"Room/ui_bookrack.png"},"compId":361},{"type":"Sprite","props":{"y":161,"x":476,"width":48,"pivotY":41,"pivotX":14,"name":"right_Aisle_01","height":82},"compId":388,"child":[{"type":"Image","props":{"y":2,"x":47,"width":78,"skin":"Room/ui_interaction_01.png","rotation":90,"name":"interaction","height":32},"compId":389},{"type":"Image","props":{"y":42,"x":8,"width":81,"skin":"Room/room_blue_wall.png","rotation":90,"pivotY":8,"pivotX":41,"name":"wall","height":16.3},"compId":390},{"type":"Image","props":{"y":41.5,"x":7.5,"skin":"Room/room_blue_color.png","rotation":90,"pivotY":8,"pivotX":41,"name":"color"},"compId":391},{"type":"Script","props":{"y":34,"x":0,"width":25,"label":"aisle","isSensor":true,"height":15,"runtime":"laya.physics.BoxCollider"},"compId":392},{"type":"Script","props":{"gravityScale":0,"bullet":true,"allowSleep":false,"allowRotation":false,"runtime":"laya.physics.RigidBody"},"compId":393},{"type":"Script","props":{"runtime":"script/Game/UIMain_Aisle.ts"},"compId":394},{"type":"Label","props":{"text":"label","name":"yanse","alpha":0},"compId":395},{"type":"Script","props":{"width":48,"label":"interaction","isSensor":true,"height":82,"runtime":"laya.physics.BoxCollider"},"compId":396}]},{"type":"Sprite","props":{"y":161,"x":1,"width":48,"pivotY":41,"pivotX":33,"name":"left_Aisle_01","height":82},"compId":397,"child":[{"type":"Image","props":{"y":80,"x":0.5,"width":78,"skin":"Room/ui_interaction_01.png","rotation":270,"name":"interaction","height":32},"compId":398},{"type":"Image","props":{"y":41.5,"x":40,"skin":"Room/room_blue_wall.png","rotation":90,"pivotY":8,"pivotX":41,"name":"wall","height":16.3},"compId":399},{"type":"Image","props":{"y":41.5,"x":40.5,"width":81,"skin":"Room/room_blue_color.png","rotation":-90,"pivotY":8,"pivotX":41,"name":"color","height":15},"compId":400},{"type":"Script","props":{"y":34,"x":23,"width":25,"label":"aisle","isSensor":true,"height":15,"runtime":"laya.physics.BoxCollider"},"compId":401},{"type":"Script","props":{"y":1,"x":0,"gravityScale":0,"bullet":true,"allowSleep":false,"allowRotation":false,"runtime":"laya.physics.RigidBody"},"compId":402},{"type":"Script","props":{"runtime":"script/Game/UIMain_Aisle.ts"},"compId":403},{"type":"Label","props":{"text":"label","name":"yanse","alpha":0},"compId":404},{"type":"Script","props":{"width":48,"label":"interaction","isSensor":true,"height":82,"runtime":"laya.physics.BoxCollider"},"compId":405}]},{"type":"Sprite","props":{"y":183,"x":230,"width":41,"pivotY":20,"pivotX":21,"name":"speed","height":40},"compId":425,"child":[{"type":"Sprite","props":{"y":19.5,"x":21,"width":37,"texture":"Room/icon_speed.png","pivotY":19,"pivotX":19,"height":37},"compId":426},{"type":"Script","props":{"y":-0.5,"x":-0.5,"width":42,"label":"speed","isSensor":true,"height":40,"runtime":"laya.physics.BoxCollider"},"compId":427},{"type":"Script","props":{"gravityScale":0,"bullet":true,"allowSleep":false,"allowRotation":false,"runtime":"laya.physics.RigidBody"},"compId":428}]}]},{"type":"Sprite","props":{"y":187,"x":105,"width":69,"var":"BtnSet","texture":"UI/770947bf-ac61-4198-919a-734bd94d7e40.png","pivotY":37,"pivotX":35,"name":"BtnSet","height":73,"alpha":0},"compId":295},{"type":"Sprite","props":{"y":767,"x":105,"width":51,"var":"Gongzhu","rotation":0,"pivotY":32,"pivotX":26,"name":"Gongzhu","height":63},"compId":406,"child":[{"type":"Script","props":{"y":0,"x":6,"width":40,"label":"gongzhu","isSensor":true,"height":66,"runtime":"laya.physics.BoxCollider"},"compId":407},{"type":"Script","props":{"gravityScale":0,"allowSleep":false,"allowRotation":false,"runtime":"laya.physics.RigidBody"},"compId":408},{"type":"Image","props":{"y":23,"x":20,"width":52,"skin":"UI_new/GameStart/person_gongzhu.png","pivotY":35,"pivotX":24,"name":"pic","height":70},"compId":409},{"type":"Script","props":{"runtime":"script/Game/UIMain_Gongzhu.ts"},"compId":410}]},{"type":"Sprite","props":{"y":767,"x":180,"width":51,"var":"Rival","rotation":0,"pivotY":32,"pivotX":26,"name":"Rival","height":63},"compId":411,"child":[{"type":"Script","props":{"y":0,"x":6,"width":40,"label":"rival","isSensor":true,"height":64,"runtime":"laya.physics.BoxCollider"},"compId":412},{"type":"Script","props":{"gravityScale":0,"allowSleep":false,"allowRotation":false,"runtime":"laya.physics.RigidBody"},"compId":413},{"type":"Image","props":{"y":23,"x":20,"width":52,"skin":"UI/3.png","pivotY":35,"pivotX":24,"name":"pic","height":70},"compId":414},{"type":"Script","props":{"runtime":"script/Game/UIMain_Rival.ts"},"compId":415}]},{"type":"Sprite","props":{"y":1091,"x":562,"width":57,"var":"Wangzi","pivotY":35,"pivotX":29,"name":"Wangzi","height":69},"compId":420,"child":[{"type":"Image","props":{"y":34,"x":29,"width":57,"skin":"UI/2.png","scaleX":1,"pivotY":35,"pivotX":29,"name":"pic","height":70},"compId":421},{"type":"Script","props":{"width":57,"label":"wangzi","isSensor":true,"height":69,"runtime":"laya.physics.BoxCollider"},"compId":422},{"type":"Script","props":{"gravityScale":0,"allowSleep":true,"allowRotation":true,"runtime":"laya.physics.RigidBody"},"compId":423},{"type":"Script","props":{"runtime":"script/Game/UIMain_Wangzi.ts"},"compId":424}]}],"loadList":["UI_new/conmmon/bg_yeloow.png","Room/room_purple.png","UI/ec8071c1-4577-4d6c-9231-2357a90145b1.png","Room/ui_bookrack.png","Room/ui_interaction_01.png","Room/room_blue_wall.png","Room/room_blue_color.png","Room/room_bluish.png","Room/room_green.png","Room/icon_speed.png","UI/770947bf-ac61-4198-919a-734bd94d7e40.png","UI_new/GameStart/person_gongzhu.png","UI/3.png","UI/2.png"],"loadList3D":[]}