{"type":"View","props":{"width":720,"name":"UIMain_003","height":1280},"compId":2,"child":[{"type":"Image","props":{"y":0,"x":0,"width":720,"var":"background","skin":"UI_new/conmmon/bg_yeloow.png","name":"background","height":1280},"compId":3},{"type":"Image","props":{"y":484,"x":571,"width":264,"var":"Room2","skin":"Room/room_green.png","sizeGrid":"23,22,24,20","pivotY":142,"pivotX":132,"name":"Room2","height":284},"compId":4,"child":[{"type":"Script","props":{"y":1,"x":2,"width":260,"isSensor":false,"height":281,"friction":0.2,"density":-1,"runtime":"laya.physics.BoxCollider"},"compId":5},{"type":"Script","props":{"type":"dynamic","gravityScale":0,"allowSleep":false,"allowRotation":false,"runtime":"laya.physics.RigidBody"},"compId":6},{"type":"Sprite","props":{"y":227,"x":1,"width":48,"pivotY":41,"pivotX":33,"name":"left_Aisle_01","height":82},"compId":286,"child":[{"type":"Image","props":{"y":80,"x":0.5,"width":78,"skin":"Room/ui_interaction_01.png","rotation":270,"name":"interaction","height":32},"compId":287},{"type":"Image","props":{"y":42,"x":40,"width":81,"skin":"Room/room_blue_wall.png","rotation":90,"pivotY":8,"pivotX":41,"name":"wall","height":16},"compId":288},{"type":"Image","props":{"y":41.5,"x":40.5,"width":81,"skin":"Room/room_blue_color.png","rotation":-90,"pivotY":8,"pivotX":41,"name":"color","height":15},"compId":289},{"type":"Script","props":{"y":34,"x":23,"width":25,"label":"aisle","isSensor":true,"height":15,"runtime":"laya.physics.BoxCollider"},"compId":290},{"type":"Script","props":{"y":1,"x":0,"gravityScale":0,"bullet":true,"allowSleep":false,"allowRotation":false,"runtime":"laya.physics.RigidBody"},"compId":291},{"type":"Script","props":{"runtime":"script/Game/UIMain_Aisle.ts"},"compId":292},{"type":"Label","props":{"text":"label","name":"yanse","alpha":0},"compId":293},{"type":"Script","props":{"width":48,"label":"interaction","isSensor":true,"height":82,"runtime":"laya.physics.BoxCollider"},"compId":294}]},{"type":"Sprite","props":{"y":0,"x":249,"width":14,"name":"left_Wall","height":272},"compId":11,"child":[{"type":"Script","props":{"y":0,"x":0,"width":14,"label":"wall","isSensor":true,"height":274,"runtime":"laya.physics.BoxCollider"},"compId":12},{"type":"Script","props":{"gravityScale":0,"bullet":true,"allowSleep":false,"runtime":"laya.physics.RigidBody"},"compId":13}]},{"type":"Script","props":{"runtime":"script/Game/UIMain_Room.ts"},"compId":14},{"type":"Sprite","props":{"y":269,"x":21,"width":240,"presetID":1,"name":"Floor_01_Room2","height":14},"compId":118,"child":[{"type":"Image","props":{"skin":"UI/75b774cd-5d5f-4c0d-8bd0-7ec4d388c85d.png","presetID":2,"alpha":0},"compId":95},{"type":"Script","props":{"y":0,"x":-21,"width":263,"presetID":3,"label":"floor","isSensor":true,"height":14,"runtime":"laya.physics.BoxCollider"},"compId":102},{"type":"Script","props":{"presetID":4,"gravityScale":0,"bullet":true,"allowSleep":false,"allowRotation":false,"runtime":"laya.physics.RigidBody"},"compId":103}]},{"type":"Sprite","props":{"y":91,"x":48,"texture":"UI/2506dece-73cb-413b-93fd-6203f881c8d7.png"},"compId":184},{"type":"Sprite","props":{"y":194,"x":169,"texture":"UI/e557da62-7068-4f1c-9cff-b0b7bdc059d3.png"},"compId":243}]},{"type":"Image","props":{"y":593,"x":196,"width":304,"var":"Room1","skin":"Room/room_purple.png","sizeGrid":"23,22,24,20","pivotY":105,"pivotX":152,"name":"Room1","height":210},"compId":15,"child":[{"type":"Script","props":{"y":0,"x":1,"width":303,"isSensor":false,"height":211,"friction":0.2,"density":-1,"runtime":"laya.physics.BoxCollider"},"compId":16},{"type":"Script","props":{"type":"dynamic","group":1,"gravityScale":0,"bullet":true,"allowSleep":false,"runtime":"laya.physics.RigidBody"},"compId":17},{"type":"Script","props":{"y":1,"x":0,"runtime":"script/Game/UIMain_Room.ts"},"compId":22},{"type":"Sprite","props":{"y":193,"x":0,"width":300,"name":"Floor_02_Room1","height":17},"compId":104,"child":[{"type":"Image","props":{"y":0,"x":0,"width":296,"skin":"UI/ec8071c1-4577-4d6c-9231-2357a90145b1.png","sizeGrid":"0,4,0,8","height":14,"alpha":0},"compId":105},{"type":"Script","props":{"y":0,"x":2,"width":293,"label":"floor","isSensor":true,"height":15,"runtime":"laya.physics.BoxCollider"},"compId":106},{"type":"Script","props":{"gravityScale":0,"bullet":true,"allowSleep":false,"allowRotation":false,"runtime":"laya.physics.RigidBody"},"compId":107}]},{"type":"Sprite","props":{"y":154,"x":1,"width":48,"pivotY":41,"pivotX":33,"name":"left_Aisle_01","height":82},"compId":268,"child":[{"type":"Image","props":{"y":80,"x":0.5,"width":78,"skin":"Room/ui_interaction_01.png","rotation":270,"name":"interaction","height":32},"compId":269},{"type":"Image","props":{"y":41.5,"x":40,"width":81,"skin":"Room/room_blue_wall.png","rotation":90,"pivotY":8,"pivotX":41,"name":"wall","height":16},"compId":270},{"type":"Image","props":{"y":41.5,"x":40.5,"width":81,"skin":"Room/room_blue_color.png","rotation":-90,"pivotY":8,"pivotX":41,"name":"color","height":15},"compId":271},{"type":"Script","props":{"y":34,"x":23,"width":25,"label":"aisle","isSensor":true,"height":15,"runtime":"laya.physics.BoxCollider"},"compId":272},{"type":"Script","props":{"y":1,"x":0,"gravityScale":0,"bullet":true,"allowSleep":false,"allowRotation":false,"runtime":"laya.physics.RigidBody"},"compId":273},{"type":"Script","props":{"runtime":"script/Game/UIMain_Aisle.ts"},"compId":274},{"type":"Label","props":{"text":"label","name":"yanse","alpha":0},"compId":275},{"type":"Script","props":{"width":48,"label":"interaction","isSensor":true,"height":82,"runtime":"laya.physics.BoxCollider"},"compId":276}]},{"type":"Sprite","props":{"y":156,"x":302,"width":48,"pivotY":41,"pivotX":14,"name":"right_Aisle_01","height":82},"compId":277,"child":[{"type":"Image","props":{"y":2,"x":47,"width":78,"skin":"Room/ui_interaction_01.png","rotation":90,"name":"interaction","height":32},"compId":278},{"type":"Image","props":{"y":42,"x":8,"width":81,"skin":"Room/room_blue_wall.png","rotation":90,"pivotY":8,"pivotX":41,"name":"wall","height":16},"compId":279},{"type":"Image","props":{"y":41.5,"x":7.5,"skin":"Room/room_blue_color.png","rotation":90,"pivotY":8,"pivotX":41,"name":"color"},"compId":280},{"type":"Script","props":{"y":34,"x":0,"width":25,"label":"aisle","isSensor":true,"height":15,"runtime":"laya.physics.BoxCollider"},"compId":281},{"type":"Script","props":{"gravityScale":0,"bullet":true,"allowSleep":false,"allowRotation":false,"runtime":"laya.physics.RigidBody"},"compId":282},{"type":"Script","props":{"runtime":"script/Game/UIMain_Aisle.ts"},"compId":283},{"type":"Label","props":{"text":"label","name":"yanse","alpha":0},"compId":284},{"type":"Script","props":{"width":48,"label":"interaction","isSensor":true,"height":82,"runtime":"laya.physics.BoxCollider"},"compId":285}]}]},{"type":"Script","props":{"y":0,"x":0,"runtime":"script/Game/UIMain.ts"},"compId":55},{"type":"Image","props":{"y":866,"x":311,"width":319,"skin":"Room/room_blue.png","sizeGrid":"23,22,24,20","pivotY":111,"pivotX":160,"name":"Room3","height":222},"compId":185,"child":[{"type":"Script","props":{"y":0,"x":0,"width":318,"isSensor":false,"height":221,"friction":0.2,"density":-1,"runtime":"laya.physics.BoxCollider"},"compId":186},{"type":"Script","props":{"type":"dynamic","gravityScale":0,"allowSleep":false,"allowRotation":false,"runtime":"laya.physics.RigidBody"},"compId":187},{"type":"Sprite","props":{"y":207,"x":5,"width":312,"name":"Floor_01_Room3","height":14},"compId":207,"child":[{"type":"Image","props":{"y":0,"x":-7,"width":285,"skin":"UI/75b774cd-5d5f-4c0d-8bd0-7ec4d388c85d.png","height":14,"alpha":0},"compId":208},{"type":"Script","props":{"y":0,"x":-7,"width":321,"label":"floor","isSensor":true,"height":15,"runtime":"laya.physics.BoxCollider"},"compId":209},{"type":"Script","props":{"gravityScale":0,"bullet":true,"allowSleep":false,"allowRotation":false,"runtime":"laya.physics.RigidBody"},"compId":210}]},{"type":"Script","props":{"runtime":"script/Game/UIMain_Room.ts"},"compId":211},{"type":"Sprite","props":{"y":0,"x":0,"width":14,"name":"right_Wall","height":222},"compId":212,"child":[{"type":"Script","props":{"y":0,"x":0,"width":14,"label":"wall","isSensor":true,"height":221,"runtime":"laya.physics.BoxCollider"},"compId":213},{"type":"Script","props":{"gravityScale":0,"bullet":true,"allowSleep":false,"runtime":"laya.physics.RigidBody"},"compId":214}]},{"type":"Sprite","props":{"y":166,"x":318,"width":48,"pivotY":41,"pivotX":14,"name":"right_Aisle_01","height":82},"compId":304,"child":[{"type":"Image","props":{"y":2,"x":47,"width":78,"skin":"Room/ui_interaction_01.png","rotation":90,"name":"interaction","height":32},"compId":305},{"type":"Image","props":{"y":42,"x":7.7,"width":81,"skin":"Room/room_blue_wall.png","rotation":90,"pivotY":8,"pivotX":41,"name":"wall","height":16.2},"compId":306},{"type":"Image","props":{"y":41.5,"x":7.5,"skin":"Room/room_blue_color.png","rotation":90,"pivotY":8,"pivotX":41,"name":"color"},"compId":307},{"type":"Script","props":{"y":34,"x":0,"width":25,"label":"aisle","isSensor":true,"height":15,"runtime":"laya.physics.BoxCollider"},"compId":308},{"type":"Script","props":{"gravityScale":0,"bullet":true,"allowSleep":false,"allowRotation":false,"runtime":"laya.physics.RigidBody"},"compId":309},{"type":"Script","props":{"runtime":"script/Game/UIMain_Aisle.ts"},"compId":310},{"type":"Label","props":{"text":"label","name":"yanse","alpha":0},"compId":311},{"type":"Script","props":{"width":48,"label":"interaction","isSensor":true,"height":82,"runtime":"laya.physics.BoxCollider"},"compId":312}]}]},{"type":"Sprite","props":{"y":581,"x":632,"width":51,"var":"Gongzhu","rotation":0,"pivotY":32,"pivotX":26,"name":"Gongzhu","height":63},"compId":56,"child":[{"type":"Script","props":{"y":0,"x":6,"width":40,"label":"gongzhu","isSensor":true,"height":66,"runtime":"laya.physics.BoxCollider"},"compId":58},{"type":"Script","props":{"gravityScale":0,"allowSleep":false,"allowRotation":false,"runtime":"laya.physics.RigidBody"},"compId":59},{"type":"Image","props":{"y":23,"x":20,"width":52,"skin":"UI/3.png","pivotY":35,"pivotX":24,"name":"pic","height":70},"compId":134},{"type":"Script","props":{"runtime":"script/Game/UIMain_Gongzhu.ts"},"compId":326}]},{"type":"Sprite","props":{"y":940,"x":375,"width":60,"pivotY":24,"pivotX":30,"name":"moveDog_01","height":48},"compId":263,"child":[{"type":"Image","props":{"y":25,"x":31,"width":60,"skin":"UI/1.png","pivotY":24,"pivotX":30,"name":"pic","height":47},"compId":264},{"type":"Script","props":{"y":-14,"x":9,"width":42,"label":"dog","isSensor":true,"height":63,"runtime":"laya.physics.BoxCollider"},"compId":265},{"type":"Script","props":{"gravityScale":0,"allowSleep":false,"allowRotation":false,"runtime":"laya.physics.RigidBody"},"compId":266},{"type":"Script","props":{"runtime":"script/Game/UIMain_Dog.ts"},"compId":267}]},{"type":"Sprite","props":{"y":932.5,"x":228,"width":57,"var":"Wangzi","pivotY":35,"pivotX":29,"name":"Wangzi","height":69},"compId":321,"child":[{"type":"Image","props":{"y":34,"x":29,"width":57,"skin":"UI/2.png","scaleX":-1,"pivotY":35,"pivotX":29,"name":"pic","height":70},"compId":322},{"type":"Script","props":{"width":57,"label":"wangzi","isSensor":true,"height":69,"runtime":"laya.physics.BoxCollider"},"compId":323},{"type":"Script","props":{"gravityScale":0,"allowSleep":true,"allowRotation":true,"runtime":"laya.physics.RigidBody"},"compId":324},{"type":"Script","props":{"runtime":"script/Game/UIMain_Wangzi.ts"},"compId":325}]}],"loadList":["UI_new/conmmon/bg_yeloow.png","Room/room_green.png","Room/ui_interaction_01.png","Room/room_blue_wall.png","Room/room_blue_color.png","prefab/Floor.prefab","UI/75b774cd-5d5f-4c0d-8bd0-7ec4d388c85d.png","UI/2506dece-73cb-413b-93fd-6203f881c8d7.png","UI/e557da62-7068-4f1c-9cff-b0b7bdc059d3.png","Room/room_purple.png","UI/ec8071c1-4577-4d6c-9231-2357a90145b1.png","Room/room_blue.png","UI/3.png","UI/1.png","UI/2.png"],"loadList3D":[]}