{"type":"View","props":{"width":720,"height":1280},"compId":2,"child":[{"type":"Image","props":{"y":0,"x":0,"width":720,"var":"background","skin":"UI_new/conmmon/bg_yeloow.png","name":"background","height":1280},"compId":3},{"type":"Image","props":{"y":771.5,"x":542,"width":302,"var":"Room2","skin":"Room/room_green.png","sizeGrid":"23,22,24,20","pivotY":87,"pivotX":151,"name":"Room2","height":173},"compId":4,"child":[{"type":"Script","props":{"y":1,"x":2,"width":299,"isSensor":false,"height":171,"friction":0.2,"density":-1,"runtime":"laya.physics.BoxCollider"},"compId":5},{"type":"Script","props":{"type":"dynamic","gravityScale":0,"allowSleep":false,"allowRotation":false,"runtime":"laya.physics.RigidBody"},"compId":6},{"type":"Sprite","props":{"y":1,"x":0,"width":14,"name":"left_Wall","height":170},"compId":11,"child":[{"type":"Script","props":{"y":0,"x":0,"width":14,"label":"wall","isSensor":true,"height":170,"runtime":"laya.physics.BoxCollider"},"compId":12},{"type":"Script","props":{"gravityScale":0,"bullet":true,"allowSleep":false,"runtime":"laya.physics.RigidBody"},"compId":13}]},{"type":"Script","props":{"runtime":"script/Game/UIMain_Room.ts"},"compId":14},{"type":"Sprite","props":{"y":158,"x":22,"width":240,"name":"Floor_01_Room2","height":14},"compId":118,"child":[{"type":"Image","props":{"skin":"UI/75b774cd-5d5f-4c0d-8bd0-7ec4d388c85d.png","alpha":0},"compId":95},{"type":"Script","props":{"y":0,"x":-21,"width":263,"label":"floor","isSensor":true,"height":14,"runtime":"laya.physics.BoxCollider"},"compId":102},{"type":"Script","props":{"gravityScale":0,"bullet":true,"allowSleep":false,"allowRotation":false,"runtime":"laya.physics.RigidBody"},"compId":103}]},{"type":"Sprite","props":{"y":40.5,"x":49,"texture":"Room/ui_window.png"},"compId":184},{"type":"Sprite","props":{"y":84,"x":176,"texture":"Room/ui_door.png"},"compId":565},{"type":"Sprite","props":{"y":-1,"x":287,"width":14,"name":"left_Wall","height":170},"compId":641,"child":[{"type":"Script","props":{"y":0,"x":0,"width":14,"label":"wall","isSensor":true,"height":170,"runtime":"laya.physics.BoxCollider"},"compId":642},{"type":"Script","props":{"gravityScale":0,"bullet":true,"allowSleep":false,"runtime":"laya.physics.RigidBody"},"compId":643}]},{"type":"Sprite","props":{"y":168,"x":223,"width":82,"pivotY":10,"pivotX":41,"name":"down_Aisle_01","height":48},"compId":653,"child":[{"type":"Image","props":{"y":47,"x":80,"skin":"Room/ui_interaction_01.png","rotation":180,"name":"interaction"},"compId":654},{"type":"Image","props":{"y":7.4,"x":41.5,"skin":"Room/room_blue_wall.png","rotation":0,"pivotY":8,"pivotX":41,"name":"wall","height":16.2},"compId":655},{"type":"Image","props":{"y":7,"x":41.5,"width":81,"skin":"Room/room_blue_color.png","rotation":180,"pivotY":8,"pivotX":41,"name":"color","height":15},"compId":656},{"type":"Script","props":{"y":-23,"x":33,"width":73,"label":"aisle","isSensor":true,"height":59,"runtime":"laya.physics.BoxCollider"},"compId":657},{"type":"Script","props":{"gravityScale":0,"bullet":true,"allowSleep":false,"allowRotation":false,"runtime":"laya.physics.RigidBody"},"compId":658},{"type":"Script","props":{"runtime":"script/Game/UIMain_Aisle.ts"},"compId":659},{"type":"Label","props":{"text":"label","name":"yanse","alpha":0},"compId":660},{"type":"Script","props":{"y":0,"x":0,"width":82,"label":"interaction","isSensor":true,"height":48,"runtime":"laya.physics.BoxCollider"},"compId":661}]}]},{"type":"Script","props":{"y":0,"x":0,"runtime":"script/Game/UIMain.ts"},"compId":55},{"type":"Image","props":{"y":898,"x":195,"width":302,"skin":"Room/room_purple.png","sizeGrid":"23,22,24,20","pivotY":106,"pivotX":151,"name":"Room3","height":211},"compId":185,"child":[{"type":"Script","props":{"y":1,"x":0,"width":302,"isSensor":false,"height":209,"friction":0.2,"density":-1,"runtime":"laya.physics.BoxCollider"},"compId":186},{"type":"Script","props":{"type":"dynamic","gravityScale":0,"allowSleep":false,"allowRotation":false,"runtime":"laya.physics.RigidBody"},"compId":187},{"type":"Script","props":{"runtime":"script/Game/UIMain_Room.ts"},"compId":211},{"type":"Sprite","props":{"y":93,"x":288,"width":14,"name":"left_Wall","height":117},"compId":212,"child":[{"type":"Script","props":{"y":0,"x":0,"width":14,"label":"wall","isSensor":true,"height":117,"runtime":"laya.physics.BoxCollider"},"compId":213},{"type":"Script","props":{"gravityScale":0,"bullet":true,"allowSleep":false,"runtime":"laya.physics.RigidBody"},"compId":214}]},{"type":"Sprite","props":{"y":196,"x":23,"width":240,"name":"Floor_01_Room3","height":14},"compId":405,"child":[{"type":"Image","props":{"skin":"UI/75b774cd-5d5f-4c0d-8bd0-7ec4d388c85d.png","alpha":0},"compId":406},{"type":"Script","props":{"y":0,"x":-21,"width":299,"label":"floor","isSensor":true,"height":14,"runtime":"laya.physics.BoxCollider"},"compId":407},{"type":"Script","props":{"gravityScale":0,"bullet":true,"allowSleep":false,"allowRotation":false,"runtime":"laya.physics.RigidBody"},"compId":408}]},{"type":"Sprite","props":{"y":174,"x":172.5,"width":60,"pivotY":24,"pivotX":30,"name":"staticDog_01","height":48},"compId":711,"child":[{"type":"Image","props":{"y":25,"x":28,"width":60,"skin":"UI/1.png","scaleX":1,"pivotY":24,"pivotX":30,"name":"pic","height":47},"compId":712},{"type":"Script","props":{"y":0,"x":9,"width":42,"label":"dog","isSensor":true,"height":48,"runtime":"laya.physics.BoxCollider"},"compId":713},{"type":"Script","props":{"gravityScale":0,"allowSleep":false,"allowRotation":false,"runtime":"laya.physics.RigidBody"},"compId":714},{"type":"Script","props":{"runtime":"script/Game/UIMain_StaticDog.ts"},"compId":715}]},{"type":"Sprite","props":{"y":156,"x":1,"width":48,"pivotY":41,"pivotX":33,"name":"left_Aisle_01","height":82},"compId":716,"child":[{"type":"Image","props":{"y":80,"x":0.5,"width":78,"skin":"Room/ui_interaction_01.png","rotation":270,"name":"interaction","height":32},"compId":717},{"type":"Image","props":{"y":41.5,"x":40.6,"skin":"Room/room_blue_wall.png","rotation":90,"pivotY":8,"pivotX":41,"name":"wall","height":16.7},"compId":718},{"type":"Image","props":{"y":41.5,"x":40.5,"width":81,"skin":"Room/room_blue_color.png","rotation":-90,"pivotY":8,"pivotX":41,"name":"color","height":15},"compId":719},{"type":"Script","props":{"y":34,"x":23,"width":25,"label":"aisle","isSensor":true,"height":15,"runtime":"laya.physics.BoxCollider"},"compId":720},{"type":"Script","props":{"y":1,"x":0,"gravityScale":0,"bullet":true,"allowSleep":false,"allowRotation":false,"runtime":"laya.physics.RigidBody"},"compId":721},{"type":"Script","props":{"runtime":"script/Game/UIMain_Aisle.ts"},"compId":722},{"type":"Label","props":{"text":"label","name":"yanse","alpha":0},"compId":723},{"type":"Script","props":{"width":48,"label":"interaction","isSensor":true,"height":82,"runtime":"laya.physics.BoxCollider"},"compId":724}]}]},{"type":"Image","props":{"y":291,"x":348.5,"width":336,"var":"Room1","skin":"Room/room_blue.png","sizeGrid":"23,22,24,20","pivotY":103,"pivotX":168,"name":"Room1","height":205},"compId":15,"child":[{"type":"Script","props":{"y":1,"x":0,"width":336,"isSensor":false,"height":202,"friction":0.2,"density":-1,"runtime":"laya.physics.BoxCollider"},"compId":16},{"type":"Script","props":{"type":"dynamic","group":1,"gravityScale":0,"bullet":true,"allowSleep":false,"runtime":"laya.physics.RigidBody"},"compId":17},{"type":"Script","props":{"y":1,"x":0,"runtime":"script/Game/UIMain_Room.ts"},"compId":22},{"type":"Sprite","props":{"y":189,"x":2,"width":408,"name":"Floor_02_Room1","height":17},"compId":104,"child":[{"type":"Image","props":{"y":102,"x":2,"width":296,"height":14,"alpha":0},"compId":105},{"type":"Script","props":{"y":1,"x":2,"width":329,"label":"floor","isSensor":true,"height":15,"runtime":"laya.physics.BoxCollider"},"compId":106},{"type":"Script","props":{"gravityScale":0,"allowSleep":false,"allowRotation":false,"runtime":"laya.physics.RigidBody"},"compId":107}]},{"type":"Sprite","props":{"y":0,"x":0,"width":14,"name":"left_Wall","height":199},"compId":336,"child":[{"type":"Script","props":{"y":112,"x":0,"width":14,"label":"wall","isSensor":true,"height":88,"runtime":"laya.physics.BoxCollider"},"compId":337},{"type":"Script","props":{"gravityScale":0,"bullet":true,"allowSleep":false,"runtime":"laya.physics.RigidBody"},"compId":338}]},{"type":"Sprite","props":{"y":42,"x":221,"width":71,"pivotY":38,"pivotX":36,"name":"ladder_01","height":76},"compId":557,"child":[{"type":"Sprite","props":{"y":37,"x":12,"texture":"Room/ui_ladder.png"},"compId":558},{"type":"Sprite","props":{"y":-1,"x":12,"texture":"Room/ui_ladder.png"},"compId":559},{"type":"Script","props":{"y":-1,"x":29,"width":14,"label":"ladder","isSensor":true,"height":77,"runtime":"laya.physics.BoxCollider"},"compId":563},{"type":"Script","props":{"gravityScale":0,"bullet":true,"allowSleep":false,"allowRotation":false,"runtime":"laya.physics.RigidBody"},"compId":564}]},{"type":"Sprite","props":{"y":1,"x":221,"width":82,"pivotY":33,"pivotX":41,"name":"up_Aisle_01","height":48},"compId":530,"child":[{"type":"Image","props":{"y":1,"x":2,"skin":"Room/ui_interaction_01.png","rotation":0,"name":"interaction"},"compId":531},{"type":"Image","props":{"y":40,"x":41.5,"skin":"Room/room_blue_wall.png","rotation":0,"pivotY":8,"pivotX":41,"name":"wall","height":16.8},"compId":532},{"type":"Image","props":{"y":40,"x":41.5,"skin":"Room/room_blue_color.png","rotation":0,"pivotY":8,"pivotX":41,"name":"color"},"compId":533},{"type":"Script","props":{"y":22.5,"x":33,"width":15,"label":"aisle","isSensor":true,"height":25,"runtime":"laya.physics.BoxCollider"},"compId":534},{"type":"Script","props":{"gravityScale":0,"bullet":true,"allowSleep":false,"allowRotation":false,"runtime":"laya.physics.RigidBody"},"compId":535},{"type":"Script","props":{"runtime":"script/Game/UIMain_Aisle.ts"},"compId":536},{"type":"Label","props":{"text":"label","name":"yanse","alpha":0},"compId":537},{"type":"Script","props":{"y":0,"x":0,"width":82,"label":"interaction","isSensor":true,"height":48,"runtime":"laya.physics.BoxCollider"},"compId":538}]},{"type":"Sprite","props":{"y":148,"x":334,"width":48,"pivotY":41,"pivotX":14,"name":"right_Aisle_01","height":82},"compId":665,"child":[{"type":"Image","props":{"y":2,"x":47,"width":78,"skin":"Room/ui_interaction_01.png","rotation":90,"name":"interaction","height":32},"compId":666},{"type":"Image","props":{"y":42,"x":8,"width":81,"skin":"Room/room_blue_wall.png","rotation":90,"pivotY":8,"pivotX":41,"name":"wall","height":16.8},"compId":667},{"type":"Image","props":{"y":41.5,"x":7.5,"skin":"Room/room_blue_color.png","rotation":90,"pivotY":8,"pivotX":41,"name":"color"},"compId":668},{"type":"Script","props":{"y":34,"x":0,"width":25,"label":"aisle","isSensor":true,"height":15,"runtime":"laya.physics.BoxCollider"},"compId":669},{"type":"Script","props":{"gravityScale":0,"bullet":true,"allowSleep":false,"allowRotation":false,"runtime":"laya.physics.RigidBody"},"compId":670},{"type":"Script","props":{"runtime":"script/Game/UIMain_Aisle.ts"},"compId":671},{"type":"Label","props":{"text":"label","name":"yanse","alpha":0},"compId":672},{"type":"Script","props":{"width":48,"label":"interaction","isSensor":true,"height":82,"runtime":"laya.physics.BoxCollider"},"compId":673}]}]},{"type":"Image","props":{"y":543,"x":230,"width":336,"skin":"Room/room_bluish.png","sizeGrid":"23,22,24,20","pivotY":99,"pivotX":168,"name":"Room4","height":198},"compId":500,"child":[{"type":"Script","props":{"y":0,"x":1,"width":335,"isSensor":false,"height":197,"friction":0.2,"density":-1,"runtime":"laya.physics.BoxCollider"},"compId":501},{"type":"Script","props":{"type":"dynamic","group":1,"gravityScale":0,"bullet":true,"allowSleep":false,"runtime":"laya.physics.RigidBody"},"compId":502},{"type":"Script","props":{"y":1,"x":0,"runtime":"script/Game/UIMain_Room.ts"},"compId":503},{"type":"Sprite","props":{"y":181,"x":-2,"width":338,"name":"Floor_02_Room4","height":17},"compId":504,"child":[{"type":"Image","props":{"y":102,"x":2,"width":296,"height":14,"alpha":0},"compId":505},{"type":"Script","props":{"y":1,"x":2,"width":333,"label":"floor","isSensor":true,"height":15,"runtime":"laya.physics.BoxCollider"},"compId":506},{"type":"Script","props":{"gravityScale":0,"allowSleep":false,"allowRotation":false,"runtime":"laya.physics.RigidBody"},"compId":507}]},{"type":"Sprite","props":{"y":140.5,"x":1,"width":48,"pivotY":41,"pivotX":33,"name":"left_Aisle_01","height":82},"compId":512,"child":[{"type":"Image","props":{"y":80,"x":0.5,"width":78,"skin":"Room/ui_interaction_01.png","rotation":270,"name":"interaction","height":32},"compId":513},{"type":"Image","props":{"y":41.5,"x":40.6,"skin":"Room/room_blue_wall.png","rotation":90,"pivotY":8,"pivotX":41,"name":"wall","height":16.7},"compId":514},{"type":"Image","props":{"y":41.5,"x":40.5,"width":81,"skin":"Room/room_blue_color.png","rotation":-90,"pivotY":8,"pivotX":41,"name":"color","height":15},"compId":515},{"type":"Script","props":{"y":34,"x":23,"width":25,"label":"aisle","isSensor":true,"height":15,"runtime":"laya.physics.BoxCollider"},"compId":516},{"type":"Script","props":{"y":1,"x":0,"gravityScale":0,"bullet":true,"allowSleep":false,"allowRotation":false,"runtime":"laya.physics.RigidBody"},"compId":517},{"type":"Script","props":{"runtime":"script/Game/UIMain_Aisle.ts"},"compId":518},{"type":"Label","props":{"text":"label","name":"yanse","alpha":0},"compId":519},{"type":"Script","props":{"width":48,"label":"interaction","isSensor":true,"height":82,"runtime":"laya.physics.BoxCollider"},"compId":520}]},{"type":"Sprite","props":{"y":192.5,"x":258,"width":82,"pivotY":10,"pivotX":41,"name":"down_Aisle_01","height":48},"compId":620,"child":[{"type":"Image","props":{"y":47,"x":80,"skin":"Room/ui_interaction_01.png","rotation":180,"name":"interaction"},"compId":621},{"type":"Image","props":{"y":7.4,"x":41.5,"skin":"Room/room_blue_wall.png","rotation":0,"pivotY":8,"pivotX":41,"name":"wall","height":16.2},"compId":622},{"type":"Image","props":{"y":7,"x":41.5,"width":81,"skin":"Room/room_blue_color.png","rotation":180,"pivotY":8,"pivotX":41,"name":"color","height":15},"compId":623},{"type":"Script","props":{"y":-23,"x":33,"width":73,"label":"aisle","isSensor":true,"height":59,"runtime":"laya.physics.BoxCollider"},"compId":624},{"type":"Script","props":{"gravityScale":0,"bullet":true,"allowSleep":false,"allowRotation":false,"runtime":"laya.physics.RigidBody"},"compId":625},{"type":"Script","props":{"runtime":"script/Game/UIMain_Aisle.ts"},"compId":626},{"type":"Label","props":{"text":"label","name":"yanse","alpha":0},"compId":627},{"type":"Script","props":{"y":0,"x":0,"width":82,"label":"interaction","isSensor":true,"height":48,"runtime":"laya.physics.BoxCollider"},"compId":628}]},{"type":"Sprite","props":{"y":0,"x":322,"width":14,"name":"left_Wall","height":190},"compId":662,"child":[{"type":"Script","props":{"y":0,"x":0,"width":14,"label":"wall","isSensor":true,"height":189,"runtime":"laya.physics.BoxCollider"},"compId":663},{"type":"Script","props":{"gravityScale":0,"bullet":true,"allowSleep":false,"runtime":"laya.physics.RigidBody"},"compId":664}]},{"type":"Sprite","props":{"y":167.5,"x":94,"width":55,"pivotY":28,"pivotX":28,"name":"dogfood","height":56},"compId":698,"child":[{"type":"Sprite","props":{"y":27,"x":28,"texture":"Room/icon_dogfood.png","scaleY":0.7,"scaleX":0.7,"pivotY":29,"pivotX":41},"compId":699},{"type":"Script","props":{"y":3,"x":19,"width":21,"label":"dogfood","isSensor":true,"height":52,"runtime":"laya.physics.BoxCollider"},"compId":700},{"type":"Script","props":{"gravityScale":0,"bullet":true,"allowSleep":false,"allowRotation":false,"runtime":"laya.physics.RigidBody"},"compId":701}]},{"type":"Sprite","props":{"y":165.5,"x":167,"width":38,"rotation":0,"pivotY":25,"pivotX":19,"name":"drumstick","height":49},"compId":702,"child":[{"type":"Script","props":{"y":2,"x":2,"width":35,"label":"drumstick","isSensor":true,"height":46,"runtime":"laya.physics.BoxCollider"},"compId":703},{"type":"Script","props":{"gravityScale":0,"allowSleep":false,"allowRotation":false,"runtime":"laya.physics.RigidBody"},"compId":704},{"type":"Image","props":{"y":11,"x":10,"skin":"Room/icon_drumstick.png","scaleY":0.6,"scaleX":0.6,"name":"pic"},"compId":705}]}]},{"type":"Image","props":{"y":1090,"x":515,"width":307,"skin":"Room/room_blue.png","sizeGrid":"23,22,24,20","pivotY":103,"pivotX":154,"name":"Room1","height":205},"compId":750,"child":[{"type":"Script","props":{"y":1,"x":0,"width":305,"isSensor":false,"height":202,"friction":0.2,"density":-1,"runtime":"laya.physics.BoxCollider"},"compId":751},{"type":"Script","props":{"type":"dynamic","group":1,"gravityScale":0,"bullet":true,"allowSleep":false,"runtime":"laya.physics.RigidBody"},"compId":752},{"type":"Script","props":{"y":1,"x":0,"runtime":"script/Game/UIMain_Room.ts"},"compId":753},{"type":"Sprite","props":{"y":189,"x":2,"width":306,"name":"Floor_02_Room1","height":17},"compId":754,"child":[{"type":"Image","props":{"y":102,"x":2,"width":296,"height":14,"alpha":0},"compId":755},{"type":"Script","props":{"y":1,"x":2,"width":302,"label":"floor","isSensor":true,"height":15,"runtime":"laya.physics.BoxCollider"},"compId":756},{"type":"Script","props":{"gravityScale":0,"allowSleep":false,"allowRotation":false,"runtime":"laya.physics.RigidBody"},"compId":757}]},{"type":"Sprite","props":{"y":42,"x":68,"width":71,"pivotY":38,"pivotX":36,"name":"ladder_01","height":76},"compId":761,"child":[{"type":"Sprite","props":{"y":37,"x":12,"texture":"Room/ui_ladder.png"},"compId":762},{"type":"Sprite","props":{"y":-1,"x":12,"texture":"Room/ui_ladder.png"},"compId":763},{"type":"Script","props":{"y":-1,"x":29,"width":14,"label":"ladder","isSensor":true,"height":77,"runtime":"laya.physics.BoxCollider"},"compId":764},{"type":"Script","props":{"gravityScale":0,"bullet":true,"allowSleep":false,"allowRotation":false,"runtime":"laya.physics.RigidBody"},"compId":765}]},{"type":"Sprite","props":{"y":1,"x":68,"width":82,"pivotY":33,"pivotX":41,"name":"up_Aisle_01","height":48},"compId":766,"child":[{"type":"Image","props":{"y":1,"x":2,"skin":"Room/ui_interaction_01.png","rotation":0,"name":"interaction"},"compId":767},{"type":"Image","props":{"y":40,"x":41.5,"skin":"Room/room_blue_wall.png","rotation":0,"pivotY":8,"pivotX":41,"name":"wall","height":16.8},"compId":768},{"type":"Image","props":{"y":40,"x":41.5,"skin":"Room/room_blue_color.png","rotation":0,"pivotY":8,"pivotX":41,"name":"color"},"compId":769},{"type":"Script","props":{"y":22.5,"x":33,"width":15,"label":"aisle","isSensor":true,"height":25,"runtime":"laya.physics.BoxCollider"},"compId":770},{"type":"Script","props":{"gravityScale":0,"bullet":true,"allowSleep":false,"allowRotation":false,"runtime":"laya.physics.RigidBody"},"compId":771},{"type":"Script","props":{"runtime":"script/Game/UIMain_Aisle.ts"},"compId":772},{"type":"Label","props":{"text":"label","name":"yanse","alpha":0},"compId":773},{"type":"Script","props":{"y":0,"x":0,"width":82,"label":"interaction","isSensor":true,"height":48,"runtime":"laya.physics.BoxCollider"},"compId":774}]},{"type":"Sprite","props":{"y":27,"x":1,"width":14,"name":"left_Wall","height":170},"compId":775,"child":[{"type":"Script","props":{"y":76,"x":0,"width":14,"label":"wall","isSensor":true,"height":94,"runtime":"laya.physics.BoxCollider"},"compId":776},{"type":"Script","props":{"gravityScale":0,"bullet":true,"allowSleep":false,"runtime":"laya.physics.RigidBody"},"compId":777}]},{"type":"Sprite","props":{"y":149,"x":305,"width":48,"pivotY":41,"pivotX":14,"name":"right_Aisle_01","height":82},"compId":778,"child":[{"type":"Image","props":{"y":2,"x":47,"width":78,"skin":"Room/ui_interaction_01.png","rotation":90,"name":"interaction","height":32},"compId":779},{"type":"Image","props":{"y":42,"x":8,"width":81,"skin":"Room/room_blue_wall.png","rotation":90,"pivotY":8,"pivotX":41,"name":"wall","height":16.8},"compId":780},{"type":"Image","props":{"y":41.5,"x":7.5,"skin":"Room/room_blue_color.png","rotation":90,"pivotY":8,"pivotX":41,"name":"color"},"compId":781},{"type":"Script","props":{"y":34,"x":0,"width":25,"label":"aisle","isSensor":true,"height":15,"runtime":"laya.physics.BoxCollider"},"compId":782},{"type":"Script","props":{"gravityScale":0,"bullet":true,"allowSleep":false,"allowRotation":false,"runtime":"laya.physics.RigidBody"},"compId":783},{"type":"Script","props":{"runtime":"script/Game/UIMain_Aisle.ts"},"compId":784},{"type":"Label","props":{"text":"label","name":"yanse","alpha":0},"compId":785},{"type":"Script","props":{"width":48,"label":"interaction","isSensor":true,"height":82,"runtime":"laya.physics.BoxCollider"},"compId":786}]},{"type":"Sprite","props":{"y":168,"x":139,"width":49,"pivotY":25,"pivotX":25,"name":"necklace","height":49},"compId":791,"child":[{"type":"Sprite","props":{"y":1,"x":-2,"width":52,"texture":"Room/icon_necklace.png","height":50},"compId":792},{"type":"Script","props":{"y":3,"x":3,"width":44,"label":"necklace","isSensor":true,"height":45,"runtime":"laya.physics.BoxCollider"},"compId":793},{"type":"Script","props":{"gravityScale":0,"bullet":true,"allowSleep":false,"allowRotation":false,"runtime":"laya.physics.RigidBody"},"compId":794}]}]},{"type":"Sprite","props":{"y":816.5,"x":482,"width":51,"var":"Gongzhu","rotation":0,"pivotY":32,"pivotX":26,"name":"Gongzhu","height":63},"compId":674,"child":[{"type":"Script","props":{"y":0,"x":6,"width":40,"label":"gongzhu","isSensor":true,"height":66,"runtime":"laya.physics.BoxCollider"},"compId":675},{"type":"Script","props":{"gravityScale":0,"allowSleep":false,"allowRotation":false,"runtime":"laya.physics.RigidBody"},"compId":676},{"type":"Image","props":{"y":23,"x":20,"width":52,"skin":"UI_new/GameStart/person_gongzhu.png","pivotY":35,"pivotX":24,"name":"pic","height":70},"compId":677},{"type":"Script","props":{"runtime":"script/Game/UIMain_Gongzhu.ts"},"compId":678}]},{"type":"Sprite","props":{"y":959,"x":289,"width":57,"var":"Wangzi","pivotY":35,"pivotX":29,"name":"Wangzi","height":69},"compId":679,"child":[{"type":"Image","props":{"y":34,"x":29,"width":57,"skin":"UI/2.png","scaleX":1,"pivotY":35,"pivotX":29,"name":"pic","height":70},"compId":680},{"type":"Script","props":{"width":57,"label":"wangzi","isSensor":true,"height":69,"runtime":"laya.physics.BoxCollider"},"compId":681},{"type":"Script","props":{"gravityScale":0,"allowSleep":true,"allowRotation":true,"runtime":"laya.physics.RigidBody"},"compId":682},{"type":"Script","props":{"runtime":"script/Game/UIMain_Wangzi.ts"},"compId":683}]},{"type":"Sprite","props":{"y":356,"x":422,"width":60,"pivotY":24,"pivotX":30,"name":"moveDog_01","height":48},"compId":689,"child":[{"type":"Image","props":{"y":25,"x":31,"width":60,"skin":"UI/1.png","pivotY":24,"pivotX":30,"name":"pic","height":47},"compId":690},{"type":"Script","props":{"y":-11,"x":9,"width":42,"label":"dog","isSensor":true,"height":64,"runtime":"laya.physics.BoxCollider"},"compId":691},{"type":"Script","props":{"gravityScale":0,"allowSleep":false,"allowRotation":false,"runtime":"laya.physics.RigidBody"},"compId":692},{"type":"Script","props":{"runtime":"script/Game/UIMain_Dog.ts"},"compId":693}]},{"type":"Sprite","props":{"y":817.5,"x":550.5,"width":51,"var":"Rival","rotation":0,"pivotY":32,"pivotX":26,"name":"Rival","height":63},"compId":706,"child":[{"type":"Script","props":{"y":0,"x":6,"width":40,"label":"rival","isSensor":true,"height":64,"runtime":"laya.physics.BoxCollider"},"compId":707},{"type":"Script","props":{"gravityScale":0,"allowSleep":false,"allowRotation":false,"runtime":"laya.physics.RigidBody"},"compId":708},{"type":"Image","props":{"y":23,"x":20,"width":52,"skin":"UI/3.png","pivotY":35,"pivotX":24,"name":"pic","height":70},"compId":709},{"type":"Script","props":{"runtime":"script/Game/UIMain_Rival.ts"},"compId":710}]},{"type":"Sprite","props":{"y":1148,"x":576,"width":51,"rotation":0,"pivotY":32,"pivotX":26,"name":"houma","height":63},"compId":802,"child":[{"type":"Script","props":{"y":0,"x":9,"width":34,"label":"houma","isSensor":true,"height":64,"runtime":"laya.physics.BoxCollider"},"compId":803},{"type":"Script","props":{"gravityScale":0,"allowSleep":false,"allowRotation":false,"runtime":"laya.physics.RigidBody"},"compId":804},{"type":"Image","props":{"y":32,"x":25,"width":52,"skin":"Room/room_pink.png","pivotY":35,"pivotX":24,"name":"pic","height":70},"compId":805},{"type":"Image","props":{"y":19,"x":-2,"width":41,"skin":"Room/icon_apple.png","scaleY":0.6,"scaleX":0.6,"pivotY":21,"pivotX":21,"name":"apple","height":41},"compId":806},{"type":"Script","props":{"runtime":"script/Game/UIMain_Houma.ts"},"compId":807}]}],"loadList":["UI_new/conmmon/bg_yeloow.png","Room/room_green.png","UI/75b774cd-5d5f-4c0d-8bd0-7ec4d388c85d.png","Room/ui_window.png","Room/ui_door.png","Room/ui_interaction_01.png","Room/room_blue_wall.png","Room/room_blue_color.png","Room/room_purple.png","UI/1.png","Room/room_blue.png","Room/ui_ladder.png","Room/room_bluish.png","Room/icon_dogfood.png","Room/icon_drumstick.png","Room/icon_necklace.png","UI_new/GameStart/person_gongzhu.png","UI/2.png","UI/3.png","Room/room_pink.png","Room/icon_apple.png"],"loadList3D":[]}