{"type":"View","props":{"width":720,"name":"UIMain_008","height":1280},"compId":2,"child":[{"type":"Image","props":{"y":0,"x":0,"width":720,"var":"background","skin":"UI_new/conmmon/bg_yeloow.png","name":"background","height":1280},"compId":3},{"type":"Image","props":{"y":484,"x":571,"width":264,"var":"Room2","skin":"Room/room_green.png","sizeGrid":"23,22,24,20","pivotY":142,"pivotX":132,"name":"Room2","height":284},"compId":4,"child":[{"type":"Script","props":{"y":1,"x":2,"width":260,"isSensor":false,"height":281,"friction":0.2,"density":-1,"runtime":"laya.physics.BoxCollider"},"compId":5},{"type":"Script","props":{"type":"dynamic","gravityScale":0,"allowSleep":false,"allowRotation":false,"runtime":"laya.physics.RigidBody"},"compId":6},{"type":"Sprite","props":{"y":0,"x":249,"width":14,"name":"left_Wall","height":272},"compId":11,"child":[{"type":"Script","props":{"y":0,"x":0,"width":14,"label":"wall","isSensor":true,"height":274,"runtime":"laya.physics.BoxCollider"},"compId":12},{"type":"Script","props":{"gravityScale":0,"bullet":true,"allowSleep":false,"runtime":"laya.physics.RigidBody"},"compId":13}]},{"type":"Script","props":{"runtime":"script/Game/UIMain_Room.ts"},"compId":14},{"type":"Sprite","props":{"y":269,"x":21,"width":240,"name":"Floor_01_Room2","height":14},"compId":118,"child":[{"type":"Image","props":{"skin":"UI/75b774cd-5d5f-4c0d-8bd0-7ec4d388c85d.png","alpha":0},"compId":95},{"type":"Script","props":{"y":0,"x":-21,"width":263,"label":"floor","isSensor":true,"height":14,"runtime":"laya.physics.BoxCollider"},"compId":102},{"type":"Script","props":{"gravityScale":0,"bullet":true,"allowSleep":false,"allowRotation":false,"runtime":"laya.physics.RigidBody"},"compId":103}]},{"type":"Sprite","props":{"y":91,"x":48,"texture":"UI/2506dece-73cb-413b-93fd-6203f881c8d7.png"},"compId":184},{"type":"Sprite","props":{"y":194,"x":169,"texture":"UI/e557da62-7068-4f1c-9cff-b0b7bdc059d3.png"},"compId":243},{"type":"Sprite","props":{"y":228,"x":0,"width":48,"pivotY":41,"pivotX":33,"name":"left_Aisle_01","height":82},"compId":319,"child":[{"type":"Image","props":{"y":80,"x":0.5,"width":78,"skin":"Room/ui_interaction_01.png","rotation":270,"name":"interaction","height":32},"compId":320},{"type":"Image","props":{"y":42,"x":40.7,"width":81,"skin":"Room/room_blue_wall.png","rotation":90,"pivotY":8,"pivotX":41,"name":"wall","height":17},"compId":321},{"type":"Image","props":{"y":41.5,"x":40.5,"width":81,"skin":"Room/room_blue_color.png","rotation":-90,"pivotY":8,"pivotX":41,"name":"color","height":15},"compId":322},{"type":"Script","props":{"y":34,"x":23,"width":25,"label":"aisle","isSensor":true,"height":15,"runtime":"laya.physics.BoxCollider"},"compId":323},{"type":"Script","props":{"y":1,"x":0,"gravityScale":0,"bullet":true,"allowSleep":false,"allowRotation":false,"runtime":"laya.physics.RigidBody"},"compId":324},{"type":"Script","props":{"runtime":"script/Game/UIMain_Aisle.ts"},"compId":325},{"type":"Label","props":{"text":"label","name":"yanse","alpha":0},"compId":326},{"type":"Script","props":{"width":48,"label":"interaction","isSensor":true,"height":82,"runtime":"laya.physics.BoxCollider"},"compId":327}]}]},{"type":"Image","props":{"y":393,"x":192,"width":299,"var":"Room1","skin":"Room/room_blue.png","sizeGrid":"23,22,24,20","pivotY":155,"pivotX":148,"name":"Room1","height":310},"compId":15,"child":[{"type":"Script","props":{"y":0,"x":2,"width":296,"isSensor":false,"height":308,"friction":0.2,"density":-1,"runtime":"laya.physics.BoxCollider"},"compId":16},{"type":"Script","props":{"type":"dynamic","group":1,"gravityScale":0,"bullet":true,"allowSleep":false,"runtime":"laya.physics.RigidBody"},"compId":17},{"type":"Script","props":{"y":1,"x":0,"runtime":"script/Game/UIMain_Room.ts"},"compId":22},{"type":"Sprite","props":{"y":293,"x":0,"width":294,"name":"Floor_02_Room1","height":17},"compId":104,"child":[{"type":"Image","props":{"y":102,"x":2,"width":296,"height":14,"alpha":0},"compId":105},{"type":"Script","props":{"y":1,"x":2,"width":296,"label":"floor","isSensor":true,"height":15,"runtime":"laya.physics.BoxCollider"},"compId":106},{"type":"Script","props":{"gravityScale":0,"allowSleep":false,"allowRotation":false,"runtime":"laya.physics.RigidBody"},"compId":107}]},{"type":"Sprite","props":{"y":255,"x":298,"width":48,"pivotY":41,"pivotX":14,"name":"right_Aisle_01","height":82},"compId":310,"child":[{"type":"Image","props":{"y":2,"x":47,"width":78,"skin":"Room/ui_interaction_01.png","rotation":90,"name":"interaction","height":32},"compId":311},{"type":"Image","props":{"y":42,"x":7.7,"width":81,"skin":"Room/room_blue_wall.png","rotation":90,"pivotY":8,"pivotX":41,"name":"wall","height":16.5},"compId":312},{"type":"Image","props":{"y":41.5,"x":7.5,"skin":"Room/room_blue_color.png","rotation":90,"pivotY":8,"pivotX":41,"name":"color"},"compId":313},{"type":"Script","props":{"y":34,"x":0,"width":25,"label":"aisle","isSensor":true,"height":15,"runtime":"laya.physics.BoxCollider"},"compId":314},{"type":"Script","props":{"gravityScale":0,"bullet":true,"allowSleep":false,"allowRotation":false,"runtime":"laya.physics.RigidBody"},"compId":315},{"type":"Script","props":{"runtime":"script/Game/UIMain_Aisle.ts"},"compId":316},{"type":"Label","props":{"text":"label","name":"yanse","alpha":0},"compId":317},{"type":"Script","props":{"width":48,"label":"interaction","isSensor":true,"height":82,"runtime":"laya.physics.BoxCollider"},"compId":318}]},{"type":"Sprite","props":{"y":19,"x":2,"width":14,"name":"left_Wall","height":272},"compId":366,"child":[{"type":"Script","props":{"y":0,"x":0,"width":14,"label":"wall","isSensor":true,"height":274,"runtime":"laya.physics.BoxCollider"},"compId":367},{"type":"Script","props":{"gravityScale":0,"bullet":true,"allowSleep":false,"runtime":"laya.physics.RigidBody"},"compId":368}]}]},{"type":"Script","props":{"y":0,"x":0,"runtime":"script/Game/UIMain.ts"},"compId":55},{"type":"Image","props":{"y":848,"x":282,"width":319,"skin":"Room/room_bluish.png","sizeGrid":"23,22,24,20","pivotY":143,"pivotX":160,"name":"Room3","height":285},"compId":185,"child":[{"type":"Script","props":{"y":0,"x":1,"width":317,"isSensor":false,"height":284,"friction":0.2,"density":-1,"runtime":"laya.physics.BoxCollider"},"compId":186},{"type":"Script","props":{"type":"dynamic","gravityScale":0,"allowSleep":false,"allowRotation":false,"runtime":"laya.physics.RigidBody"},"compId":187},{"type":"Sprite","props":{"y":269,"x":6,"width":312,"name":"Floor_01_Room3","height":14},"compId":207,"child":[{"type":"Image","props":{"y":0,"x":-7,"width":285,"skin":"UI/75b774cd-5d5f-4c0d-8bd0-7ec4d388c85d.png","height":14,"alpha":0},"compId":208},{"type":"Script","props":{"y":0,"x":-7,"width":321,"label":"floor","isSensor":true,"height":15,"runtime":"laya.physics.BoxCollider"},"compId":209},{"type":"Script","props":{"gravityScale":0,"bullet":true,"allowSleep":false,"allowRotation":false,"runtime":"laya.physics.RigidBody"},"compId":210}]},{"type":"Script","props":{"runtime":"script/Game/UIMain_Room.ts"},"compId":211},{"type":"Sprite","props":{"y":0,"x":305,"width":14,"name":"right_Wall","height":284},"compId":212,"child":[{"type":"Script","props":{"y":0,"x":0,"width":14,"label":"wall","isSensor":true,"height":283,"runtime":"laya.physics.BoxCollider"},"compId":213},{"type":"Script","props":{"gravityScale":0,"bullet":true,"allowSleep":false,"runtime":"laya.physics.RigidBody"},"compId":214}]},{"type":"Sprite","props":{"y":227.5,"x":240,"width":92,"pivotY":45,"pivotX":46,"name":"doghouse","height":89},"compId":305,"child":[{"type":"Image","props":{"y":0,"x":0,"skin":"Room/ui_doghouse_01.png","name":"house"},"compId":306},{"type":"Image","props":{"y":-10,"x":69,"visible":false,"skin":"Room/ui_doghouse_02.png","name":"sleepPic","alpha":1},"compId":307},{"type":"Script","props":{"width":92,"label":"doghouse","isSensor":true,"height":89,"runtime":"laya.physics.BoxCollider"},"compId":308},{"type":"Script","props":{"gravityScale":0,"allowSleep":false,"allowRotation":false,"runtime":"laya.physics.RigidBody"},"compId":309}]},{"type":"Sprite","props":{"y":227.5,"x":0,"width":48,"pivotY":41,"pivotX":33,"name":"left_Aisle_01","height":82},"compId":328,"child":[{"type":"Image","props":{"y":80,"x":0.5,"width":78,"skin":"Room/ui_interaction_01.png","rotation":270,"name":"interaction","height":32},"compId":329},{"type":"Image","props":{"y":41.5,"x":40.5,"width":81,"skin":"Room/room_blue_wall.png","rotation":90,"pivotY":8,"pivotX":41,"name":"wall","height":16.6},"compId":330},{"type":"Image","props":{"y":41.5,"x":40.5,"width":81,"skin":"Room/room_blue_color.png","rotation":-90,"pivotY":8,"pivotX":41,"name":"color","height":15},"compId":331},{"type":"Script","props":{"y":34,"x":23,"width":25,"label":"aisle","isSensor":true,"height":15,"runtime":"laya.physics.BoxCollider"},"compId":332},{"type":"Script","props":{"y":1,"x":0,"gravityScale":0,"bullet":true,"allowSleep":false,"allowRotation":false,"runtime":"laya.physics.RigidBody"},"compId":333},{"type":"Script","props":{"runtime":"script/Game/UIMain_Aisle.ts"},"compId":334},{"type":"Label","props":{"text":"label","name":"yanse","alpha":0},"compId":335},{"type":"Script","props":{"width":48,"label":"interaction","isSensor":true,"height":82,"runtime":"laya.physics.BoxCollider"},"compId":336}]}]},{"type":"Sprite","props":{"y":508,"x":210,"width":60,"pivotY":24,"pivotX":30,"name":"moveDog_01","height":48},"compId":291,"child":[{"type":"Image","props":{"y":25,"x":31,"width":60,"skin":"UI/1.png","pivotY":24,"pivotX":30,"name":"pic","height":47},"compId":292},{"type":"Script","props":{"y":-11,"x":9,"width":42,"label":"dog","isSensor":true,"height":64,"runtime":"laya.physics.BoxCollider"},"compId":293},{"type":"Script","props":{"gravityScale":0,"allowSleep":false,"allowRotation":false,"runtime":"laya.physics.RigidBody"},"compId":294},{"type":"Script","props":{"runtime":"script/Game/UIMain_Dog.ts"},"compId":295}]},{"type":"Sprite","props":{"y":586,"x":632,"width":51,"var":"Gongzhu","rotation":0,"pivotY":32,"pivotX":26,"name":"Gongzhu","height":63},"compId":339,"child":[{"type":"Script","props":{"y":0,"x":6,"width":40,"label":"gongzhu","isSensor":true,"height":66,"runtime":"laya.physics.BoxCollider"},"compId":340},{"type":"Script","props":{"gravityScale":0,"allowSleep":false,"allowRotation":false,"runtime":"laya.physics.RigidBody"},"compId":341},{"type":"Image","props":{"y":23,"x":20,"width":52,"skin":"UI/3.png","pivotY":35,"pivotX":24,"name":"pic","height":70},"compId":342},{"type":"Script","props":{"runtime":"script/Game/UIMain_Gongzhu.ts"},"compId":343}]},{"type":"Sprite","props":{"y":502,"x":113,"width":57,"var":"Wangzi","pivotY":35,"pivotX":29,"name":"Wangzi","height":69},"compId":344,"child":[{"type":"Image","props":{"y":34,"x":29,"width":57,"skin":"UI/2.png","scaleX":-1,"pivotY":35,"pivotX":29,"name":"pic","height":70},"compId":345},{"type":"Script","props":{"width":57,"label":"wangzi","isSensor":true,"height":69,"runtime":"laya.physics.BoxCollider"},"compId":346},{"type":"Script","props":{"gravityScale":0,"allowSleep":true,"allowRotation":true,"runtime":"laya.physics.RigidBody"},"compId":347},{"type":"Script","props":{"runtime":"script/Game/UIMain_Wangzi.ts"},"compId":348}]}],"loadList":["UI_new/conmmon/bg_yeloow.png","Room/room_green.png","UI/75b774cd-5d5f-4c0d-8bd0-7ec4d388c85d.png","UI/2506dece-73cb-413b-93fd-6203f881c8d7.png","UI/e557da62-7068-4f1c-9cff-b0b7bdc059d3.png","Room/ui_interaction_01.png","Room/room_blue_wall.png","Room/room_blue_color.png","Room/room_blue.png","Room/room_bluish.png","Room/ui_doghouse_01.png","Room/ui_doghouse_02.png","UI/1.png","UI/3.png","UI/2.png"],"loadList3D":[]}