{"type":"View","props":{"width":720,"height":1280},"compId":2,"child":[{"type":"Script","props":{"y":0,"x":0,"runtime":"script/Game/UIMain.ts"},"compId":60},{"type":"Image","props":{"y":-9,"x":-15,"var":"background","skin":"UI/7e3df512-1a06-470b-8cce-8108aea318b2.png","name":"background"},"compId":3},{"type":"Image","props":{"y":573,"x":216,"width":344,"var":"Room2","skin":"UI/1b133db7-3f2e-4f0f-a244-74ada87cafbc.png","sizeGrid":"23,22,24,20","pivotY":196,"pivotX":172,"name":"Room2","height":391},"compId":4,"child":[{"type":"Script","props":{"y":0,"x":1,"width":342,"isSensor":false,"height":389,"friction":0.2,"density":-1,"runtime":"laya.physics.BoxCollider"},"compId":5},{"type":"Script","props":{"type":"dynamic","gravityScale":0,"allowSleep":false,"allowRotation":false,"runtime":"laya.physics.RigidBody"},"compId":6},{"type":"Sprite","props":{"y":159,"x":341,"width":48,"pivotY":41,"pivotX":12,"name":"right_Aisle_01","height":82},"compId":398,"child":[{"type":"Image","props":{"y":0,"x":48,"width":80,"skin":"UI/40bacf8d-b069-4dc3-9d5e-ef2388ac0475.png","rotation":90,"name":"interaction","height":34},"compId":399},{"type":"Image","props":{"y":41,"x":8,"width":81,"skin":"UI/4a042348-242b-44fa-b60e-f70b950633ee.png","rotation":90,"pivotY":8,"pivotX":41,"name":"wall","height":16},"compId":400},{"type":"Image","props":{"y":41.5,"x":7.5,"width":81,"skin":"UI/8109322c-346b-4345-bbce-1240b7b2e97c.png","rotation":90,"pivotY":8,"pivotX":41,"name":"color","height":15},"compId":401},{"type":"Script","props":{"y":34,"x":0,"width":25,"label":"aisle","isSensor":true,"height":15,"runtime":"laya.physics.BoxCollider"},"compId":402},{"type":"Script","props":{"gravityScale":0,"bullet":true,"allowSleep":false,"allowRotation":false,"runtime":"laya.physics.RigidBody"},"compId":403},{"type":"Script","props":{"runtime":"script/Game/UIMain_Aisle.ts"},"compId":404},{"type":"Label","props":{"text":"label","name":"yanse","alpha":0},"compId":405},{"type":"Script","props":{"width":48,"label":"interaction","isSensor":true,"height":82,"runtime":"laya.physics.BoxCollider"},"compId":406}]},{"type":"Sprite","props":{"y":336,"x":341,"width":48,"pivotY":41,"pivotX":12,"name":"right_Aisle_02","height":82},"compId":407,"child":[{"type":"Image","props":{"y":0,"x":48,"width":80,"skin":"UI/40bacf8d-b069-4dc3-9d5e-ef2388ac0475.png","rotation":90,"name":"interaction","height":34},"compId":408},{"type":"Image","props":{"y":41,"x":8,"width":81,"skin":"UI/4a042348-242b-44fa-b60e-f70b950633ee.png","rotation":90,"pivotY":8,"pivotX":41,"name":"wall","height":16},"compId":409},{"type":"Image","props":{"y":41.5,"x":7.5,"width":81,"skin":"UI/8109322c-346b-4345-bbce-1240b7b2e97c.png","rotation":90,"pivotY":8,"pivotX":41,"name":"color","height":15},"compId":410},{"type":"Script","props":{"y":34,"x":0,"width":25,"label":"aisle","isSensor":true,"height":15,"runtime":"laya.physics.BoxCollider"},"compId":411},{"type":"Script","props":{"gravityScale":0,"bullet":true,"allowSleep":false,"allowRotation":false,"runtime":"laya.physics.RigidBody"},"compId":412},{"type":"Script","props":{"runtime":"script/Game/UIMain_Aisle.ts"},"compId":413},{"type":"Label","props":{"text":"label","name":"yanse","alpha":0},"compId":414},{"type":"Script","props":{"width":48,"label":"interaction","isSensor":true,"height":82,"runtime":"laya.physics.BoxCollider"},"compId":415}]},{"type":"Sprite","props":{"y":0,"x":272,"width":82,"pivotY":33,"pivotX":41,"name":"up_Aisle_01","height":48},"compId":416,"child":[{"type":"Image","props":{"y":1,"x":1,"width":80,"skin":"UI/40bacf8d-b069-4dc3-9d5e-ef2388ac0475.png","rotation":0,"name":"interaction","height":34},"compId":417},{"type":"Image","props":{"y":40,"x":41.5,"width":81,"skin":"UI/4a042348-242b-44fa-b60e-f70b950633ee.png","rotation":0,"pivotY":8,"pivotX":41,"name":"wall","height":16},"compId":418},{"type":"Image","props":{"y":40,"x":41.5,"width":81,"skin":"UI/8109322c-346b-4345-bbce-1240b7b2e97c.png","rotation":0,"pivotY":8,"pivotX":41,"name":"color","height":15},"compId":419},{"type":"Script","props":{"y":22.5,"x":33,"width":15,"label":"aisle","isSensor":true,"height":25,"runtime":"laya.physics.BoxCollider"},"compId":420},{"type":"Script","props":{"gravityScale":0,"bullet":true,"allowSleep":false,"allowRotation":false,"runtime":"laya.physics.RigidBody"},"compId":421},{"type":"Script","props":{"runtime":"script/Game/UIMain_Aisle.ts"},"compId":422},{"type":"Label","props":{"text":"label","name":"yanse","alpha":0},"compId":423},{"type":"Script","props":{"y":0,"x":0,"width":82,"label":"interaction","isSensor":true,"height":48,"runtime":"laya.physics.BoxCollider"},"compId":424}]},{"type":"Sprite","props":{"y":111,"x":272,"width":71,"pivotY":96,"pivotX":36,"name":"ladder_01","height":192},"compId":236,"child":[{"type":"Sprite","props":{"y":37,"x":12,"texture":"UI/9779d6e7-37c8-4d70-94cb-1026aa85489a.png"},"compId":237},{"type":"Sprite","props":{"y":-1,"x":12,"texture":"UI/9779d6e7-37c8-4d70-94cb-1026aa85489a.png"},"compId":238},{"type":"Sprite","props":{"y":73,"x":12,"texture":"UI/9779d6e7-37c8-4d70-94cb-1026aa85489a.png"},"compId":239},{"type":"Sprite","props":{"y":111,"x":12,"texture":"UI/9779d6e7-37c8-4d70-94cb-1026aa85489a.png"},"compId":240},{"type":"Sprite","props":{"y":149,"x":12,"width":47,"texture":"UI/9779d6e7-37c8-4d70-94cb-1026aa85489a.png","height":38},"compId":241},{"type":"Script","props":{"y":-3,"x":29,"width":14,"label":"ladder","isSensor":true,"height":190,"runtime":"laya.physics.BoxCollider"},"compId":242},{"type":"Script","props":{"gravityScale":0,"bullet":true,"allowSleep":false,"allowRotation":false,"runtime":"laya.physics.RigidBody"},"compId":243}]},{"type":"Sprite","props":{"y":200,"x":1,"width":346,"name":"Floor_02_Room2","height":14},"compId":292,"child":[{"type":"Image","props":{"y":0,"x":13,"width":316,"skin":"UI/e14425d4-bce1-4a10-84a3-76fb55fa32e5.png","sizeGrid":"0,4,0,8","height":14,"alpha":1},"compId":293},{"type":"Script","props":{"y":0,"x":-12,"width":361,"label":"floor","isSensor":true,"height":14,"runtime":"laya.physics.BoxCollider"},"compId":294},{"type":"Script","props":{"gravityScale":0,"bullet":true,"allowSleep":false,"allowRotation":false,"runtime":"laya.physics.RigidBody"},"compId":295}]},{"type":"Sprite","props":{"y":376,"x":1,"width":346,"name":"Floor_01_Room2","height":14},"compId":349,"child":[{"type":"Image","props":{"y":0,"x":13,"width":316,"skin":"UI/e14425d4-bce1-4a10-84a3-76fb55fa32e5.png","sizeGrid":"0,4,0,8","height":14,"alpha":1},"compId":350},{"type":"Script","props":{"y":0,"x":-12,"width":361,"label":"floor","isSensor":true,"height":14,"runtime":"laya.physics.BoxCollider"},"compId":351},{"type":"Script","props":{"gravityScale":0,"bullet":true,"allowSleep":false,"allowRotation":false,"runtime":"laya.physics.RigidBody"},"compId":352}]},{"type":"Script","props":{"runtime":"script/Game/UIMain_Room.ts"},"compId":10},{"type":"Sprite","props":{"y":0,"x":1,"width":14,"name":"right_Wall","height":375},"compId":61,"child":[{"type":"Script","props":{"y":0,"x":0,"width":14,"label":"wall","isSensor":true,"height":377,"runtime":"laya.physics.BoxCollider"},"compId":62},{"type":"Script","props":{"gravityScale":0,"bullet":true,"allowSleep":false,"runtime":"laya.physics.RigidBody"},"compId":63}]},{"type":"Sprite","props":{"y":50,"x":102,"texture":"UI/1b8bda18-0d62-4b87-a356-8d690b4bc348.png"},"compId":64},{"type":"Sprite","props":{"y":353,"x":124,"width":60,"pivotY":24,"pivotX":30,"name":"staticDog_01","height":48},"compId":297,"child":[{"type":"Image","props":{"y":25,"x":28,"width":60,"skin":"UI/1.png","scaleX":-1,"pivotY":24,"pivotX":30,"name":"pic","height":47},"compId":298},{"type":"Script","props":{"y":0,"x":9,"width":42,"label":"dog","isSensor":true,"height":48,"runtime":"laya.physics.BoxCollider"},"compId":299},{"type":"Script","props":{"gravityScale":0,"allowSleep":false,"allowRotation":false,"runtime":"laya.physics.RigidBody"},"compId":300}]},{"type":"Sprite","props":{"y":343.5,"x":47,"width":57,"pivotY":35,"pivotX":29,"name":"Target","height":69},"compId":288,"child":[{"type":"Image","props":{"y":34,"x":29,"width":57,"skin":"UI/2.png","scaleY":1,"scaleX":-1,"pivotY":35,"pivotX":29,"height":70,"alpha":1},"compId":289},{"type":"Script","props":{"width":57,"label":"target","isSensor":true,"height":69,"runtime":"laya.physics.BoxCollider"},"compId":290},{"type":"Script","props":{"gravityScale":0,"allowSleep":true,"allowRotation":true,"runtime":"laya.physics.RigidBody"},"compId":291}]},{"type":"Sprite","props":{"y":167,"x":44,"width":27,"pivotY":29,"pivotX":14,"name":"Stick","height":58},"compId":305,"child":[{"type":"Image","props":{"y":29,"x":15,"width":19,"skin":"UI/af5fe039-4106-4820-b634-7a4c5a3c7979.png","pivotY":31,"pivotX":10,"height":62},"compId":306},{"type":"Script","props":{"width":27,"label":"stick","isSensor":true,"height":58,"runtime":"laya.physics.BoxCollider"},"compId":437},{"type":"Script","props":{"gravityScale":0,"bullet":true,"allowSleep":false,"allowRotation":false,"runtime":"laya.physics.RigidBody"},"compId":438}]}]},{"type":"Image","props":{"y":196,"x":442,"width":267,"skin":"UI/6da91674-9b62-496c-a11b-53e2d0faef3d.png","sizeGrid":"23,22,24,20","pivotY":108,"pivotX":134,"name":"Room3","height":216},"compId":157,"child":[{"type":"Script","props":{"y":0,"x":1,"width":264,"isSensor":false,"height":216,"friction":0.2,"density":-1,"runtime":"laya.physics.BoxCollider"},"compId":158},{"type":"Script","props":{"type":"dynamic","group":1,"gravityScale":0,"bullet":true,"allowSleep":false,"allowRotation":false,"runtime":"laya.physics.RigidBody"},"compId":159},{"type":"Script","props":{"y":2,"x":0,"runtime":"script/Game/UIMain_Room.ts"},"compId":166},{"type":"Sprite","props":{"y":160,"x":264,"width":48,"pivotY":41,"pivotX":12,"name":"right_Aisle_01","height":82},"compId":389,"child":[{"type":"Image","props":{"y":0,"x":48,"width":80,"skin":"UI/40bacf8d-b069-4dc3-9d5e-ef2388ac0475.png","rotation":90,"name":"interaction","height":34},"compId":390},{"type":"Image","props":{"y":41,"x":7,"width":81,"skin":"UI/0ed8c0a3-a43f-4be8-becb-46e5934eac94.png","rotation":90,"pivotY":8,"pivotX":41,"name":"wall","height":16},"compId":391},{"type":"Image","props":{"y":41.5,"x":6.5,"width":81,"skin":"UI/40760323-17b0-4ac5-baba-c881ca8e9631.png","rotation":90,"pivotY":8,"pivotX":41,"name":"color","height":15},"compId":392},{"type":"Script","props":{"y":34,"x":0,"width":25,"label":"aisle","isSensor":true,"height":15,"runtime":"laya.physics.BoxCollider"},"compId":393},{"type":"Script","props":{"gravityScale":0,"bullet":true,"allowSleep":false,"allowRotation":false,"runtime":"laya.physics.RigidBody"},"compId":394},{"type":"Script","props":{"runtime":"script/Game/UIMain_Aisle.ts"},"compId":395},{"type":"Label","props":{"text":"label","name":"yanse","alpha":0},"compId":396},{"type":"Script","props":{"width":48,"label":"interaction","isSensor":true,"height":82,"runtime":"laya.physics.BoxCollider"},"compId":397}]},{"type":"Sprite","props":{"y":216,"x":79,"width":80,"pivotY":15,"pivotX":40,"name":"down_Aisle_01","height":48},"compId":380,"child":[{"type":"Image","props":{"y":48,"x":81,"width":80,"skin":"UI/40bacf8d-b069-4dc3-9d5e-ef2388ac0475.png","rotation":180,"name":"interaction","height":34},"compId":381},{"type":"Image","props":{"y":8,"x":41.5,"width":81,"skin":"UI/0ed8c0a3-a43f-4be8-becb-46e5934eac94.png","rotation":0,"pivotY":8,"pivotX":41,"name":"wall","height":16},"compId":382},{"type":"Image","props":{"y":8,"x":41.5,"width":81,"skin":"UI/40760323-17b0-4ac5-baba-c881ca8e9631.png","rotation":0,"pivotY":8,"pivotX":41,"name":"color","height":15},"compId":383},{"type":"Script","props":{"y":0.5,"x":33,"width":15,"label":"aisle","isSensor":true,"height":25,"runtime":"laya.physics.BoxCollider"},"compId":384},{"type":"Script","props":{"gravityScale":0,"bullet":true,"allowSleep":false,"allowRotation":false,"runtime":"laya.physics.RigidBody"},"compId":385},{"type":"Script","props":{"runtime":"script/Game/UIMain_Aisle.ts"},"compId":386},{"type":"Label","props":{"text":"label","name":"yanse","alpha":0},"compId":387},{"type":"Script","props":{"y":0,"x":0,"width":82,"label":"interaction","isSensor":true,"height":48,"runtime":"laya.physics.BoxCollider"},"compId":388}]},{"type":"Sprite","props":{"y":161,"x":0,"width":48,"pivotY":41,"pivotX":33,"name":"left_Aisle_01","height":82},"compId":371,"child":[{"type":"Image","props":{"y":82,"x":0.5,"width":80,"skin":"UI/40bacf8d-b069-4dc3-9d5e-ef2388ac0475.png","rotation":270,"name":"interaction","height":34},"compId":372},{"type":"Image","props":{"y":41.5,"x":40,"width":81,"skin":"UI/0ed8c0a3-a43f-4be8-becb-46e5934eac94.png","rotation":90,"pivotY":8,"pivotX":41,"name":"wall","height":16},"compId":373},{"type":"Image","props":{"y":41.5,"x":39.5,"width":81,"skin":"UI/40760323-17b0-4ac5-baba-c881ca8e9631.png","rotation":90,"pivotY":8,"pivotX":41,"name":"color","height":15},"compId":374},{"type":"Script","props":{"y":32,"x":23,"width":25,"label":"aisle","isSensor":true,"height":15,"runtime":"laya.physics.BoxCollider"},"compId":375},{"type":"Script","props":{"gravityScale":0,"bullet":true,"allowSleep":false,"allowRotation":false,"runtime":"laya.physics.RigidBody"},"compId":376},{"type":"Script","props":{"runtime":"script/Game/UIMain_Aisle.ts"},"compId":377},{"type":"Label","props":{"text":"label","name":"yanse","alpha":0},"compId":378},{"type":"Script","props":{"width":48,"label":"interaction","isSensor":true,"height":82,"runtime":"laya.physics.BoxCollider"},"compId":379}]},{"type":"Sprite","props":{"y":200,"x":11,"width":264,"name":"Floor_01_Room3","height":17},"compId":179,"child":[{"type":"Image","props":{"y":0,"x":0,"width":186,"skin":"UI/ec8071c1-4577-4d6c-9231-2357a90145b1.png","sizeGrid":"0,4,0,8","height":14,"alpha":0},"compId":180},{"type":"Script","props":{"y":1,"x":-17,"width":279,"label":"floor","isSensor":true,"height":14,"runtime":"laya.physics.BoxCollider"},"compId":181},{"type":"Script","props":{"gravityScale":0,"bullet":true,"allowSleep":false,"allowRotation":false,"runtime":"laya.physics.RigidBody"},"compId":182}]},{"type":"Sprite","props":{"y":41,"x":49,"texture":"UI/2506dece-73cb-413b-93fd-6203f881c8d7.png"},"compId":326}]},{"type":"Image","props":{"y":748,"x":586,"width":268,"var":"Room1","skin":"UI/5fe2b2c2-4591-4397-a5d4-292ebc3420a7.png","sizeGrid":"23,22,24,20","pivotY":108,"pivotX":134,"name":"Room1","height":216},"compId":93,"child":[{"type":"Script","props":{"y":0,"x":1,"width":267,"isSensor":false,"height":216,"friction":0.2,"density":-1,"runtime":"laya.physics.BoxCollider"},"compId":94},{"type":"Script","props":{"type":"dynamic","group":1,"gravityScale":0,"bullet":true,"allowSleep":false,"runtime":"laya.physics.RigidBody"},"compId":95},{"type":"Script","props":{"y":1,"x":0,"runtime":"script/Game/UIMain_Room.ts"},"compId":102},{"type":"Sprite","props":{"y":-7,"x":253,"width":15,"name":"right_Wall","height":223},"compId":103,"child":[{"type":"Script","props":{"y":23,"x":-1,"width":16,"label":"wall","isSensor":true,"height":200,"runtime":"laya.physics.BoxCollider"},"compId":104},{"type":"Script","props":{"gravityScale":0,"bullet":true,"allowSleep":false,"runtime":"laya.physics.RigidBody"},"compId":105}]},{"type":"Sprite","props":{"y":160,"x":0,"width":48,"pivotY":41,"pivotX":33,"name":"left_Aisle_01","height":82},"compId":362,"child":[{"type":"Image","props":{"y":82,"x":0.5,"width":80,"skin":"UI/40bacf8d-b069-4dc3-9d5e-ef2388ac0475.png","rotation":270,"name":"interaction","height":34},"compId":363},{"type":"Image","props":{"y":41.5,"x":40,"width":81,"skin":"UI/f8b88768-4f38-4079-884c-f92eb4159e45.png","rotation":90,"pivotY":8,"pivotX":41,"name":"wall","height":16},"compId":364},{"type":"Image","props":{"y":41.5,"x":39.5,"width":81,"skin":"UI/86d5b3f3-bcc0-4720-b933-c9779b2e685a.png","rotation":90,"pivotY":8,"pivotX":41,"name":"color","height":15},"compId":365},{"type":"Script","props":{"y":32,"x":23,"width":25,"label":"aisle","isSensor":true,"height":15,"runtime":"laya.physics.BoxCollider"},"compId":366},{"type":"Script","props":{"gravityScale":0,"bullet":true,"allowSleep":false,"allowRotation":false,"runtime":"laya.physics.RigidBody"},"compId":367},{"type":"Script","props":{"runtime":"script/Game/UIMain_Aisle.ts"},"compId":368},{"type":"Label","props":{"text":"label","name":"yanse","alpha":0},"compId":369},{"type":"Script","props":{"width":48,"label":"interaction","isSensor":true,"height":82,"runtime":"laya.physics.BoxCollider"},"compId":370}]},{"type":"Sprite","props":{"y":46,"x":95,"texture":"UI/2506dece-73cb-413b-93fd-6203f881c8d7.png"},"compId":325},{"type":"Sprite","props":{"y":201,"x":-3,"width":270,"name":"Floor_01_Room1","height":16},"compId":345,"child":[{"type":"Script","props":{"y":0,"x":2,"width":264,"label":"floor","isSensor":true,"height":16,"runtime":"laya.physics.BoxCollider"},"compId":346},{"type":"Script","props":{"gravityScale":0,"bullet":true,"allowSleep":false,"allowRotation":true,"runtime":"laya.physics.RigidBody"},"compId":347}]}]},{"type":"Sprite","props":{"y":818,"x":555,"width":30,"var":"Person","pivotY":22,"pivotX":15,"name":"Person","height":50},"compId":244,"child":[{"type":"Script","props":{"runtime":"script/Game/UIMain_Person.ts"},"compId":245},{"type":"Script","props":{"y":-16,"x":7,"width":16,"isSensor":true,"height":64,"runtime":"laya.physics.BoxCollider"},"compId":246},{"type":"Script","props":{"gravityScale":0,"allowSleep":false,"allowRotation":false,"runtime":"laya.physics.RigidBody"},"compId":247},{"type":"Image","props":{"y":15,"x":8,"width":47,"skin":"UI/3.png","pivotY":35,"pivotX":24,"name":"pic","height":66},"compId":248},{"type":"Image","props":{"y":11,"x":37,"width":19,"skin":"UI/af5fe039-4106-4820-b634-7a4c5a3c7979.png","rotation":53,"pivotY":31,"pivotX":10,"name":"stick","height":62},"compId":427}]}],"loadList":["UI/7e3df512-1a06-470b-8cce-8108aea318b2.png","UI/1b133db7-3f2e-4f0f-a244-74ada87cafbc.png","UI/40bacf8d-b069-4dc3-9d5e-ef2388ac0475.png","UI/4a042348-242b-44fa-b60e-f70b950633ee.png","UI/8109322c-346b-4345-bbce-1240b7b2e97c.png","UI/9779d6e7-37c8-4d70-94cb-1026aa85489a.png","UI/e14425d4-bce1-4a10-84a3-76fb55fa32e5.png","UI/1b8bda18-0d62-4b87-a356-8d690b4bc348.png","UI/1.png","UI/2.png","UI/af5fe039-4106-4820-b634-7a4c5a3c7979.png","UI/6da91674-9b62-496c-a11b-53e2d0faef3d.png","UI/0ed8c0a3-a43f-4be8-becb-46e5934eac94.png","UI/40760323-17b0-4ac5-baba-c881ca8e9631.png","UI/ec8071c1-4577-4d6c-9231-2357a90145b1.png","UI/2506dece-73cb-413b-93fd-6203f881c8d7.png","UI/5fe2b2c2-4591-4397-a5d4-292ebc3420a7.png","UI/f8b88768-4f38-4079-884c-f92eb4159e45.png","UI/86d5b3f3-bcc0-4720-b933-c9779b2e685a.png","UI/3.png"],"loadList3D":[]}