{"type":"View","props":{"width":720,"height":1280},"compId":2,"child":[{"type":"Script","props":{"y":0,"x":0,"runtime":"script/Game/UIMain.ts"},"compId":60},{"type":"Image","props":{"y":0,"x":0,"var":"background","skin":"UI_new/conmmon/bg_yeloow.png","name":"background"},"compId":3},{"type":"Image","props":{"y":706,"x":185,"width":233,"skin":"Room/room_bluish.png","sizeGrid":"23,22,24,20","pivotY":108,"pivotX":116,"name":"Room2","height":216},"compId":592,"child":[{"type":"Script","props":{"y":0,"x":1,"width":233,"isSensor":false,"height":216,"friction":0.2,"density":-1,"runtime":"laya.physics.BoxCollider"},"compId":593},{"type":"Script","props":{"type":"dynamic","group":1,"gravityScale":0,"bullet":true,"allowSleep":false,"allowRotation":false,"runtime":"laya.physics.RigidBody"},"compId":594},{"type":"Script","props":{"y":2,"x":0,"runtime":"script/Game/UIMain_Room.ts"},"compId":595},{"type":"Sprite","props":{"y":159,"x":1,"width":48,"pivotY":41,"pivotX":33,"name":"left_Aisle_01","height":82},"compId":722,"child":[{"type":"Image","props":{"y":80,"x":0.5,"width":78,"skin":"Room/ui_interaction_01.png","rotation":270,"name":"interaction","height":32},"compId":723},{"type":"Image","props":{"y":41.5,"x":40,"skin":"Room/room_blue_wall.png","rotation":90,"pivotY":8,"pivotX":41,"name":"wall","height":16.5},"compId":724},{"type":"Image","props":{"y":41.5,"x":40.5,"width":81,"skin":"Room/room_blue_color.png","rotation":-90,"pivotY":8,"pivotX":41,"name":"color","height":15},"compId":725},{"type":"Script","props":{"y":34,"x":23,"width":25,"label":"aisle","isSensor":true,"height":15,"runtime":"laya.physics.BoxCollider"},"compId":726},{"type":"Script","props":{"y":1,"x":0,"gravityScale":0,"bullet":true,"allowSleep":false,"allowRotation":false,"runtime":"laya.physics.RigidBody"},"compId":727},{"type":"Script","props":{"runtime":"script/Game/UIMain_Aisle.ts"},"compId":728},{"type":"Label","props":{"text":"label","name":"yanse","alpha":0},"compId":729},{"type":"Script","props":{"width":48,"label":"interaction","isSensor":true,"height":82,"runtime":"laya.physics.BoxCollider"},"compId":730}]},{"type":"Sprite","props":{"y":200,"x":11,"width":220,"name":"Floor_01_Room2","height":17},"compId":596,"child":[{"type":"Image","props":{"y":0,"x":0,"width":186,"skin":"UI/ec8071c1-4577-4d6c-9231-2357a90145b1.png","sizeGrid":"0,4,0,8","height":14,"alpha":0},"compId":597},{"type":"Script","props":{"y":1,"x":-8,"width":226,"label":"floor","isSensor":true,"height":14,"runtime":"laya.physics.BoxCollider"},"compId":598},{"type":"Script","props":{"gravityScale":0,"bullet":true,"allowSleep":false,"allowRotation":false,"runtime":"laya.physics.RigidBody"},"compId":599}]},{"type":"Sprite","props":{"y":41,"x":49,"texture":"Room/ui_window.png"},"compId":600},{"type":"Sprite","props":{"y":7.5,"x":219,"width":14,"name":"right_Wall_01","height":198},"compId":606,"child":[{"type":"Script","props":{"y":68,"x":0,"width":14,"label":"wall","isSensor":true,"height":130,"runtime":"laya.physics.BoxCollider"},"compId":607},{"type":"Script","props":{"gravityScale":0,"bullet":true,"allowSleep":false,"runtime":"laya.physics.RigidBody"},"compId":608}]},{"type":"Sprite","props":{"y":171,"x":184,"width":27,"pivotY":29,"pivotX":14,"name":"Stick","height":58},"compId":621,"child":[{"type":"Image","props":{"y":29,"x":15,"width":19,"skin":"UI/af5fe039-4106-4820-b634-7a4c5a3c7979.png","pivotY":31,"pivotX":10,"height":62},"compId":622},{"type":"Script","props":{"width":27,"label":"stick","isSensor":true,"height":58,"runtime":"laya.physics.BoxCollider"},"compId":623},{"type":"Script","props":{"gravityScale":0,"bullet":true,"allowSleep":false,"allowRotation":false,"runtime":"laya.physics.RigidBody"},"compId":624}]}]},{"type":"Image","props":{"y":446,"x":416,"width":360,"skin":"Room/room_red.png","sizeGrid":"23,22,24,20","pivotY":108,"pivotX":180,"name":"Room3","height":216},"compId":157,"child":[{"type":"Script","props":{"y":0,"x":1,"width":360,"isSensor":false,"height":216,"friction":0.2,"density":-1,"runtime":"laya.physics.BoxCollider"},"compId":158},{"type":"Script","props":{"type":"dynamic","group":1,"gravityScale":0,"bullet":true,"allowSleep":false,"allowRotation":false,"runtime":"laya.physics.RigidBody"},"compId":159},{"type":"Script","props":{"y":2,"x":0,"runtime":"script/Game/UIMain_Room.ts"},"compId":166},{"type":"Sprite","props":{"y":200,"x":11,"width":346,"name":"Floor_01_Room3","height":17},"compId":179,"child":[{"type":"Image","props":{"y":0,"x":0,"width":186,"skin":"UI/ec8071c1-4577-4d6c-9231-2357a90145b1.png","sizeGrid":"0,4,0,8","height":14,"alpha":0},"compId":180},{"type":"Script","props":{"y":1,"x":-9,"width":358,"label":"floor","isSensor":true,"height":14,"runtime":"laya.physics.BoxCollider"},"compId":181},{"type":"Script","props":{"gravityScale":0,"bullet":true,"allowSleep":false,"allowRotation":false,"runtime":"laya.physics.RigidBody"},"compId":182}]},{"type":"Sprite","props":{"y":41,"x":49,"texture":"Room/ui_window.png"},"compId":326},{"type":"Sprite","props":{"y":9,"x":346,"width":14,"name":"right_Wall_01","height":198},"compId":580,"child":[{"type":"Script","props":{"y":94,"x":0,"width":14,"label":"wall","isSensor":true,"height":104,"runtime":"laya.physics.BoxCollider"},"compId":581},{"type":"Script","props":{"gravityScale":0,"bullet":true,"allowSleep":false,"runtime":"laya.physics.RigidBody"},"compId":582}]},{"type":"Sprite","props":{"y":9,"x":1,"width":14,"name":"right_Wall","height":198},"compId":577,"child":[{"type":"Script","props":{"y":87,"x":0,"width":14,"label":"wall","isSensor":true,"height":111,"runtime":"laya.physics.BoxCollider"},"compId":578},{"type":"Script","props":{"gravityScale":0,"bullet":true,"allowSleep":false,"runtime":"laya.physics.RigidBody"},"compId":579}]},{"type":"Sprite","props":{"y":217,"x":305,"width":82,"pivotY":15,"pivotX":40,"name":"down_Aisle_01","height":48},"compId":583,"child":[{"type":"Image","props":{"y":47,"x":80,"skin":"Room/ui_interaction_01.png","rotation":180,"name":"interaction"},"compId":584},{"type":"Image","props":{"y":6,"x":41.5,"skin":"Room/room_blue_wall.png","rotation":0,"pivotY":8,"pivotX":41,"name":"wall","height":16.5},"compId":585},{"type":"Image","props":{"y":6,"x":41.5,"width":81,"skin":"Room/room_blue_color.png","rotation":180,"pivotY":8,"pivotX":41,"name":"color","height":15},"compId":586},{"type":"Script","props":{"y":-17,"x":33,"width":47,"label":"aisle","isSensor":true,"height":51,"runtime":"laya.physics.BoxCollider"},"compId":587},{"type":"Script","props":{"gravityScale":0,"bullet":true,"allowSleep":false,"allowRotation":false,"runtime":"laya.physics.RigidBody"},"compId":588},{"type":"Script","props":{"runtime":"script/Game/UIMain_Aisle.ts"},"compId":589},{"type":"Label","props":{"text":"label","name":"yanse","alpha":0},"compId":590},{"type":"Script","props":{"y":0,"x":0,"width":82,"label":"interaction","isSensor":true,"height":48,"runtime":"laya.physics.BoxCollider"},"compId":591}]},{"type":"Sprite","props":{"y":179,"x":142,"width":60,"pivotY":24,"pivotX":30,"name":"staticDog_01","height":48},"compId":746,"child":[{"type":"Image","props":{"y":25,"x":28,"width":60,"skin":"UI/1.png","scaleX":-1,"pivotY":24,"pivotX":30,"name":"pic","height":47},"compId":747},{"type":"Script","props":{"y":0,"x":9,"width":42,"label":"dog","isSensor":true,"height":48,"runtime":"laya.physics.BoxCollider"},"compId":748},{"type":"Script","props":{"gravityScale":0,"allowSleep":false,"allowRotation":false,"runtime":"laya.physics.RigidBody"},"compId":749},{"type":"Script","props":{"runtime":"script/Game/UIMain_StaticDog.ts"},"compId":750}]}]},{"type":"Image","props":{"y":748,"x":534,"width":289,"var":"Room1","skin":"Room/room_green.png","sizeGrid":"23,22,24,20","pivotY":108,"pivotX":145,"name":"Room1","height":216},"compId":93,"child":[{"type":"Script","props":{"y":0,"x":1,"width":287,"isSensor":false,"height":216,"friction":0.2,"density":-1,"runtime":"laya.physics.BoxCollider"},"compId":94},{"type":"Script","props":{"type":"dynamic","group":1,"gravityScale":0,"bullet":true,"allowSleep":false,"runtime":"laya.physics.RigidBody"},"compId":95},{"type":"Script","props":{"y":1,"x":0,"runtime":"script/Game/UIMain_Room.ts"},"compId":102},{"type":"Sprite","props":{"y":46,"x":95,"texture":"Room/ui_window.png"},"compId":325},{"type":"Sprite","props":{"y":201,"x":-3,"width":290,"name":"Floor_01_Room1","height":16},"compId":345,"child":[{"type":"Script","props":{"y":0,"x":2,"width":282,"label":"floor","isSensor":true,"height":16,"runtime":"laya.physics.BoxCollider"},"compId":346},{"type":"Script","props":{"gravityScale":0,"bullet":true,"allowSleep":false,"allowRotation":true,"runtime":"laya.physics.RigidBody"},"compId":347}]},{"type":"Sprite","props":{"y":9,"x":1,"width":14,"name":"right_Wall","height":198},"compId":559,"child":[{"type":"Script","props":{"y":107,"x":0,"width":14,"label":"wall","isSensor":true,"height":91,"runtime":"laya.physics.BoxCollider"},"compId":560},{"type":"Script","props":{"gravityScale":0,"bullet":true,"allowSleep":false,"runtime":"laya.physics.RigidBody"},"compId":561}]},{"type":"Sprite","props":{"y":216,"x":118,"width":82,"pivotY":14,"pivotX":41,"name":"down_Aisle_01","height":48},"compId":568,"child":[{"type":"Image","props":{"y":47,"x":80,"skin":"Room/ui_interaction_01.png","rotation":180,"name":"interaction"},"compId":569},{"type":"Image","props":{"y":6.5,"x":41.5,"skin":"Room/room_blue_wall.png","rotation":0,"pivotY":8,"pivotX":41,"name":"wall","height":17},"compId":570},{"type":"Image","props":{"y":7,"x":41.5,"width":81,"skin":"Room/room_blue_color.png","rotation":180,"pivotY":8,"pivotX":41,"name":"color","height":15},"compId":571},{"type":"Script","props":{"y":-17,"x":36,"width":14,"label":"aisle","isSensor":true,"height":51,"runtime":"laya.physics.BoxCollider"},"compId":572},{"type":"Script","props":{"gravityScale":0,"bullet":true,"allowSleep":false,"allowRotation":false,"runtime":"laya.physics.RigidBody"},"compId":573},{"type":"Script","props":{"runtime":"script/Game/UIMain_Aisle.ts"},"compId":574},{"type":"Label","props":{"text":"label","name":"yanse","alpha":0},"compId":575},{"type":"Script","props":{"y":0,"x":0,"width":82,"label":"interaction","isSensor":true,"height":48,"runtime":"laya.physics.BoxCollider"},"compId":576}]},{"type":"Sprite","props":{"y":159,"x":287,"width":48,"pivotY":41,"pivotX":14,"name":"right_Aisle_01","height":82},"compId":708,"child":[{"type":"Image","props":{"y":2,"x":47,"width":78,"skin":"Room/ui_interaction_01.png","rotation":90,"name":"interaction","height":32},"compId":709},{"type":"Image","props":{"y":42,"x":8.2,"width":81,"skin":"Room/room_blue_wall.png","rotation":90,"pivotY":8,"pivotX":41,"name":"wall","height":17},"compId":710},{"type":"Image","props":{"y":41.5,"x":7.5,"skin":"Room/room_blue_color.png","rotation":90,"pivotY":8,"pivotX":41,"name":"color"},"compId":711},{"type":"Script","props":{"y":34,"x":0,"width":25,"label":"aisle","isSensor":true,"height":15,"runtime":"laya.physics.BoxCollider"},"compId":712},{"type":"Script","props":{"gravityScale":0,"bullet":true,"allowSleep":false,"allowRotation":false,"runtime":"laya.physics.RigidBody"},"compId":713},{"type":"Script","props":{"runtime":"script/Game/UIMain_Aisle.ts"},"compId":714},{"type":"Label","props":{"text":"label","name":"yanse","alpha":0},"compId":715},{"type":"Script","props":{"width":48,"label":"interaction","isSensor":true,"height":82,"runtime":"laya.physics.BoxCollider"},"compId":716}]}]},{"type":"Image","props":{"y":991,"x":243,"width":333,"skin":"Room/room_yellowish.png","sizeGrid":"23,22,24,20","pivotY":108,"pivotX":167,"name":"Room4","height":216},"compId":645,"child":[{"type":"Script","props":{"y":0,"x":1,"width":331,"isSensor":false,"height":216,"friction":0.2,"density":-1,"runtime":"laya.physics.BoxCollider"},"compId":646},{"type":"Script","props":{"type":"dynamic","group":1,"gravityScale":0,"bullet":true,"allowSleep":false,"allowRotation":false,"runtime":"laya.physics.RigidBody"},"compId":647},{"type":"Script","props":{"y":2,"x":0,"runtime":"script/Game/UIMain_Room.ts"},"compId":648},{"type":"Sprite","props":{"y":200,"x":11,"width":308,"name":"Floor_01_Room4","height":17},"compId":653,"child":[{"type":"Image","props":{"y":0,"x":0,"width":186,"skin":"UI/ec8071c1-4577-4d6c-9231-2357a90145b1.png","sizeGrid":"0,4,0,8","height":14,"alpha":0},"compId":654},{"type":"Script","props":{"y":1,"x":-5,"width":325,"label":"floor","isSensor":true,"height":14,"runtime":"laya.physics.BoxCollider"},"compId":655},{"type":"Script","props":{"gravityScale":0,"bullet":true,"allowSleep":false,"allowRotation":false,"runtime":"laya.physics.RigidBody"},"compId":656}]},{"type":"Sprite","props":{"y":41,"x":49,"texture":"Room/ui_window.png"},"compId":657},{"type":"Sprite","props":{"y":9,"x":319,"width":14,"name":"right_Wall_01","height":198},"compId":658,"child":[{"type":"Script","props":{"y":105,"x":0,"width":14,"label":"wall","isSensor":true,"height":93,"runtime":"laya.physics.BoxCollider"},"compId":659},{"type":"Script","props":{"gravityScale":0,"bullet":true,"allowSleep":false,"runtime":"laya.physics.RigidBody"},"compId":660}]},{"type":"Sprite","props":{"y":9,"x":1,"width":14,"name":"right_Wall","height":198},"compId":661,"child":[{"type":"Script","props":{"y":109,"x":0,"width":14,"label":"wall","isSensor":true,"height":89,"runtime":"laya.physics.BoxCollider"},"compId":662},{"type":"Script","props":{"gravityScale":0,"bullet":true,"allowSleep":false,"runtime":"laya.physics.RigidBody"},"compId":663}]},{"type":"Sprite","props":{"y":216,"x":52,"width":82,"pivotY":15,"pivotX":40,"name":"down_Aisle_01","height":48},"compId":664,"child":[{"type":"Image","props":{"y":47,"x":80,"skin":"Room/ui_interaction_01.png","rotation":180,"name":"interaction"},"compId":665},{"type":"Image","props":{"y":7.6,"x":41.5,"skin":"Room/room_blue_wall.png","rotation":0,"pivotY":8,"pivotX":41,"name":"wall","height":16},"compId":666},{"type":"Image","props":{"y":7,"x":41.5,"width":81,"skin":"Room/room_blue_color.png","rotation":180,"pivotY":8,"pivotX":41,"name":"color","height":15},"compId":667},{"type":"Script","props":{"y":-17,"x":2,"width":46,"label":"aisle","isSensor":true,"height":51,"runtime":"laya.physics.BoxCollider"},"compId":668},{"type":"Script","props":{"gravityScale":0,"bullet":true,"allowSleep":false,"allowRotation":false,"runtime":"laya.physics.RigidBody"},"compId":669},{"type":"Script","props":{"runtime":"script/Game/UIMain_Aisle.ts"},"compId":670},{"type":"Label","props":{"text":"label","name":"yanse","alpha":0},"compId":671},{"type":"Script","props":{"y":0,"x":0,"width":82,"label":"interaction","isSensor":true,"height":48,"runtime":"laya.physics.BoxCollider"},"compId":672}]},{"type":"Sprite","props":{"y":110,"x":227,"width":71,"pivotY":96,"pivotX":36,"name":"ladder_01","height":188},"compId":677,"child":[{"type":"Sprite","props":{"y":37,"x":12,"texture":"Room/ui_ladder.png"},"compId":678},{"type":"Sprite","props":{"y":-1,"x":12,"texture":"Room/ui_ladder.png"},"compId":679},{"type":"Sprite","props":{"y":111,"x":12,"texture":"Room/ui_ladder.png"},"compId":692},{"type":"Sprite","props":{"y":149,"x":12,"texture":"Room/ui_ladder.png"},"compId":693},{"type":"Sprite","props":{"y":73,"x":12,"texture":"Room/ui_ladder.png"},"compId":680},{"type":"Script","props":{"y":-8,"x":25,"width":22,"label":"ladder","isSensor":true,"height":193,"runtime":"laya.physics.BoxCollider"},"compId":681},{"type":"Script","props":{"gravityScale":0,"bullet":true,"allowSleep":false,"allowRotation":false,"runtime":"laya.physics.RigidBody"},"compId":682}]},{"type":"Sprite","props":{"y":-1,"x":227,"width":82,"pivotY":33,"pivotX":41,"name":"up_Aisle_01","height":48},"compId":683,"child":[{"type":"Image","props":{"y":1,"x":2,"skin":"Room/ui_interaction_01.png","rotation":0,"name":"interaction"},"compId":684},{"type":"Image","props":{"y":41.5,"x":41.5,"skin":"Room/room_blue_wall.png","rotation":0,"pivotY":8,"pivotX":41,"name":"wall","height":16.5},"compId":685},{"type":"Image","props":{"y":42,"x":41.5,"skin":"Room/room_blue_color.png","rotation":0,"pivotY":8,"pivotX":41,"name":"color"},"compId":686},{"type":"Script","props":{"y":18,"x":33,"width":15,"label":"aisle","isSensor":true,"height":29,"runtime":"laya.physics.BoxCollider"},"compId":687},{"type":"Script","props":{"gravityScale":0,"bullet":true,"allowSleep":false,"allowRotation":false,"runtime":"laya.physics.RigidBody"},"compId":688},{"type":"Script","props":{"runtime":"script/Game/UIMain_Aisle.ts"},"compId":689},{"type":"Label","props":{"text":"label","name":"yanse","alpha":0},"compId":690},{"type":"Script","props":{"y":0,"x":0,"width":82,"label":"interaction","isSensor":true,"height":48,"runtime":"laya.physics.BoxCollider"},"compId":691}]},{"type":"Sprite","props":{"y":180,"x":144,"width":60,"pivotY":24,"pivotX":30,"name":"staticDog_01","height":48},"compId":751,"child":[{"type":"Image","props":{"y":25,"x":28,"width":60,"skin":"UI/1.png","scaleX":-1,"pivotY":24,"pivotX":30,"name":"pic","height":47},"compId":752},{"type":"Script","props":{"y":0,"x":9,"width":42,"label":"dog","isSensor":true,"height":48,"runtime":"laya.physics.BoxCollider"},"compId":753},{"type":"Script","props":{"gravityScale":0,"allowSleep":false,"allowRotation":false,"runtime":"laya.physics.RigidBody"},"compId":754},{"type":"Script","props":{"runtime":"script/Game/UIMain_StaticDog.ts"},"compId":755}]},{"type":"Sprite","props":{"y":182,"x":290,"width":38,"rotation":0,"pivotY":25,"pivotX":19,"name":"drumstick","height":49},"compId":766,"child":[{"type":"Script","props":{"y":2,"x":2,"width":35,"label":"drumstick","isSensor":true,"height":46,"runtime":"laya.physics.BoxCollider"},"compId":767},{"type":"Script","props":{"gravityScale":0,"allowSleep":false,"allowRotation":false,"runtime":"laya.physics.RigidBody"},"compId":768},{"type":"Image","props":{"y":11,"x":10,"skin":"Room/icon_drumstick.png","scaleY":0.6,"scaleX":0.6,"name":"pic"},"compId":769}]}]},{"type":"Sprite","props":{"y":814,"x":570.5,"width":51,"var":"Gongzhu","rotation":0,"pivotY":32,"pivotX":26,"name":"Gongzhu","height":63},"compId":731,"child":[{"type":"Script","props":{"y":0,"x":6,"width":40,"label":"gongzhu","isSensor":true,"height":66,"runtime":"laya.physics.BoxCollider"},"compId":732},{"type":"Script","props":{"gravityScale":0,"allowSleep":false,"allowRotation":false,"runtime":"laya.physics.RigidBody"},"compId":733},{"type":"Image","props":{"y":23,"x":20,"width":52,"skin":"UI_new/GameStart/person_gongzhu.png","pivotY":35,"pivotX":24,"name":"pic","height":70},"compId":734},{"type":"Script","props":{"runtime":"script/Game/UIMain_Gongzhu.ts"},"compId":735}]},{"type":"Sprite","props":{"y":769,"x":144,"width":51,"rotation":0,"pivotY":32,"pivotX":26,"name":"houma","height":63},"compId":740,"child":[{"type":"Script","props":{"y":0,"x":9,"width":34,"label":"houma","isSensor":true,"height":64,"runtime":"laya.physics.BoxCollider"},"compId":741},{"type":"Script","props":{"gravityScale":0,"allowSleep":false,"allowRotation":false,"runtime":"laya.physics.RigidBody"},"compId":742},{"type":"Image","props":{"y":32,"x":25,"width":52,"skin":"Room/room_pink.png","pivotY":35,"pivotX":24,"name":"pic","height":70},"compId":743},{"type":"Image","props":{"y":19,"x":-2,"width":41,"skin":"Room/icon_apple.png","scaleY":0.6,"scaleX":0.6,"pivotY":21,"pivotX":21,"name":"apple","height":41},"compId":744},{"type":"Script","props":{"runtime":"script/Game/UIMain_Houma.ts"},"compId":745}]},{"type":"Sprite","props":{"y":508,"x":293,"width":57,"var":"Wangzi","pivotY":35,"pivotX":29,"name":"Wangzi","height":69},"compId":756,"child":[{"type":"Image","props":{"y":34,"x":29,"width":57,"skin":"UI/2.png","scaleX":-1,"pivotY":35,"pivotX":29,"name":"pic","height":70},"compId":757},{"type":"Script","props":{"width":57,"label":"wangzi","isSensor":true,"height":69,"runtime":"laya.physics.BoxCollider"},"compId":758},{"type":"Script","props":{"gravityScale":0,"allowSleep":true,"allowRotation":true,"runtime":"laya.physics.RigidBody"},"compId":759},{"type":"Script","props":{"runtime":"script/Game/UIMain_Wangzi.ts"},"compId":760}]}],"loadList":["UI_new/conmmon/bg_yeloow.png","Room/room_bluish.png","Room/ui_interaction_01.png","Room/room_blue_wall.png","Room/room_blue_color.png","UI/ec8071c1-4577-4d6c-9231-2357a90145b1.png","Room/ui_window.png","UI/af5fe039-4106-4820-b634-7a4c5a3c7979.png","Room/room_red.png","UI/1.png","Room/room_green.png","Room/room_yellowish.png","Room/ui_ladder.png","Room/icon_drumstick.png","UI_new/GameStart/person_gongzhu.png","Room/room_pink.png","Room/icon_apple.png","UI/2.png"],"loadList3D":[]}