{"type":"View","props":{"width":720,"name":"UIMain_006","height":1280},"compId":2,"child":[{"type":"Image","props":{"y":0,"x":0,"width":720,"var":"background","skin":"UI_new/conmmon/bg_yeloow.png","name":"background","height":1280},"compId":3},{"type":"Image","props":{"y":690,"x":526,"width":264,"var":"Room2","skin":"Room/room_green.png","sizeGrid":"23,22,24,20","pivotY":86.5,"pivotX":132,"name":"Room2","height":173},"compId":4,"child":[{"type":"Script","props":{"y":1,"x":2,"width":260,"isSensor":false,"height":171,"friction":0.2,"density":-1,"runtime":"laya.physics.BoxCollider"},"compId":5},{"type":"Script","props":{"type":"dynamic","gravityScale":0,"allowSleep":false,"allowRotation":false,"runtime":"laya.physics.RigidBody"},"compId":6},{"type":"Sprite","props":{"y":1,"x":0,"width":14,"name":"left_Wall","height":170},"compId":11,"child":[{"type":"Script","props":{"y":0,"x":0,"width":14,"label":"wall","isSensor":true,"height":170,"runtime":"laya.physics.BoxCollider"},"compId":12},{"type":"Script","props":{"gravityScale":0,"bullet":true,"allowSleep":false,"runtime":"laya.physics.RigidBody"},"compId":13}]},{"type":"Script","props":{"runtime":"script/Game/UIMain_Room.ts"},"compId":14},{"type":"Sprite","props":{"y":158,"x":22,"width":240,"name":"Floor_01_Room2","height":14},"compId":118,"child":[{"type":"Image","props":{"skin":"UI/75b774cd-5d5f-4c0d-8bd0-7ec4d388c85d.png","alpha":0},"compId":95},{"type":"Script","props":{"y":0,"x":-21,"width":263,"label":"floor","isSensor":true,"height":14,"runtime":"laya.physics.BoxCollider"},"compId":102},{"type":"Script","props":{"gravityScale":0,"bullet":true,"allowSleep":false,"allowRotation":false,"runtime":"laya.physics.RigidBody"},"compId":103}]},{"type":"Sprite","props":{"y":40.5,"x":49,"texture":"Room/ui_window.png"},"compId":184},{"type":"Sprite","props":{"y":84,"x":176,"texture":"Room/ui_door.png"},"compId":565},{"type":"Sprite","props":{"y":117,"x":262,"width":48,"pivotY":41,"pivotX":14,"name":"right_Aisle_01","height":82},"compId":584,"child":[{"type":"Image","props":{"y":2,"x":47,"width":78,"skin":"Room/ui_interaction_01.png","rotation":90,"name":"interaction","height":32},"compId":585},{"type":"Image","props":{"y":42,"x":8,"width":81,"skin":"Room/room_blue_wall.png","rotation":90,"pivotY":8,"pivotX":41,"name":"wall","height":16.8},"compId":586},{"type":"Image","props":{"y":41.5,"x":7.5,"skin":"Room/room_blue_color.png","rotation":90,"pivotY":8,"pivotX":41,"name":"color"},"compId":587},{"type":"Script","props":{"y":34,"x":0,"width":25,"label":"aisle","isSensor":true,"height":15,"runtime":"laya.physics.BoxCollider"},"compId":588},{"type":"Script","props":{"gravityScale":0,"bullet":true,"allowSleep":false,"allowRotation":false,"runtime":"laya.physics.RigidBody"},"compId":589},{"type":"Script","props":{"runtime":"script/Game/UIMain_Aisle.ts"},"compId":590},{"type":"Label","props":{"text":"label","name":"yanse","alpha":0},"compId":591},{"type":"Script","props":{"width":48,"label":"interaction","isSensor":true,"height":82,"runtime":"laya.physics.BoxCollider"},"compId":592}]}]},{"type":"Script","props":{"y":0,"x":0,"runtime":"script/Game/UIMain.ts"},"compId":55},{"type":"Image","props":{"y":977,"x":243,"width":325,"skin":"Room/room_purple.png","sizeGrid":"23,22,24,20","pivotY":150,"pivotX":162.5,"name":"Room3","height":300},"compId":185,"child":[{"type":"Script","props":{"y":1,"x":0,"width":324,"isSensor":false,"height":297,"friction":0.2,"density":-1,"runtime":"laya.physics.BoxCollider"},"compId":186},{"type":"Script","props":{"type":"dynamic","gravityScale":0,"allowSleep":false,"allowRotation":false,"runtime":"laya.physics.RigidBody"},"compId":187},{"type":"Sprite","props":{"y":98,"x":226,"width":71,"pivotY":96,"pivotX":36,"name":"ladder_01","height":132},"compId":488,"child":[{"type":"Sprite","props":{"y":37,"x":12,"texture":"Room/ui_ladder.png"},"compId":489},{"type":"Sprite","props":{"y":-1,"x":12,"texture":"Room/ui_ladder.png"},"compId":490},{"type":"Sprite","props":{"y":73,"x":12,"texture":"Room/ui_ladder.png"},"compId":491},{"type":"Sprite","props":{"y":111,"x":12,"texture":"Room/ui_ladder.png"},"compId":492},{"type":"Script","props":{"y":-1,"x":29,"width":14,"label":"ladder","isSensor":true,"height":143,"runtime":"laya.physics.BoxCollider"},"compId":494},{"type":"Script","props":{"gravityScale":0,"bullet":true,"allowSleep":false,"allowRotation":false,"runtime":"laya.physics.RigidBody"},"compId":495}]},{"type":"Script","props":{"runtime":"script/Game/UIMain_Room.ts"},"compId":211},{"type":"Sprite","props":{"y":126,"x":311,"width":14,"name":"left_Wall","height":173},"compId":212,"child":[{"type":"Script","props":{"y":0,"x":0,"width":14,"label":"wall","isSensor":true,"height":169,"runtime":"laya.physics.BoxCollider"},"compId":213},{"type":"Script","props":{"gravityScale":0,"bullet":true,"allowSleep":false,"runtime":"laya.physics.RigidBody"},"compId":214}]},{"type":"Sprite","props":{"y":286,"x":23,"width":240,"name":"Floor_01_Room3","height":14},"compId":405,"child":[{"type":"Image","props":{"skin":"UI/75b774cd-5d5f-4c0d-8bd0-7ec4d388c85d.png","alpha":0},"compId":406},{"type":"Script","props":{"y":0,"x":-21,"width":322,"label":"floor","isSensor":true,"height":14,"runtime":"laya.physics.BoxCollider"},"compId":407},{"type":"Script","props":{"gravityScale":0,"bullet":true,"allowSleep":false,"allowRotation":false,"runtime":"laya.physics.RigidBody"},"compId":408}]},{"type":"Sprite","props":{"y":0,"x":0,"width":14,"name":"right_Wall","height":300},"compId":450,"child":[{"type":"Script","props":{"y":0,"x":0,"width":14,"label":"wall","isSensor":true,"height":298,"runtime":"laya.physics.BoxCollider"},"compId":451},{"type":"Script","props":{"gravityScale":0,"bullet":true,"allowSleep":false,"runtime":"laya.physics.RigidBody"},"compId":452}]},{"type":"Sprite","props":{"y":0,"x":226,"width":82,"pivotY":33,"pivotX":41,"name":"up_Aisle_01","height":48},"compId":658,"child":[{"type":"Image","props":{"y":1,"x":2,"skin":"Room/ui_interaction_01.png","rotation":0,"name":"interaction"},"compId":659},{"type":"Image","props":{"y":40,"x":41.5,"skin":"Room/room_blue_wall.png","rotation":0,"pivotY":8,"pivotX":41,"name":"wall","height":16.8},"compId":660},{"type":"Image","props":{"y":40,"x":41.5,"skin":"Room/room_blue_color.png","rotation":0,"pivotY":8,"pivotX":41,"name":"color"},"compId":661},{"type":"Script","props":{"y":22.5,"x":33,"width":15,"label":"aisle","isSensor":true,"height":25,"runtime":"laya.physics.BoxCollider"},"compId":662},{"type":"Script","props":{"gravityScale":0,"bullet":true,"allowSleep":false,"allowRotation":false,"runtime":"laya.physics.RigidBody"},"compId":663},{"type":"Script","props":{"runtime":"script/Game/UIMain_Aisle.ts"},"compId":664},{"type":"Label","props":{"text":"label","name":"yanse","alpha":0},"compId":665},{"type":"Script","props":{"y":0,"x":0,"width":82,"label":"interaction","isSensor":true,"height":48,"runtime":"laya.physics.BoxCollider"},"compId":666}]}]},{"type":"Image","props":{"y":356,"x":348.5,"width":296,"var":"Room1","skin":"Room/room_blue.png","sizeGrid":"23,22,24,20","pivotY":102.5,"pivotX":148,"name":"Room1","height":205},"compId":15,"child":[{"type":"Script","props":{"y":1,"x":0,"width":296,"isSensor":false,"height":202,"friction":0.2,"density":-1,"runtime":"laya.physics.BoxCollider"},"compId":16},{"type":"Script","props":{"type":"dynamic","group":1,"gravityScale":0,"bullet":true,"allowSleep":false,"runtime":"laya.physics.RigidBody"},"compId":17},{"type":"Script","props":{"y":1,"x":0,"runtime":"script/Game/UIMain_Room.ts"},"compId":22},{"type":"Sprite","props":{"y":189,"x":2,"width":294,"name":"Floor_02_Room1","height":17},"compId":104,"child":[{"type":"Image","props":{"y":102,"x":2,"width":296,"height":14,"alpha":0},"compId":105},{"type":"Script","props":{"y":1,"x":2,"width":290,"label":"floor","isSensor":true,"height":15,"runtime":"laya.physics.BoxCollider"},"compId":106},{"type":"Script","props":{"gravityScale":0,"allowSleep":false,"allowRotation":false,"runtime":"laya.physics.RigidBody"},"compId":107}]},{"type":"Sprite","props":{"y":99,"x":231,"width":71,"pivotY":96,"pivotX":36,"name":"ladder_01","height":192},"compId":557,"child":[{"type":"Sprite","props":{"y":37,"x":12,"texture":"Room/ui_ladder.png"},"compId":558},{"type":"Sprite","props":{"y":-1,"x":12,"texture":"Room/ui_ladder.png"},"compId":559},{"type":"Sprite","props":{"y":73,"x":12,"texture":"Room/ui_ladder.png"},"compId":560},{"type":"Sprite","props":{"y":111,"x":12,"texture":"Room/ui_ladder.png"},"compId":561},{"type":"Sprite","props":{"y":149,"x":12,"width":47,"texture":"Room/ui_ladder.png","height":38},"compId":562},{"type":"Script","props":{"y":-1,"x":29,"width":14,"label":"ladder","isSensor":true,"height":189,"runtime":"laya.physics.BoxCollider"},"compId":563},{"type":"Script","props":{"gravityScale":0,"bullet":true,"allowSleep":false,"allowRotation":false,"runtime":"laya.physics.RigidBody"},"compId":564}]},{"type":"Sprite","props":{"y":0,"x":231,"width":82,"pivotY":33,"pivotX":41,"name":"up_Aisle_01","height":48},"compId":530,"child":[{"type":"Image","props":{"y":1,"x":2,"skin":"Room/ui_interaction_01.png","rotation":0,"name":"interaction"},"compId":531},{"type":"Image","props":{"y":40,"x":41.5,"skin":"Room/room_blue_wall.png","rotation":0,"pivotY":8,"pivotX":41,"name":"wall","height":16.8},"compId":532},{"type":"Image","props":{"y":40,"x":41.5,"skin":"Room/room_blue_color.png","rotation":0,"pivotY":8,"pivotX":41,"name":"color"},"compId":533},{"type":"Script","props":{"y":22.5,"x":33,"width":15,"label":"aisle","isSensor":true,"height":25,"runtime":"laya.physics.BoxCollider"},"compId":534},{"type":"Script","props":{"gravityScale":0,"bullet":true,"allowSleep":false,"allowRotation":false,"runtime":"laya.physics.RigidBody"},"compId":535},{"type":"Script","props":{"runtime":"script/Game/UIMain_Aisle.ts"},"compId":536},{"type":"Label","props":{"text":"label","name":"yanse","alpha":0},"compId":537},{"type":"Script","props":{"y":0,"x":0,"width":82,"label":"interaction","isSensor":true,"height":48,"runtime":"laya.physics.BoxCollider"},"compId":538}]},{"type":"Sprite","props":{"y":3,"x":281,"width":14,"name":"right_Wall","height":199},"compId":575,"child":[{"type":"Script","props":{"y":0,"x":0,"width":14,"label":"wall","isSensor":true,"height":199,"runtime":"laya.physics.BoxCollider"},"compId":576},{"type":"Script","props":{"gravityScale":0,"bullet":true,"allowSleep":false,"runtime":"laya.physics.RigidBody"},"compId":577}]},{"type":"Sprite","props":{"y":150,"x":1,"width":48,"pivotY":41,"pivotX":33,"name":"left_Aisle_01","height":82},"compId":611,"child":[{"type":"Image","props":{"y":80,"x":0.5,"width":78,"skin":"Room/ui_interaction_01.png","rotation":270,"name":"interaction","height":32},"compId":612},{"type":"Image","props":{"y":41.5,"x":40.6,"skin":"Room/room_blue_wall.png","rotation":90,"pivotY":8,"pivotX":41,"name":"wall","height":16.7},"compId":613},{"type":"Image","props":{"y":41.5,"x":40.5,"width":81,"skin":"Room/room_blue_color.png","rotation":-90,"pivotY":8,"pivotX":41,"name":"color","height":15},"compId":614},{"type":"Script","props":{"y":34,"x":23,"width":25,"label":"aisle","isSensor":true,"height":15,"runtime":"laya.physics.BoxCollider"},"compId":615},{"type":"Script","props":{"y":1,"x":0,"gravityScale":0,"bullet":true,"allowSleep":false,"allowRotation":false,"runtime":"laya.physics.RigidBody"},"compId":616},{"type":"Script","props":{"runtime":"script/Game/UIMain_Aisle.ts"},"compId":617},{"type":"Label","props":{"text":"label","name":"yanse","alpha":0},"compId":618},{"type":"Script","props":{"width":48,"label":"interaction","isSensor":true,"height":82,"runtime":"laya.physics.BoxCollider"},"compId":619}]},{"type":"Sprite","props":{"y":173,"x":130,"width":38,"visible":true,"rotation":0,"pivotY":25,"pivotX":19,"name":"drumstick","height":49},"compId":642,"child":[{"type":"Script","props":{"y":2,"x":2,"width":35,"label":"drumstick","isSensor":true,"height":46,"runtime":"laya.physics.BoxCollider"},"compId":643},{"type":"Script","props":{"gravityScale":0,"allowSleep":false,"allowRotation":false,"runtime":"laya.physics.RigidBody"},"compId":644},{"type":"Image","props":{"y":11,"x":10,"skin":"Room/icon_drumstick.png","scaleY":0.6,"scaleX":0.6,"name":"pic"},"compId":645}]}]},{"type":"Image","props":{"y":616,"x":188,"width":257,"skin":"Room/room_bluish.png","sizeGrid":"23,22,24,20","pivotY":117.5,"pivotX":128.5,"name":"Room4","height":235},"compId":500,"child":[{"type":"Script","props":{"y":0,"x":1,"width":256,"isSensor":false,"height":235,"friction":0.2,"density":-1,"runtime":"laya.physics.BoxCollider"},"compId":501},{"type":"Script","props":{"type":"dynamic","group":1,"gravityScale":0,"bullet":true,"allowSleep":false,"runtime":"laya.physics.RigidBody"},"compId":502},{"type":"Script","props":{"y":1,"x":0,"runtime":"script/Game/UIMain_Room.ts"},"compId":503},{"type":"Sprite","props":{"y":218,"x":0,"width":277,"name":"Floor_02_Room4","height":17},"compId":504,"child":[{"type":"Image","props":{"y":102,"x":2,"width":296,"height":14,"alpha":0},"compId":505},{"type":"Script","props":{"y":1,"x":2,"width":252,"label":"floor","isSensor":true,"height":15,"runtime":"laya.physics.BoxCollider"},"compId":506},{"type":"Script","props":{"gravityScale":0,"allowSleep":false,"allowRotation":false,"runtime":"laya.physics.RigidBody"},"compId":507}]},{"type":"Sprite","props":{"y":178,"x":0,"width":48,"pivotY":41,"pivotX":33,"name":"left_Aisle_01","height":82},"compId":512,"child":[{"type":"Image","props":{"y":80,"x":0.5,"width":78,"skin":"Room/ui_interaction_01.png","rotation":270,"name":"interaction","height":32},"compId":513},{"type":"Image","props":{"y":41.5,"x":40.6,"skin":"Room/room_blue_wall.png","rotation":90,"pivotY":8,"pivotX":41,"name":"wall","height":16.7},"compId":514},{"type":"Image","props":{"y":41.5,"x":40.5,"width":81,"skin":"Room/room_blue_color.png","rotation":-90,"pivotY":8,"pivotX":41,"name":"color","height":15},"compId":515},{"type":"Script","props":{"y":34,"x":23,"width":25,"label":"aisle","isSensor":true,"height":15,"runtime":"laya.physics.BoxCollider"},"compId":516},{"type":"Script","props":{"y":1,"x":0,"gravityScale":0,"bullet":true,"allowSleep":false,"allowRotation":false,"runtime":"laya.physics.RigidBody"},"compId":517},{"type":"Script","props":{"runtime":"script/Game/UIMain_Aisle.ts"},"compId":518},{"type":"Label","props":{"text":"label","name":"yanse","alpha":0},"compId":519},{"type":"Script","props":{"width":48,"label":"interaction","isSensor":true,"height":82,"runtime":"laya.physics.BoxCollider"},"compId":520}]},{"type":"Sprite","props":{"y":229.5,"x":177,"width":82,"pivotY":10,"pivotX":41,"name":"down_Aisle_01","height":48},"compId":620,"child":[{"type":"Image","props":{"y":47,"x":80,"skin":"Room/ui_interaction_01.png","rotation":180,"name":"interaction"},"compId":621},{"type":"Image","props":{"y":7.4,"x":41.5,"skin":"Room/room_blue_wall.png","rotation":0,"pivotY":8,"pivotX":41,"name":"wall","height":16.2},"compId":622},{"type":"Image","props":{"y":7,"x":41.5,"width":81,"skin":"Room/room_blue_color.png","rotation":180,"pivotY":8,"pivotX":41,"name":"color","height":15},"compId":623},{"type":"Script","props":{"y":-23,"x":33,"width":73,"label":"aisle","isSensor":true,"height":59,"runtime":"laya.physics.BoxCollider"},"compId":624},{"type":"Script","props":{"gravityScale":0,"bullet":true,"allowSleep":false,"allowRotation":false,"runtime":"laya.physics.RigidBody"},"compId":625},{"type":"Script","props":{"runtime":"script/Game/UIMain_Aisle.ts"},"compId":626},{"type":"Label","props":{"text":"label","name":"yanse","alpha":0},"compId":627},{"type":"Script","props":{"y":0,"x":0,"width":82,"label":"interaction","isSensor":true,"height":48,"runtime":"laya.physics.BoxCollider"},"compId":628}]},{"type":"Sprite","props":{"y":20,"x":242,"width":14,"name":"right_Wall","height":199},"compId":629,"child":[{"type":"Script","props":{"y":0,"x":0,"width":14,"label":"wall","isSensor":true,"height":199,"runtime":"laya.physics.BoxCollider"},"compId":630},{"type":"Script","props":{"gravityScale":0,"bullet":true,"allowSleep":false,"runtime":"laya.physics.RigidBody"},"compId":631}]}]},{"type":"Sprite","props":{"y":1083,"x":139,"width":57,"var":"Wangzi","pivotY":35,"pivotX":29,"name":"Wangzi","height":69},"compId":632,"child":[{"type":"Image","props":{"y":34,"x":29,"width":57,"skin":"UI/2.png","scaleX":-1,"pivotY":35,"pivotX":29,"name":"pic","height":70},"compId":633},{"type":"Script","props":{"width":57,"label":"wangzi","isSensor":true,"height":69,"runtime":"laya.physics.BoxCollider"},"compId":634},{"type":"Script","props":{"gravityScale":0,"allowSleep":true,"allowRotation":true,"runtime":"laya.physics.RigidBody"},"compId":635},{"type":"Script","props":{"runtime":"script/Game/UIMain_Wangzi.ts"},"compId":636}]},{"type":"Sprite","props":{"y":738.5,"x":471,"width":51,"var":"Gongzhu","rotation":0,"pivotY":32,"pivotX":26,"name":"Gongzhu","height":63},"compId":637,"child":[{"type":"Script","props":{"y":0,"x":6,"width":40,"label":"gongzhu","isSensor":true,"height":66,"runtime":"laya.physics.BoxCollider"},"compId":638},{"type":"Script","props":{"gravityScale":0,"allowSleep":false,"allowRotation":false,"runtime":"laya.physics.RigidBody"},"compId":639},{"type":"Image","props":{"y":23,"x":20,"width":52,"skin":"UI_new/GameStart/person_gongzhu.png","pivotY":35,"pivotX":24,"name":"pic","height":70},"compId":640},{"type":"Script","props":{"runtime":"script/Game/UIMain_Gongzhu.ts"},"compId":641}]},{"type":"Sprite","props":{"y":690,"x":127,"width":51,"rotation":0,"pivotY":32,"pivotX":26,"name":"houma","height":63},"compId":652,"child":[{"type":"Script","props":{"y":0,"x":-12,"width":78,"label":"houma","isSensor":true,"height":64,"runtime":"laya.physics.BoxCollider"},"compId":653},{"type":"Script","props":{"gravityScale":0,"allowSleep":false,"allowRotation":false,"runtime":"laya.physics.RigidBody"},"compId":654},{"type":"Image","props":{"y":32,"x":25,"width":52,"skin":"Room/room_pink.png","pivotY":35,"pivotX":24,"name":"pic","height":70},"compId":655},{"type":"Image","props":{"y":19,"x":-2,"width":41,"skin":"Room/icon_apple.png","scaleY":0.6,"scaleX":0.6,"pivotY":21,"pivotX":21,"name":"apple","height":41},"compId":656},{"type":"Script","props":{"runtime":"script/Game/UIMain_Houma.ts"},"compId":657}]}],"loadList":["UI_new/conmmon/bg_yeloow.png","Room/room_green.png","UI/75b774cd-5d5f-4c0d-8bd0-7ec4d388c85d.png","Room/ui_window.png","Room/ui_door.png","Room/ui_interaction_01.png","Room/room_blue_wall.png","Room/room_blue_color.png","Room/room_purple.png","Room/ui_ladder.png","Room/room_blue.png","Room/icon_drumstick.png","Room/room_bluish.png","UI/2.png","UI_new/GameStart/person_gongzhu.png","Room/room_pink.png","Room/icon_apple.png"],"loadList3D":[]}