{"type":"View","props":{"width":720,"height":1280},"compId":2,"child":[{"type":"Image","props":{"y":0,"x":0,"var":"background","skin":"UI_new/conmmon/bg_blackmask.png","name":"background"},"compId":5},{"type":"Sprite","props":{"y":616,"x":362,"width":531,"var":"sceneContent","pivotY":336,"pivotX":275,"name":"sceneContent","height":671},"compId":3,"child":[{"type":"Sprite","props":{"y":0,"x":0,"width":530,"texture":"UI_new/PassHint/ui_baseboard.png","height":654,"alpha":1},"compId":8},{"type":"Sprite","props":{"y":46,"x":145.5,"texture":"UI_new/PassHint/logo.png"},"compId":9},{"type":"Sprite","props":{"y":490,"x":273,"width":195,"var":"BtnYse","texture":"UI_new/PassHint/yes_btn.png","pivotY":53,"pivotX":98,"name":"BtnYse","height":105,"alpha":1},"compId":10,"child":[{"type":"Sprite","props":{"y":23,"x":22,"width":40,"var":"iconAdv","texture":"UI_new/PassHint/icon_adv.png","name":"iconAdv","height":40},"compId":15},{"type":"Image","props":{"y":44,"x":116,"var":"Pic","skin":"UI_new/PassHint/word_look.png","pivotY":12,"pivotX":37,"name":"Pic"},"compId":20}]},{"type":"Label","props":{"y":266,"x":352,"wordWrap":true,"width":295,"var":"Dec","valign":"middle","text":"   这关比较难，看下提示？","pivotY":120,"pivotX":148,"overflow":"scroll","name":"Dec","leading":15,"italic":false,"height":240,"fontSize":41,"font":"Microsoft YaHei","color":"#e17449","bold":true,"align":"left"},"compId":12},{"type":"Sprite","props":{"y":162,"x":61,"texture":"UI_new/conmmon/icon_qingdi.png"},"compId":17},{"type":"Sprite","props":{"y":404,"x":44,"texture":"UI_new/conmmon/ui_line.png"},"compId":18},{"type":"Sprite","props":{"y":606,"x":266,"width":106,"var":"BtnNo","texture":"UI_new/conmmon/no_btn.png","pivotY":14,"pivotX":53,"name":"BtnNo","height":28},"compId":19}]},{"type":"Script","props":{"runtime":"script/Game/UIPassHint.ts"},"compId":21}],"loadList":["UI_new/conmmon/bg_blackmask.png","UI_new/PassHint/ui_baseboard.png","UI_new/PassHint/logo.png","UI_new/PassHint/yes_btn.png","UI_new/PassHint/icon_adv.png","UI_new/PassHint/word_look.png","UI_new/conmmon/icon_qingdi.png","UI_new/conmmon/ui_line.png","UI_new/conmmon/no_btn.png"],"loadList3D":[]}