{"type":"View","props":{"width":720,"height":1280},"compId":2,"child":[{"type":"Sprite","props":{"y":0,"x":0,"texture":"UI_new/GameMain/xiaoguotu1.jpg","alpha":0},"compId":35},{"type":"Image","props":{"y":652,"x":360,"width":720,"var":"background","skin":"UI_new/conmmon/bg_blackmask.png","sizeGrid":"5,6,5,10","pivotY":652,"pivotX":360,"name":"background","height":1280,"alpha":1},"compId":22},{"type":"Sprite","props":{"y":561,"x":360,"width":530,"var":"SceneContent","pivotY":200,"pivotX":275,"name":"SceneContent","height":379,"alpha":1},"compId":9,"child":[{"type":"Sprite","props":{"y":0,"x":0,"texture":"UI_new/GameMain/ui_board_01.png","alpha":1},"compId":36},{"type":"Sprite","props":{"y":30,"x":207.5,"texture":"UI_new/GameMain/word_pause.png"},"compId":37},{"type":"Sprite","props":{"y":227,"x":357,"width":103,"var":"BtnContinue","pivotY":54,"pivotX":52,"name":"BtnContinue","height":105},"compId":42,"child":[{"type":"Sprite","props":{"y":0,"x":0,"texture":"UI_new/GameMain/board_02_btn.png"},"compId":43},{"type":"Sprite","props":{"y":23.5,"x":29,"texture":"UI_new/GameMain/icon_continue.png"},"compId":46}]},{"type":"Sprite","props":{"y":227,"x":183,"width":103,"var":"BtnUIStart","pivotY":54,"pivotX":52,"name":"BtnUIStart","height":105},"compId":38,"child":[{"type":"Sprite","props":{"y":0,"x":0,"texture":"UI_new/GameMain/board_02_btn.png"},"compId":39},{"type":"Sprite","props":{"y":23,"x":19,"texture":"UI_new/GameMain/icon_start.png"},"compId":41}]}]},{"type":"Script","props":{"runtime":"script/Game/UIPuase.ts"},"compId":48}],"loadList":["UI_new/GameMain/xiaoguotu1.jpg","UI_new/conmmon/bg_blackmask.png","UI_new/GameMain/ui_board_01.png","UI_new/GameMain/word_pause.png","UI_new/GameMain/board_02_btn.png","UI_new/GameMain/icon_continue.png","UI_new/GameMain/icon_start.png"],"loadList3D":[]}