{"type":"View","props":{"width":720,"height":1280},"compId":2,"child":[{"type":"Sprite","props":{"y":0,"x":0,"texture":"UI_new/PifuTry/xiaoguotu.jpg"},"compId":33},{"type":"Image","props":{"y":640,"x":360,"width":720,"skin":"UI_new/conmmon/bg_yeloow.png","pivotY":640,"pivotX":360,"name":"background","mouseEnabled":false,"height":1280,"alpha":1},"compId":34,"child":[{"type":"Sprite","props":{"var":"background_01","texture":"UI_new/conmmon/bg_blackmask.png","name":"background_01"},"compId":35}]},{"type":"Sprite","props":{"y":570,"x":360,"width":572,"var":"SceneContent","pivotY":492,"pivotX":286,"name":"SceneContent","height":994,"alpha":1},"compId":5,"child":[{"type":"Sprite","props":{"y":203,"x":13,"texture":"UI_new/PassHint/ui_baseboard.png","alpha":1},"compId":36},{"type":"Sprite","props":{"y":245,"x":158,"width":239,"texture":"UI_new/PifuTry/logo.png","height":68},"compId":37},{"type":"Sprite","props":{"y":428,"x":292,"width":299,"var":"Pifu","pivotY":227,"pivotX":150,"name":"Pifu","height":453},"compId":26,"child":[{"type":"Image","props":{"y":567,"x":173,"width":153,"var":"img","skin":"UI_new/Pifu/pifu_02_chiji.png","pivotY":421,"pivotX":120,"name":"img","height":238},"compId":25}]},{"type":"Sprite","props":{"y":705,"x":287,"width":195,"var":"BtnAdv","texture":"UI_new/PassHint/yes_btn.png","pivotY":43,"pivotX":98,"name":"BtnAdv","height":105},"compId":32,"child":[{"type":"Sprite","props":{"y":31.5,"x":73,"texture":"UI_new/PifuTry/word_freetry.png"},"compId":40},{"type":"Sprite","props":{"y":23.5,"x":21,"texture":"UI_new/PassHint/icon_adv.png"},"compId":41}]},{"type":"Sprite","props":{"y":911,"x":282,"width":94,"visible":true,"var":"BtnBack","texture":"UI_new/conmmon/word_back.png","pivotY":23,"pivotX":47,"name":"BtnBack","height":45},"compId":38},{"type":"Sprite","props":{"y":801,"x":282,"width":106,"var":"BtnNo","texture":"UI_new/PassHint/no_btn.png","pivotY":14,"pivotX":53,"name":"BtnNo","height":28},"compId":42}]},{"type":"Script","props":{"y":0,"x":0,"runtime":"script/Game/UIPifuTry.ts"},"compId":20}],"loadList":["UI_new/PifuTry/xiaoguotu.jpg","UI_new/conmmon/bg_yeloow.png","UI_new/conmmon/bg_blackmask.png","UI_new/PassHint/ui_baseboard.png","UI_new/PifuTry/logo.png","UI_new/Pifu/pifu_02_chiji.png","UI_new/PassHint/yes_btn.png","UI_new/PifuTry/word_freetry.png","UI_new/PassHint/icon_adv.png","UI_new/conmmon/word_back.png","UI_new/PassHint/no_btn.png"],"loadList3D":[]}