{"type":"View","props":{"y":0,"x":0,"width":720,"scaleY":1,"height":1280,"anchorY":0,"anchorX":0},"compId":2,"child":[{"type":"Image","props":{"y":640,"x":360,"width":720,"var":"background","skin":"UI_new/conmmon/bg_yeloow.png","pivotY":640,"pivotX":360,"name":"background","mouseEnabled":false,"height":1280,"alpha":1},"compId":3,"child":[{"type":"Sprite","props":{"var":"background_01","texture":"UI_new/conmmon/bg_blackmask.png","name":"background_01"},"compId":55}]},{"type":"Sprite","props":{"y":1062.5,"x":356,"width":94,"var":"BtnBack","texture":"UI_new/conmmon/word_back.png","pivotY":23,"pivotX":47,"name":"BtnBack","height":45},"compId":4},{"type":"Sprite","props":{"y":238,"x":360,"width":428,"var":"PifuName","texture":"UI_new/Pifu/UI_board_01.png","pivotY":92,"pivotX":214,"name":"PifuName","height":183},"compId":7,"child":[{"type":"Sprite","props":{"y":46.5,"x":106,"texture":"UI_new/Pifu/logo.png"},"compId":43}]},{"type":"Sprite","props":{"y":922,"x":360,"width":553,"var":"TowBtn","pivotY":78,"pivotX":277,"name":"TowBtn","height":155},"compId":40,"child":[{"type":"Sprite","props":{"y":71,"x":138,"var":"BtnBuy","texture":"UI_new/Victory/rede_btn.png","pivotY":52,"pivotX":133,"name":"BtnBuy","alpha":1},"compId":8,"child":[{"type":"Sprite","props":{"y":20,"x":58,"texture":"UI_new/Pifu/word_goldjs.png","scaleY":0.9,"scaleX":0.9},"compId":19},{"type":"Sprite","props":{"y":78,"x":82,"width":42,"texture":"UI_new/conmmon/icon_gold.png","scaleY":0.9,"scaleX":0.9,"pivotY":21,"pivotX":21,"height":42},"compId":83},{"type":"Label","props":{"y":78,"x":141,"width":78,"valign":"middle","text":"x1000","pivotY":14,"pivotX":39,"name":"Num","italic":false,"height":27,"fontSize":26,"color":"#ffffff","bold":true,"align":"center"},"compId":84}]},{"type":"Image","props":{"y":71,"x":442,"var":"BtnSelect","skin":"UI_new/Victory/green_btn.png","pivotY":49,"pivotX":133,"name":"BtnSelect"},"compId":9,"child":[{"type":"Image","props":{"y":40.5,"x":87,"skin":"UI_new/Pifu/word_scelet_01.png","name":"wordpic"},"compId":56}]}]},{"type":"List","props":{"y":566,"x":346,"width":830,"var":"PifuList","spaceX":70,"repeatY":1,"pivotY":228,"pivotX":415,"name":"PifuList","height":455},"compId":10,"child":[{"type":"Box","props":{"y":425,"x":130,"width":231,"renderType":"render","pivotY":409,"pivotX":116,"height":409},"compId":23,"child":[{"type":"Image","props":{"y":416,"x":135,"width":300,"skin":"UI_new/Pifu/pifu_01_gongzhu.png","pivotY":456,"pivotX":150,"name":"PifuImg","height":456},"compId":25}]}]},{"type":"Sprite","props":{"y":811,"x":366,"var":"MatchDot","pivotY":6,"pivotX":157,"name":"MatchDot"},"compId":44,"child":[{"type":"Sprite","props":{"y":6,"x":8,"width":36,"url":"UI_new/Pifu/ui_dot_01.png","pivotY":6,"pivotX":18,"name":"0","height":12},"compId":45,"child":[{"type":"Image","props":{"y":6,"x":18,"width":21,"skin":"UI_new/Pifu/ui_dot_01.png","pivotY":6,"pivotX":11,"height":12},"compId":57},{"type":"Image","props":{"y":6,"x":18,"width":36,"skin":"UI_new/Pifu/ui_dot_02.png","pivotY":6,"pivotX":18,"height":12,"alpha":1},"compId":58}]},{"type":"Sprite","props":{"y":6,"x":44,"width":36,"url":"UI_new/Pifu/ui_dot_01.png","pivotY":6,"pivotX":18,"name":"1","height":12},"compId":59,"child":[{"type":"Image","props":{"y":6,"x":18,"width":21,"skin":"UI_new/Pifu/ui_dot_01.png","pivotY":6,"pivotX":11,"height":12},"compId":60},{"type":"Image","props":{"y":6,"x":18,"width":36,"skin":"UI_new/Pifu/ui_dot_02.png","pivotY":6,"pivotX":18,"height":12,"alpha":1},"compId":61}]},{"type":"Sprite","props":{"y":6,"x":79,"width":36,"url":"UI_new/Pifu/ui_dot_01.png","pivotY":6,"pivotX":18,"name":"2","height":12},"compId":62,"child":[{"type":"Image","props":{"y":6,"x":18,"width":21,"skin":"UI_new/Pifu/ui_dot_01.png","pivotY":6,"pivotX":11,"height":12},"compId":63},{"type":"Image","props":{"y":6,"x":18,"width":36,"skin":"UI_new/Pifu/ui_dot_02.png","pivotY":6,"pivotX":18,"height":12,"alpha":1},"compId":64}]},{"type":"Sprite","props":{"y":6,"x":115,"width":36,"url":"UI_new/Pifu/ui_dot_01.png","pivotY":6,"pivotX":18,"name":"3","height":12},"compId":65,"child":[{"type":"Image","props":{"y":6,"x":18,"width":21,"skin":"UI_new/Pifu/ui_dot_01.png","pivotY":6,"pivotX":11,"height":12},"compId":66},{"type":"Image","props":{"y":6,"x":18,"width":36,"skin":"UI_new/Pifu/ui_dot_02.png","pivotY":6,"pivotX":18,"height":12,"alpha":1},"compId":67}]},{"type":"Sprite","props":{"y":6,"x":151,"width":36,"url":"UI_new/Pifu/ui_dot_01.png","pivotY":6,"pivotX":18,"name":"4","height":12},"compId":68,"child":[{"type":"Image","props":{"y":6,"x":18,"width":21,"skin":"UI_new/Pifu/ui_dot_01.png","pivotY":6,"pivotX":11,"height":12},"compId":69},{"type":"Image","props":{"y":6,"x":18,"width":36,"skin":"UI_new/Pifu/ui_dot_02.png","pivotY":6,"pivotX":18,"height":12,"alpha":1},"compId":70}]},{"type":"Sprite","props":{"y":6,"x":187,"width":36,"url":"UI_new/Pifu/ui_dot_01.png","pivotY":6,"pivotX":18,"name":"5","height":12},"compId":71,"child":[{"type":"Image","props":{"y":6,"x":18,"width":21,"skin":"UI_new/Pifu/ui_dot_01.png","pivotY":6,"pivotX":11,"height":12},"compId":72},{"type":"Image","props":{"y":6,"x":18,"width":36,"skin":"UI_new/Pifu/ui_dot_02.png","pivotY":6,"pivotX":18,"height":12,"alpha":1},"compId":73}]},{"type":"Sprite","props":{"y":6,"x":223,"width":36,"url":"UI_new/Pifu/ui_dot_01.png","pivotY":6,"pivotX":18,"name":"6","height":12},"compId":74,"child":[{"type":"Image","props":{"y":6,"x":18,"width":21,"skin":"UI_new/Pifu/ui_dot_01.png","pivotY":6,"pivotX":11,"height":12},"compId":75},{"type":"Image","props":{"y":6,"x":18,"width":36,"skin":"UI_new/Pifu/ui_dot_02.png","pivotY":6,"pivotX":18,"height":12,"alpha":1},"compId":76}]},{"type":"Sprite","props":{"y":6,"x":259,"width":36,"url":"UI_new/Pifu/ui_dot_01.png","pivotY":6,"pivotX":18,"name":"7","height":12},"compId":77,"child":[{"type":"Image","props":{"y":6,"x":18,"width":21,"skin":"UI_new/Pifu/ui_dot_01.png","pivotY":6,"pivotX":11,"height":12},"compId":78},{"type":"Image","props":{"y":6,"x":18,"width":36,"skin":"UI_new/Pifu/ui_dot_02.png","pivotY":6,"pivotX":18,"height":12,"alpha":1},"compId":79}]},{"type":"Sprite","props":{"y":6,"x":295,"width":36,"url":"UI_new/Pifu/ui_dot_01.png","pivotY":6,"pivotX":18,"name":"8","height":12},"compId":80,"child":[{"type":"Image","props":{"y":6,"x":18,"width":21,"skin":"UI_new/Pifu/ui_dot_01.png","pivotY":6,"pivotX":11,"height":12},"compId":81},{"type":"Image","props":{"y":6,"x":18,"width":36,"skin":"UI_new/Pifu/ui_dot_02.png","pivotY":6,"pivotX":18,"height":12,"alpha":1},"compId":82}]}]},{"type":"Script","props":{"y":0,"x":0,"runtime":"script/Game/UIPifu.ts"},"compId":28}],"loadList":["UI_new/conmmon/bg_yeloow.png","UI_new/conmmon/bg_blackmask.png","UI_new/conmmon/word_back.png","UI_new/Pifu/UI_board_01.png","UI_new/Pifu/logo.png","UI_new/Victory/rede_btn.png","UI_new/Pifu/word_goldjs.png","UI_new/conmmon/icon_gold.png","UI_new/Victory/green_btn.png","UI_new/Pifu/word_scelet_01.png","UI_new/Pifu/pifu_01_gongzhu.png","UI_new/Pifu/ui_dot_01.png","UI_new/Pifu/ui_dot_02.png"],"loadList3D":[]}