{"type":"View","props":{"width":720,"height":1280},"compId":2,"child":[{"type":"Image","props":{"y":652,"x":360,"width":720,"var":"background","skin":"UI_new/conmmon/bg_blackmask.png","sizeGrid":"5,6,5,10","pivotY":652,"pivotX":360,"name":"background","height":1280,"alpha":1},"compId":22},{"type":"Sprite","props":{"y":688,"x":360,"width":528,"var":"SceneContent","pivotY":231,"pivotX":264,"name":"SceneContent","height":461,"alpha":1},"compId":9,"child":[{"type":"Image","props":{"y":5,"x":210,"skin":"shezhi/ui_baseborde2.png","name":"adornment_01"},"compId":6},{"type":"Image","props":{"y":0,"x":0,"width":528,"skin":"UI/a2114d45-b65c-436d-8cce-305ee4ac1d03.png","sizeGrid":"28,45,35,43","name":"adornment_02","height":447},"compId":7},{"type":"Sprite","props":{"y":257,"x":287,"width":145,"var":"BtnShake","name":"BtnShake","height":65,"alpha":1},"compId":18,"child":[{"type":"Image","props":{"y":0,"x":0,"width":152,"skin":"UI/shake_on.png","name":"on","height":68},"compId":19},{"type":"Sprite","props":{"y":34,"x":33,"width":66,"texture":"UI/559e7664-3e60-4809-8724-47dc2d9e5627.png","pivotY":36,"pivotX":33,"name":"move","height":72},"compId":30}]},{"type":"Sprite","props":{"y":132,"x":287,"width":152,"var":"BtnVoice","name":"BtnVoice","height":68,"alpha":1},"compId":14,"child":[{"type":"Image","props":{"y":0,"x":0,"width":152,"skin":"UI/shake_on.png","name":"on","height":68},"compId":23},{"type":"Sprite","props":{"y":34,"x":33,"width":66,"texture":"UI/559e7664-3e60-4809-8724-47dc2d9e5627.png","pivotY":36,"pivotX":33,"name":"move","height":72},"compId":31}]},{"type":"Sprite","props":{"y":29,"x":213,"var":"Name","texture":"UI/c3b340b5-2643-445f-8490-1139a54b54fe.png","name":"Name"},"compId":8},{"type":"Sprite","props":{"y":55,"x":477,"width":49,"var":"BtnClose","texture":"UI/7b07256b-9be4-4ca0-8908-766c85c952c8.png","pivotY":25,"pivotX":25,"name":"BtnClose","height":49},"compId":25},{"type":"Sprite","props":{"y":133,"x":114,"texture":"UI/1aa1e600-d293-4ba3-be00-eebc9479a716.png"},"compId":32},{"type":"Sprite","props":{"y":249,"x":118,"texture":"UI/d5cda04f-e6b2-4e74-a815-f16ce4abc15c.png"},"compId":33}]},{"type":"Script","props":{"runtime":"script/Game/UISet.ts"},"compId":34},{"type":"Box","props":{"width":700,"name":"P204","height":150,"centerY":-374,"centerX":3,"anchorY":0.5,"anchorX":0.5},"compId":35,"child":[{"type":"Image","props":{"visible":false,"top":0,"skin":"TJ/Promo/image/jx6.png","right":0,"name":"bg","left":0,"bottom":0,"anchorY":0.5,"anchorX":0.5},"compId":36},{"type":"Panel","props":{"top":0,"right":0,"name":"scroll","left":0,"elasticEnabled":false,"bottom":0,"anchorY":0.5,"anchorX":0.5},"compId":37,"child":[{"type":"List","props":{"y":0,"x":0,"width":700,"spaceX":20,"repeatY":1,"name":"layout","height":150,"anchorY":0,"anchorX":0},"compId":38,"child":[{"type":"Box","props":{"y":75,"x":75,"width":110,"renderType":"render","name":"item","height":150,"anchorY":0.5,"anchorX":0.5},"compId":39,"child":[{"type":"Image","props":{"width":110,"skin":"TJ/Promo/image/jx8.png","name":"icon","height":110,"centerY":-10,"centerX":0,"anchorY":0.5,"anchorX":0.5},"compId":40,"child":[{"type":"Image","props":{"width":23,"visible":false,"skin":"TJ/Promo/image/y1.png","name":"flag1","height":23,"centerY":-50,"centerX":50,"anchorY":0.5,"anchorX":0.5},"compId":41},{"type":"Image","props":{"width":45,"visible":false,"skin":"TJ/Promo/image/hb2.png","name":"flag2","height":23,"centerY":-50,"centerX":45,"anchorY":0.5,"anchorX":0.5},"compId":42},{"type":"Image","props":{"width":45,"visible":false,"skin":"TJ/Promo/image/rm3.png","name":"flag3","height":23,"centerY":-50,"centerX":45,"anchorY":0.5,"anchorX":0.5},"compId":43}]},{"type":"Script","props":{"runtime":"TJ/Promo/script/PromoItem.ts"},"compId":44},{"type":"Script","props":{"runtime":"TJ/Promo/script/ButtonScale.ts"},"compId":45},{"type":"Label","props":{"x":0,"wordWrap":false,"width":126,"valign":"middle","text":"游戏名字","name":"name","multiline":false,"mouseEnabled":false,"height":21,"fontSize":18,"editable":false,"color":"#ffffff","centerY":60,"centerX":0,"anchorY":0.5,"anchorX":0.5,"align":"center"},"compId":46}]}]}]},{"type":"Script","props":{"runtime":"TJ/Promo/script/P204.ts"},"compId":47}]}],"loadList":["UI_new/conmmon/bg_blackmask.png","shezhi/ui_baseborde2.png","UI/a2114d45-b65c-436d-8cce-305ee4ac1d03.png","UI/shake_on.png","UI/559e7664-3e60-4809-8724-47dc2d9e5627.png","UI/c3b340b5-2643-445f-8490-1139a54b54fe.png","UI/7b07256b-9be4-4ca0-8908-766c85c952c8.png","UI/1aa1e600-d293-4ba3-be00-eebc9479a716.png","UI/d5cda04f-e6b2-4e74-a815-f16ce4abc15c.png","TJ/Promo/image/jx6.png","TJ/Promo/image/jx8.png","TJ/Promo/image/y1.png","TJ/Promo/image/hb2.png","TJ/Promo/image/rm3.png"],"loadList3D":[]}