{"type":"View","props":{"width":720,"height":1280},"compId":2,"child":[{"type":"Image","props":{"y":652,"x":360,"width":720,"var":"background","skin":"UI_new/conmmon/bg_blackmask.png","sizeGrid":"5,6,5,10","pivotY":652,"pivotX":360,"name":"background","height":1280,"alpha":1},"compId":22,"child":[{"type":"Image","props":{"y":652,"x":360,"width":720,"skin":"UI_new/conmmon/bg_blackmask.png","sizeGrid":"5,6,5,10","pivotY":652,"pivotX":360,"name":"background","height":1600,"alpha":1},"compId":61}]},{"type":"Sprite","props":{"y":663,"x":356,"var":"SceneContent","pivotY":332,"pivotX":187,"name":"SceneContent","alpha":1},"compId":9,"child":[{"type":"Sprite","props":{"texture":"UI_new/Share/ui_board_02.png"},"compId":48},{"type":"Sprite","props":{"y":-75.5,"x":15.5,"texture":"UI_new/Share/ui_board_01.png"},"compId":49},{"type":"Sprite","props":{"y":-35,"x":47,"texture":"UI_new/Share/word_share.png"},"compId":51},{"type":"Sprite","props":{"y":654,"x":193,"width":113,"var":"BtnNoShare","pivotY":21,"pivotX":57,"name":"BtnNoShare","height":42},"compId":52,"child":[{"type":"Sprite","props":{"y":21,"x":56.5,"width":94,"texture":"UI_new/Share/noshare_btn.png","pivotY":12,"pivotX":47,"height":24},"compId":58}]},{"type":"Sprite","props":{"y":558,"x":192,"width":195,"var":"BtnShare","texture":"UI_new/Share/share_btn.png","pivotY":53,"pivotX":98,"name":"BtnShare","height":105,"alpha":1},"compId":53,"child":[{"type":"Sprite","props":{"y":30,"x":25,"width":145,"texture":"UI_new/Share/word_share_btn.png","height":27},"compId":54}]},{"type":"Sprite","props":{"y":466,"x":183,"texture":"UI_new/Share/word_award.png","pivotY":16,"pivotX":129},"compId":56,"child":[{"type":"Label","props":{"y":13,"x":231,"width":52,"valign":"middle","text":"x125","pivotY":15,"pivotX":25,"height":33,"fontSize":20,"color":"#ffe844","bold":true,"align":"center"},"compId":59},{"type":"Sprite","props":{"y":13.399999999999999,"x":190,"width":42,"texture":"UI_new/conmmon/icon_gold.png","scaleY":0.8,"scaleX":0.8,"pivotY":21,"pivotX":21,"height":42},"compId":60}]}]},{"type":"Script","props":{"runtime":"script/Game/UIShare.ts"},"compId":57}],"loadList":["UI_new/conmmon/bg_blackmask.png","UI_new/Share/ui_board_02.png","UI_new/Share/ui_board_01.png","UI_new/Share/word_share.png","UI_new/Share/noshare_btn.png","UI_new/Share/share_btn.png","UI_new/Share/word_share_btn.png","UI_new/Share/word_award.png","UI_new/conmmon/icon_gold.png"],"loadList3D":[]}