{"type":"View","props":{"width":720,"height":1280},"compId":2,"child":[{"type":"Image","props":{"y":652,"x":360,"width":720,"var":"background","skin":"UI_new/conmmon/bg_blackmask.png","sizeGrid":"5,6,5,10","pivotY":652,"pivotX":360,"name":"background","height":1280,"alpha":1},"compId":22},{"type":"Sprite","props":{"y":592,"x":361,"width":649,"var":"SceneContent","pivotY":152,"pivotX":325,"name":"SceneContent","height":303,"alpha":1},"compId":9,"child":[{"type":"Image","props":{"y":0,"x":0,"width":649,"skin":"UI_new/SmallHint/bai.png","sizeGrid":"4,7,6,6","rotation":0,"height":303,"alpha":1},"compId":50},{"type":"Sprite","props":{"y":49,"x":54,"texture":"UI_new/SmallHint/txt_tishi2.png"},"compId":51},{"type":"Sprite","props":{"y":239,"x":566,"width":59,"var":"BtnYes","pivotY":24,"pivotX":30,"name":"BtnYes","height":48},"compId":42,"child":[{"type":"Sprite","props":{"texture":"UI_new/SmallHint/queding.png"},"compId":56}]},{"type":"Sprite","props":{"y":238,"x":443,"width":60,"var":"BtnNo","pivotY":23,"pivotX":30,"name":"BtnNo","height":49},"compId":38,"child":[{"type":"Sprite","props":{"texture":"UI_new/SmallHint/quxiao.png"},"compId":55}]},{"type":"Sprite","props":{"y":109,"x":51,"texture":"UI_new/SmallHint/txtshuoming2.png"},"compId":53}]},{"type":"Script","props":{"runtime":"script/Game/UISmallHint.ts"},"compId":57}],"loadList":["UI_new/conmmon/bg_blackmask.png","UI_new/SmallHint/bai.png","UI_new/SmallHint/txt_tishi2.png","UI_new/SmallHint/queding.png","UI_new/SmallHint/quxiao.png","UI_new/SmallHint/txtshuoming2.png"],"loadList3D":[]}