{"type":"View","props":{"width":720,"height":1280},"compId":2,"child":[{"type":"Image","props":{"y":0,"x":0,"width":720,"var":"background","skin":"UI_new/conmmon/bg_yeloow.png","sizeGrid":"5,6,5,10","pivotY":0,"pivotX":0,"name":"background","height":1280,"alpha":1},"compId":9},{"type":"Script","props":{"house":"@Prefab:prefab/house.prefab","runtime":"script/Game/UIStart.ts"},"compId":8},{"type":"Sprite","props":{"y":635,"x":375,"width":720,"var":"SceneContent","pivotY":463.5,"pivotX":375,"name":"SceneContent","height":927},"compId":87,"child":[{"type":"Sprite","props":{"y":480,"x":155,"width":74,"var":"BtnLocation","pivotY":39,"pivotX":37,"name":"BtnLocation","height":77},"compId":39,"child":[{"type":"Sprite","props":{"y":0,"x":0,"width":75,"texture":"UI_new/GameStart/location_btn.png","height":74},"compId":41}]},{"type":"List","props":{"y":76,"x":369,"width":314,"var":"CustomsList","spaceY":-115,"selectEnable":false,"repeatY":4,"repeatX":1,"pivotX":157,"name":"CustomsList","mouseEnabled":false,"height":667},"compId":24,"child":[{"type":"Box","props":{"y":0,"x":157,"width":289,"renderType":"render","pivotX":145,"height":257},"compId":28,"child":[{"type":"Image","props":{"y":136,"x":145,"width":288,"skin":"UI_new/GameStart/icon_box01.png","pivotY":133,"pivotX":144,"name":"pic","height":266},"compId":33,"child":[{"type":"Image","props":{"y":163,"x":212,"width":100,"skin":"UI_new/GameStart/icon_unlock.png","pivotY":54,"pivotX":50,"name":"lock","height":107},"compId":52},{"type":"FontClip","props":{"zOrder":10,"y":182,"x":219,"width":228,"value":"22","spaceX":-25,"skin":"UI_new/wrod/word_customs_02.png","skewY":-28,"skewX":0,"sheet":"0123456789","scaleY":0.6,"scaleX":0.6,"pivotY":27,"pivotX":114,"name":"LvNum","height":53,"align":"center"},"compId":47,"child":[{"type":"Sprite","props":{"y":0,"x":31,"texture":"UI_new/wrod/di.png","alpha":0},"compId":48},{"type":"Sprite","props":{"y":0,"x":154,"texture":"UI_new/wrod/guan.png","alpha":0},"compId":49}]}]},{"type":"Script","props":{"runtime":"script/Game/UIStart_House.ts"},"compId":50}]}]},{"type":"Sprite","props":{"y":747,"x":360,"width":721,"var":"Line","texture":"UI_new/GameStart/ui_line.png","pivotY":19,"pivotX":361,"name":"Line","height":38},"compId":23},{"type":"Sprite","props":{"y":466,"x":648,"width":89,"var":"BtnPifu","pivotY":45,"pivotX":45,"name":"BtnPifu","height":89},"compId":29,"child":[{"type":"Sprite","props":{"y":43,"x":46,"width":98,"texture":"UI_new/GameStart/board_01_btn.png","pivotY":49,"pivotX":49,"height":98,"alpha":1},"compId":30},{"type":"Sprite","props":{"y":0,"x":27,"texture":"UI_new/GameStart/person_gongzhu.png"},"compId":31},{"type":"Sprite","props":{"y":63,"x":25,"texture":"UI_new/GameStart/word_pifu.png"},"compId":32}]},{"type":"Sprite","props":{"y":862,"x":361,"width":235,"var":"BtnStart","pivotY":59,"pivotX":118,"name":"BtnStart","height":118,"alpha":1},"compId":5,"child":[{"type":"Sprite","props":{"y":0,"x":0,"texture":"UI_new/GameStart/start_btn.png","name":"","alpha":1},"compId":11},{"type":"Sprite","props":{"y":35,"x":43.5,"texture":"UI_new/GameStart/word_start.png","name":""},"compId":7}]}]},{"type":"Box","props":{"y":1180,"width":700,"var":"P204","pivotY":75,"pivotX":350,"name":"P204","height":150,"centerX":0},"compId":53,"child":[{"type":"Image","props":{"visible":false,"top":0,"skin":"TJ/Promo/image/jx6.png","right":0,"name":"bg","left":0,"bottom":0,"anchorY":0.5,"anchorX":0.5},"compId":54},{"type":"Panel","props":{"top":0,"right":0,"name":"scroll","left":0,"elasticEnabled":false,"bottom":0,"anchorY":0.5,"anchorX":0.5},"compId":55,"child":[{"type":"List","props":{"y":0,"x":0,"width":700,"spaceX":20,"repeatY":1,"name":"layout","height":150,"anchorY":0,"anchorX":0},"compId":56,"child":[{"type":"Box","props":{"y":75,"x":75,"width":110,"renderType":"render","name":"item","height":150,"anchorY":0.5,"anchorX":0.5},"compId":57,"child":[{"type":"Image","props":{"width":110,"skin":"TJ/Promo/image/jx8.png","name":"icon","height":110,"centerY":-10,"centerX":0,"anchorY":0.5,"anchorX":0.5},"compId":58,"child":[{"type":"Image","props":{"width":23,"visible":false,"skin":"TJ/Promo/image/y1.png","name":"flag1","height":23,"centerY":-50,"centerX":50,"anchorY":0.5,"anchorX":0.5},"compId":59},{"type":"Image","props":{"width":45,"visible":false,"skin":"TJ/Promo/image/hb2.png","name":"flag2","height":23,"centerY":-50,"centerX":45,"anchorY":0.5,"anchorX":0.5},"compId":60},{"type":"Image","props":{"width":45,"visible":false,"skin":"TJ/Promo/image/rm3.png","name":"flag3","height":23,"centerY":-50,"centerX":45,"anchorY":0.5,"anchorX":0.5},"compId":61}]},{"type":"Script","props":{"runtime":"TJ/Promo/script/PromoItem.ts"},"compId":62},{"type":"Script","props":{"runtime":"TJ/Promo/script/ButtonScale.ts"},"compId":63},{"type":"Label","props":{"x":0,"wordWrap":false,"width":126,"valign":"middle","text":"游戏名字","name":"name","multiline":false,"mouseEnabled":false,"height":21,"fontSize":18,"editable":false,"color":"#ffffff","centerY":60,"centerX":0,"anchorY":0.5,"anchorX":0.5,"align":"center"},"compId":64}]}]}]},{"type":"Script","props":{"runtime":"TJ/Promo/script/P204.ts"},"compId":65}]},{"type":"Box","props":{"width":112,"name":"P201","height":138,"centerY":-350,"centerX":-289,"anchorY":0.5,"anchorX":0.5},"compId":67,"child":[{"type":"Image","props":{"width":102,"skin":"TJ/Promo/image/jx8.png","name":"icon","height":102,"centerY":-13,"centerX":0,"anchorY":0.5,"anchorX":0.5},"compId":68,"child":[{"type":"Image","props":{"width":112,"skin":"TJ/Promo/image/kk2.png","name":"kk","height":138,"centerY":13,"centerX":0},"compId":69},{"type":"Image","props":{"width":23,"visible":false,"skin":"TJ/Promo/image/y1.png","name":"flag1","height":23,"centerY":-45,"centerX":45,"anchorY":0.5,"anchorX":0.5},"compId":70},{"type":"Image","props":{"width":45,"visible":false,"skin":"TJ/Promo/image/hb2.png","name":"flag2","height":23,"centerY":-44,"centerX":40,"anchorY":0.5,"anchorX":0.5},"compId":71},{"type":"Image","props":{"width":45,"visible":false,"skin":"TJ/Promo/image/rm3.png","name":"flag3","height":23,"centerY":-44,"centerX":40,"anchorY":0.5,"anchorX":0.5},"compId":72}]},{"type":"Label","props":{"wordWrap":false,"width":105,"valign":"middle","text":"这里是游戏名称","name":"name","multiline":false,"mouseEnabled":false,"height":18,"fontSize":15,"editable":false,"centerY":54,"centerX":0,"anchorY":0.5,"anchorX":0.5,"align":"center"},"compId":73},{"type":"Script","props":{"runtime":"TJ/Promo/script/PromoItem.ts"},"compId":74},{"type":"Script","props":{"runtime":"TJ/Promo/script/ButtonScale.ts"},"compId":75},{"type":"Script","props":{"shake":true,"runtime":"TJ/Promo/script/P201.ts"},"compId":76}]},{"type":"Box","props":{"width":112,"name":"P201","height":138,"centerY":-181,"centerX":-289,"anchorY":0.5,"anchorX":0.5},"compId":77,"child":[{"type":"Image","props":{"width":102,"skin":"TJ/Promo/image/jx8.png","name":"icon","height":102,"centerY":-13,"centerX":0,"anchorY":0.5,"anchorX":0.5},"compId":78,"child":[{"type":"Image","props":{"width":112,"skin":"TJ/Promo/image/kk2.png","name":"kk","height":138,"centerY":13,"centerX":0},"compId":79},{"type":"Image","props":{"width":23,"visible":false,"skin":"TJ/Promo/image/y1.png","name":"flag1","height":23,"centerY":-45,"centerX":45,"anchorY":0.5,"anchorX":0.5},"compId":80},{"type":"Image","props":{"width":45,"visible":false,"skin":"TJ/Promo/image/hb2.png","name":"flag2","height":23,"centerY":-44,"centerX":40,"anchorY":0.5,"anchorX":0.5},"compId":81},{"type":"Image","props":{"width":45,"visible":false,"skin":"TJ/Promo/image/rm3.png","name":"flag3","height":23,"centerY":-44,"centerX":40,"anchorY":0.5,"anchorX":0.5},"compId":82}]},{"type":"Label","props":{"wordWrap":false,"width":105,"valign":"middle","text":"这里是游戏名称","name":"name","multiline":false,"mouseEnabled":false,"height":18,"fontSize":15,"editable":false,"centerY":54,"centerX":0,"anchorY":0.5,"anchorX":0.5,"align":"center"},"compId":83},{"type":"Script","props":{"runtime":"TJ/Promo/script/PromoItem.ts"},"compId":84},{"type":"Script","props":{"runtime":"TJ/Promo/script/ButtonScale.ts"},"compId":85},{"type":"Script","props":{"shake":true,"runtime":"TJ/Promo/script/P201.ts"},"compId":86}]}],"loadList":["UI_new/conmmon/bg_yeloow.png","prefab/house.prefab","UI_new/GameStart/location_btn.png","UI_new/GameStart/icon_box01.png","UI_new/GameStart/icon_unlock.png","UI_new/wrod/word_customs_02.png","UI_new/wrod/di.png","UI_new/wrod/guan.png","UI_new/GameStart/ui_line.png","UI_new/GameStart/board_01_btn.png","UI_new/GameStart/person_gongzhu.png","UI_new/GameStart/word_pifu.png","UI_new/GameStart/start_btn.png","UI_new/GameStart/word_start.png","TJ/Promo/image/jx6.png","TJ/Promo/image/jx8.png","TJ/Promo/image/y1.png","TJ/Promo/image/hb2.png","TJ/Promo/image/rm3.png","TJ/Promo/image/kk2.png"],"loadList3D":[]}