{"type":"View","props":{"width":720,"height":1280},"compId":2,"child":[{"type":"Image","props":{"y":0,"x":0,"width":720,"var":"background","skin":"UI_new/conmmon/bg_blackmask.png","sizeGrid":"5,6,5,10","name":"background","height":1280,"alpha":1},"compId":8},{"type":"Script","props":{"runtime":"script/Game/UIVictory.ts"},"compId":7},{"type":"Sprite","props":{"y":640,"x":351,"width":582,"var":"sceneContent","pivotY":451,"pivotX":288,"name":"sceneContent","height":902},"compId":10,"child":[{"type":"Sprite","props":{"y":955,"x":291,"width":94,"var":"BtnBack","texture":"UI_new/conmmon/word_back.png","pivotY":23,"pivotX":47,"name":"BtnBack","height":45},"compId":34},{"type":"Sprite","props":{"y":-23,"x":8.5,"texture":"UI_new/Victory/ui_board_02.png","alpha":1},"compId":11},{"type":"Sprite","props":{"y":22,"x":152,"texture":"UI_new/Victory/logo_victory.png"},"compId":13},{"type":"Sprite","props":{"y":-60,"x":-65.5,"texture":"UI_new/Victory/ui_01.png"},"compId":12},{"type":"Sprite","props":{"y":840,"x":291,"width":79,"var":"BtnNext","texture":"UI_new/conmmon/word_last.png","pivotY":14,"pivotX":40,"name":"BtnNext","height":28},"compId":14},{"type":"Sprite","props":{"y":606,"x":291,"width":242,"visible":true,"var":"BtnGoldAdv","texture":"UI_new/Victory/rede_btn.png","pivotY":66,"pivotX":121,"name":"BtnGoldAdv","height":131,"alpha":1},"compId":15,"child":[{"type":"Sprite","props":{"y":29,"x":14,"texture":"UI_new/Victory/icon_adv_green.png"},"compId":16},{"type":"Sprite","props":{"y":40,"x":76,"texture":"UI_new/Victory/word_threeget.png"},"compId":17}]},{"type":"FontClip","props":{"y":259,"x":282,"width":228,"var":"LvNum","value":"15","spaceX":-25,"skin":"UI_new/wrod/word_customs.png","sheet":"0123456789","pivotY":27,"pivotX":114,"name":"LvNum","height":53,"align":"center"},"compId":25,"child":[{"type":"Sprite","props":{"y":0,"x":20,"texture":"UI_new/wrod/di.png"},"compId":26},{"type":"Sprite","props":{"y":0,"x":168,"texture":"UI_new/wrod/guan.png"},"compId":28}]},{"type":"Sprite","props":{"y":744,"x":291,"width":242,"visible":true,"var":"BtnShare","texture":"UI_new/Victory/green_btn.png","pivotY":66,"pivotX":121,"name":"BtnShare","height":131,"alpha":1},"compId":18,"child":[{"type":"Sprite","props":{"y":40,"x":112,"texture":"UI_new/conmmon/word_share.png"},"compId":32},{"type":"Sprite","props":{"y":28.5,"x":43,"texture":"UI_new/conmmon/icon_share.png"},"compId":33}]},{"type":"Sprite","props":{"y":361,"x":288,"width":143,"var":"GetGold","pivotY":59,"pivotX":72,"name":"GetGold","height":182},"compId":22,"child":[{"type":"FontClip","props":{"y":148,"x":64,"width":189,"var":"GoldNum","value":"x30","spaceX":-20,"skin":"UI_new/wrod/word_goldnum.png","sheet":"x0123456789","scaleY":0.65,"scaleX":0.65,"pivotY":30,"pivotX":95,"name":"GoldNum","height":60,"align":"center"},"compId":24},{"type":"Sprite","props":{"y":62,"x":74,"var":"GoldPre","presetID":1,"name":"GoldPre","width":115,"pivotY":56,"pivotX":58,"isPresetRoot":true,"height":111},"compId":23,"child":[{"type":"Image","props":{"presetID":2,"skin":"UI_new/Victory/icon_biggold.png"},"compId":58}]}]},{"type":"Box","props":{"width":112,"visible":false,"name":"P201","height":138,"centerY":-147,"centerX":-200,"anchorY":0.5,"anchorX":0.5},"compId":35,"child":[{"type":"Image","props":{"width":102,"skin":"TJ/Promo/image/jx8.png","name":"icon","height":102,"centerY":-13,"centerX":0,"anchorY":0.5,"anchorX":0.5},"compId":36,"child":[{"type":"Image","props":{"width":112,"skin":"TJ/Promo/image/kk2.png","name":"kk","height":138,"centerY":13,"centerX":0},"compId":37},{"type":"Image","props":{"width":23,"visible":false,"skin":"TJ/Promo/image/y1.png","name":"flag1","height":23,"centerY":-45,"centerX":45,"anchorY":0.5,"anchorX":0.5},"compId":38},{"type":"Image","props":{"width":45,"visible":false,"skin":"TJ/Promo/image/hb2.png","name":"flag2","height":23,"centerY":-44,"centerX":40,"anchorY":0.5,"anchorX":0.5},"compId":39},{"type":"Image","props":{"width":45,"visible":false,"skin":"TJ/Promo/image/rm3.png","name":"flag3","height":23,"centerY":-44,"centerX":40,"anchorY":0.5,"anchorX":0.5},"compId":40}]},{"type":"Label","props":{"wordWrap":false,"width":105,"valign":"middle","text":"这里是游戏名称","name":"name","multiline":false,"mouseEnabled":false,"height":18,"fontSize":15,"editable":false,"centerY":54,"centerX":0,"anchorY":0.5,"anchorX":0.5,"align":"center"},"compId":41},{"type":"Script","props":{"runtime":"TJ/Promo/script/PromoItem.ts"},"compId":42},{"type":"Script","props":{"runtime":"TJ/Promo/script/ButtonScale.ts"},"compId":43},{"type":"Script","props":{"shake":true,"runtime":"TJ/Promo/script/P201.ts"},"compId":44}]},{"type":"Box","props":{"width":112,"visible":false,"name":"P201","height":138,"centerY":-147,"centerX":194,"anchorY":0.5,"anchorX":0.5},"compId":45,"child":[{"type":"Image","props":{"width":102,"skin":"TJ/Promo/image/jx8.png","name":"icon","height":102,"centerY":-13,"centerX":0,"anchorY":0.5,"anchorX":0.5},"compId":46,"child":[{"type":"Image","props":{"width":112,"skin":"TJ/Promo/image/kk2.png","name":"kk","height":138,"centerY":13,"centerX":0},"compId":47},{"type":"Image","props":{"width":23,"visible":false,"skin":"TJ/Promo/image/y1.png","name":"flag1","height":23,"centerY":-45,"centerX":45,"anchorY":0.5,"anchorX":0.5},"compId":48},{"type":"Image","props":{"width":45,"visible":false,"skin":"TJ/Promo/image/hb2.png","name":"flag2","height":23,"centerY":-44,"centerX":40,"anchorY":0.5,"anchorX":0.5},"compId":49},{"type":"Image","props":{"width":45,"visible":false,"skin":"TJ/Promo/image/rm3.png","name":"flag3","height":23,"centerY":-44,"centerX":40,"anchorY":0.5,"anchorX":0.5},"compId":50}]},{"type":"Label","props":{"wordWrap":false,"width":105,"valign":"middle","text":"这里是游戏名称","name":"name","multiline":false,"mouseEnabled":false,"height":18,"fontSize":15,"editable":false,"centerY":54,"centerX":0,"anchorY":0.5,"anchorX":0.5,"align":"center"},"compId":51},{"type":"Script","props":{"runtime":"TJ/Promo/script/PromoItem.ts"},"compId":52},{"type":"Script","props":{"runtime":"TJ/Promo/script/ButtonScale.ts"},"compId":53},{"type":"Script","props":{"shake":true,"runtime":"TJ/Promo/script/P201.ts"},"compId":54}]},{"type":"Sprite","props":{"y":49.5,"x":109,"width":43,"height":39},"compId":57},{"type":"Sprite","props":{"y":141.5,"x":578,"width":43,"height":39},"compId":55},{"type":"Sprite","props":{"y":141.5,"x":-21.5,"width":43,"height":39},"compId":56}]}],"loadList":["UI_new/conmmon/bg_blackmask.png","UI_new/conmmon/word_back.png","UI_new/Victory/ui_board_02.png","UI_new/Victory/logo_victory.png","UI_new/Victory/ui_01.png","UI_new/conmmon/word_last.png","UI_new/Victory/rede_btn.png","UI_new/Victory/icon_adv_green.png","UI_new/Victory/word_threeget.png","UI_new/wrod/word_customs.png","UI_new/wrod/di.png","UI_new/wrod/guan.png","UI_new/Victory/green_btn.png","UI_new/conmmon/word_share.png","UI_new/conmmon/icon_share.png","UI_new/wrod/word_goldnum.png","prefab/GoldPre.prefab","TJ/Promo/image/jx8.png","TJ/Promo/image/kk2.png","TJ/Promo/image/y1.png","TJ/Promo/image/hb2.png","TJ/Promo/image/rm3.png"],"loadList3D":[]}