{"type":"View","props":{"width":720,"height":1280},"compId":2,"child":[{"type":"Image","props":{"y":0,"x":0,"width":720,"var":"background","skin":"UI_new/conmmon/bg_blackmask.png","sizeGrid":"5,6,5,10","name":"background","height":1280,"alpha":1},"compId":8},{"type":"Script","props":{"runtime":"script/Game/UIVictory.ts"},"compId":7},{"type":"Sprite","props":{"y":643,"x":354,"width":582,"var":"sceneContent","pivotY":451,"pivotX":288,"name":"sceneContent","height":902},"compId":10,"child":[{"type":"Sprite","props":{"y":955,"x":294,"width":94,"var":"BtnBack","texture":"UI_new/conmmon/word_back.png","pivotY":23,"pivotX":47,"name":"BtnBack","height":45},"compId":34},{"type":"Sprite","props":{"y":-23,"x":8.5,"texture":"UI_new/Victory/ui_board_02.png","alpha":1},"compId":11},{"type":"Sprite","props":{"y":22,"x":152,"texture":"UI_new/Victory/logo_victory.png"},"compId":13},{"type":"Sprite","props":{"y":-60,"x":-65.5,"texture":"UI_new/Victory/ui_01.png"},"compId":12},{"type":"Sprite","props":{"y":835,"x":290,"width":79,"var":"BtnLast","texture":"UI_new/conmmon/word_last.png","pivotY":14,"pivotX":40,"name":"BtnLast","height":28},"compId":14},{"type":"Sprite","props":{"y":606,"x":285,"width":242,"visible":true,"var":"BtnGoldAdv","texture":"UI_new/Victory/rede_btn.png","pivotY":66,"pivotX":121,"name":"BtnGoldAdv","height":131,"alpha":1},"compId":15,"child":[{"type":"Sprite","props":{"y":29,"x":14,"texture":"UI_new/Victory/icon_adv_green.png"},"compId":16},{"type":"Sprite","props":{"y":40,"x":76,"texture":"UI_new/Victory/word_threeget.png"},"compId":17}]},{"type":"FontClip","props":{"y":259,"x":282,"width":228,"var":"LvNum","value":"15","spaceX":-25,"skin":"UI_new/wrod/word_customs.png","sheet":"0123456789","pivotY":27,"pivotX":114,"name":"LvNum","height":53,"align":"center"},"compId":25,"child":[{"type":"Sprite","props":{"y":0,"x":20,"texture":"UI_new/wrod/di.png"},"compId":26},{"type":"Sprite","props":{"y":0,"x":168,"texture":"UI_new/wrod/guan.png"},"compId":28}]},{"type":"Sprite","props":{"y":740,"x":285,"width":242,"visible":true,"var":"BtnShare","texture":"UI_new/Victory/green_btn.png","pivotY":66,"pivotX":121,"name":"BtnExAdv","height":131,"alpha":1},"compId":18,"child":[{"type":"Sprite","props":{"y":40,"x":112,"texture":"UI_new/conmmon/word_share.png"},"compId":32},{"type":"Sprite","props":{"y":28.5,"x":43,"texture":"UI_new/conmmon/icon_share.png"},"compId":33}]},{"type":"Sprite","props":{"y":393,"x":288,"width":143,"var":"GetGold","pivotY":91,"pivotX":72,"name":"GetGold","height":182},"compId":22,"child":[{"type":"FontClip","props":{"y":148,"x":64,"width":189,"value":"x30","spaceX":-20,"skin":"UI_new/wrod/word_goldnum.png","sheet":"x0123456789","scaleY":0.65,"scaleX":0.65,"pivotY":30,"pivotX":95,"name":"Num","height":60,"align":"center"},"compId":24},{"type":"Sprite","props":{"y":6,"x":16,"texture":"UI_new/Victory/icon_biggold.png"},"compId":23}]}]}],"loadList":["UI_new/conmmon/bg_blackmask.png","UI_new/conmmon/word_back.png","UI_new/Victory/ui_board_02.png","UI_new/Victory/logo_victory.png","UI_new/Victory/ui_01.png","UI_new/conmmon/word_last.png","UI_new/Victory/rede_btn.png","UI_new/Victory/icon_adv_green.png","UI_new/Victory/word_threeget.png","UI_new/wrod/word_customs.png","UI_new/wrod/di.png","UI_new/wrod/guan.png","UI_new/Victory/green_btn.png","UI_new/conmmon/word_share.png","UI_new/conmmon/icon_share.png","UI_new/wrod/word_goldnum.png","UI_new/Victory/icon_biggold.png"],"loadList3D":[]}