{"type":"View","props":{"width":720,"height":1280},"compId":2,"child":[{"type":"Sprite","props":{"y":0,"x":0,"texture":"UI_new/PifuXd/xiaoguotu.jpg"},"compId":43},{"type":"Image","props":{"y":640,"x":360,"width":720,"var":"background","skin":"UI_new/conmmon/bg_yeloow.png","pivotY":640,"pivotX":360,"name":"background","height":1280,"alpha":1},"compId":4,"child":[{"type":"Sprite","props":{"y":0,"x":0,"var":"background_01","texture":"UI_new/conmmon/bg_blackmask.png","name":"background_01"},"compId":47},{"type":"Sprite","props":{"y":63,"x":74,"width":94,"var":"BtnBack","texture":"UI_new/conmmon/word_back.png","pivotY":23,"pivotX":47,"name":"BtnBack","height":45},"compId":10}]},{"type":"Sprite","props":{"y":677,"x":360,"width":635,"var":"SceneContent","pivotY":487,"pivotX":318,"name":"SceneContent","height":974},"compId":5,"child":[{"type":"Sprite","props":{"y":-56,"x":81,"texture":"UI_new/PifuXd/logo_board.png"},"compId":44},{"type":"Sprite","props":{"y":39,"x":361,"var":"logo","texture":"UI_new/PifuXd/logo.png","pivotY":34,"pivotX":241,"name":"logo","alpha":1},"compId":11},{"type":"Sprite","props":{"y":369,"x":298,"var":"person","texture":"UI_new/Pifu/pifu_09_aisha.png","pivotY":231,"pivotX":126,"name":"person"},"compId":40},{"type":"Sprite","props":{"y":762,"x":333,"var":"BtnGet","texture":"UI_new/PifuXd/adv_btn.png","pivotY":67,"pivotX":180,"name":"BtnGet","alpha":1},"compId":27,"child":[{"type":"Sprite","props":{"y":42,"x":21,"texture":"UI_new/conmmon/icon_adv_big.png"},"compId":33},{"type":"Label","props":{"y":109,"x":191,"width":154,"valign":"middle","text":"（0/3）","pivotY":19,"pivotX":77,"name":"Num","height":38,"fontSize":38,"font":"Microsoft YaHei","color":"#ffffff","bold":true,"align":"center"},"compId":36},{"type":"Label","props":{"y":52,"x":192,"width":184,"valign":"middle","text":"免费领取","pivotY":19,"pivotX":92,"height":38,"fontSize":44,"font":"Microsoft YaHei","color":"#ffffff","bold":true,"align":"center"},"compId":45}]},{"type":"Sprite","props":{"y":644,"x":317,"width":290,"texture":"UI_new/PifuXd/word_dec.png","pivotY":12,"pivotX":145,"height":24},"compId":46}]},{"type":"Script","props":{"runtime":"script/Game/UIXDpifu.ts"},"compId":38}],"loadList":["UI_new/PifuXd/xiaoguotu.jpg","UI_new/conmmon/bg_yeloow.png","UI_new/conmmon/bg_blackmask.png","UI_new/conmmon/word_back.png","UI_new/PifuXd/logo_board.png","UI_new/PifuXd/logo.png","UI_new/Pifu/pifu_09_aisha.png","UI_new/PifuXd/adv_btn.png","UI_new/conmmon/icon_adv_big.png","UI_new/PifuXd/word_dec.png"],"loadList3D":[]}